м-площадь-революции-выход-No10-сразу-на-выходе-из-метро-у-ресторана-старая-башня-вас-встретит-гид-с-табличкои-любимыи-го|м. Площадь Революции, выход №10, сразу на выходе из метро у ресторана Старая Башня вас встретит гид с табличкой Любимый город|Москва|CLUB_BAR_RESTAURANT|125|t|t|t|f|f|t|f|NO_HOOKFACT, NO_WAYTOFIND, COPIES_TITLE, THIN|REWRITE
место-встречи-в-центре-зала-ст-м-площадь-революции-на-платформе-где-ходят-поезда-вас-встретит-гид-с-табличкои-любимыи-го|Место встречи: в центре зала ст.м.Площадь Революции (на платформе, где ходят поезда) вас встретит гид с табличкой Любимый город|Москва|CONCERT_HALL|127|t|t|t|f|f|t|f|NO_HOOKFACT, NO_WAYTOFIND, COPIES_TITLE, THIN|REWRITE
saint-petersburg-pamyatnik-aleksandru-pushkinu-na-ploschadi-iskusstv|Памятник Александру Пушкину на площади Искусств|Санкт-Петербург|MONUMENT|156|f|f|t|f|f|t|t|COPIES_TITLE, THIN|REWRITE
dom-muzei-echpochmaka-6764217cc0810840a0cd84fa|Дом-музей ЭЧПОЧМАКА|Казань|MUSEUM_ART_SPACE|211|t|t|f|t|t|t|t|NO_HOOKFACT, NO_WAYTOFIND, EMOJI, CLICHE, THIN|REWRITE
chelseahall-6a44d22384435bb59c170b63|ChelseaHall|Воскресенск|CONCERT_HALL|505|t|t|f|t|f|f|t|NO_HOOKFACT, NO_WAYTOFIND, EMOJI|REWRITE
saint-petersburg-tsarskoselskiy-litsey|Царскосельский лицей|Санкт-Петербург|ATTRACTION|120|t|t|f|f|f|t|t|NO_HOOKFACT, NO_WAYTOFIND, THIN|FILL_MISSING
saint-petersburg-nizhniy-park-petergofa|Нижний парк Петергофа|Санкт-Петербург|PARK|121|t|t|f|f|f|t|t|NO_HOOKFACT, NO_WAYTOFIND, THIN|FILL_MISSING
fish-fabrique-nouvelle-66745759ad75e08719193221|Fish Fabrique Nouvelle|Санкт-Петербург|CLUB_BAR_RESTAURANT|123|t|t|f|f|f|t|f|NO_HOOKFACT, NO_WAYTOFIND, THIN|FILL_MISSING
кальян-бар-try-680fb092df6e7d4b5f224ee0|Кальян-бар TRY|Москва|CLUB_BAR_RESTAURANT|124|t|t|f|f|f|t|f|NO_HOOKFACT, NO_WAYTOFIND, THIN|FILL_MISSING
кофеиня-merencoffee-6a9fe38f9afa1bf4980c5bac|кофейня MERENCOFFEE|Санкт-Петербург|THEATER|125|t|t|f|f|f|t|f|NO_HOOKFACT, NO_WAYTOFIND, THIN|FILL_MISSING
saint-petersburg-art-kafe-brodyachaya-sobaka|Арт-кафе «Бродячая собака»|Санкт-Петербург|GASTRO|126|t|t|f|f|f|t|t|NO_HOOKFACT, NO_WAYTOFIND, THIN|FILL_MISSING
saint-petersburg-ekaterininskiy-dvorets|Екатерининский дворец|Санкт-Петербург|ATTRACTION|129|t|t|f|f|f|t|t|NO_HOOKFACT, NO_WAYTOFIND, THIN|FILL_MISSING
osobnyak-myasnikova-69d6989a70a3e5c717a370ec|Особняк Мясникова|Санкт-Петербург|CONCERT_HALL|129|t|t|f|f|f|t|t|NO_HOOKFACT, NO_WAYTOFIND, THIN|FILL_MISSING
saint-petersburg-vyborgskiy-zamok|Выборгский замок|Санкт-Петербург|ATTRACTION|130|t|t|f|f|f|t|t|NO_HOOKFACT, NO_WAYTOFIND, THIN|FILL_MISSING
vechernyaya-moskva-63fdf3efb5e5efc7f84eec4f|Вечерняя Москва|Москва|THEATER|131|t|t|f|f|f|t|t|NO_HOOKFACT, NO_WAYTOFIND, THIN|FILL_MISSING
kaliningrad-shvedskaya-krepost-pillau|Шведская крепость Пиллау|Калининград|ATTRACTION|131|t|t|f|f|f|t|t|NO_HOOKFACT, NO_WAYTOFIND, THIN|FILL_MISSING
koncert-pab-myasnoi-bro-65f1e2f0536e88261cefa45f|Концерт-паб "Мясной BRO"|Анапа|CONCERT_HALL|132|t|t|f|f|f|t|t|NO_HOOKFACT, NO_WAYTOFIND, THIN|FILL_MISSING
saint-petersburg-skalnyy-park-monrepo|Скальный парк Монрепо|Санкт-Петербург|PARK|132|t|t|f|f|f|t|t|NO_HOOKFACT, NO_WAYTOFIND, THIN|FILL_MISSING
клуб-cult-658767bd0120ba10c650c36d|Клуб "Cult"|Санкт-Петербург|CLUB_BAR_RESTAURANT|132|t|t|f|f|t|t|f|NO_HOOKFACT, NO_WAYTOFIND, CLICHE, THIN|FILL_MISSING
saint-petersburg-muzey-voenno-morskoy-slavy|Музей военно-морской славы|Санкт-Петербург|MUSEUM_ART_SPACE|133|t|t|f|f|f|t|t|NO_HOOKFACT, NO_WAYTOFIND, THIN|FILL_MISSING
standup-bar-krasnodar-6472397e7f7c61753daaa29a|Standup Bar Krasnodar|Краснодар|CLUB_BAR_RESTAURANT|133|t|t|f|f|f|t|t|NO_HOOKFACT, NO_WAYTOFIND, THIN|FILL_MISSING
bar-escobar-68306600d8b62d461d93d399|Бар Escobar|Москва|CLUB_BAR_RESTAURANT|133|t|t|f|f|f|t|t|NO_HOOKFACT, NO_WAYTOFIND, THIN|FILL_MISSING
saint-petersburg-morskoy-nikolskiy-sobor|Морской Никольский собор|Санкт-Петербург|TEMPLE|133|t|t|f|f|f|t|t|NO_HOOKFACT, NO_WAYTOFIND, THIN|FILL_MISSING
art-lab-medovarus-5f497fb21ff352e2ffa13b77|Art Lab Medovarus|Санкт-Петербург|CONCERT_HALL|134|t|t|f|f|f|t|t|NO_HOOKFACT, NO_WAYTOFIND, THIN|FILL_MISSING
штопор-рок-бар-64c3cfde65660135aec56a2a|ШТОПОР рок-бар|Москва|CLUB_BAR_RESTAURANT|139|t|t|f|f|f|t|f|NO_HOOKFACT, NO_WAYTOFIND, THIN|FILL_MISSING
bar-cpr-6a4931f2ff3ccc140c28d111|Бар ЦПР|Санкт-Петербург|THEATER|141|t|t|f|f|f|t|t|NO_HOOKFACT, NO_WAYTOFIND, THIN|FILL_MISSING
rock-bar-p-i-tch-6a7d9abe935abb68a5241662|Rock Bar P.I.TCH|Чайковский|CLUB_BAR_RESTAURANT|142|t|t|f|f|f|t|f|NO_HOOKFACT, NO_WAYTOFIND, THIN|FILL_MISSING
saint-petersburg-prioratskiy-dvorets|Приоратский дворец|Санкт-Петербург|ATTRACTION|142|t|t|f|f|t|t|t|NO_HOOKFACT, NO_WAYTOFIND, CLICHE, THIN|FILL_MISSING
параллель-56-684134b3ae00e3c2143e0cfa|Параллель 56|Владимир|CLUB_BAR_RESTAURANT|143|t|t|f|f|f|t|f|NO_HOOKFACT, NO_WAYTOFIND, THIN|FILL_MISSING
музеи-любви-675ae7aacbc27da2f33048b6|Музей Любви|Санкт-Петербург|MUSEUM_ART_SPACE|144|t|t|f|f|f|t|f|NO_HOOKFACT, NO_WAYTOFIND, THIN|FILL_MISSING
teatr-etno-6a3c1ac000bea50f7e097fd9|Театр "Этно"|Санкт-Петербург|THEATER|145|t|t|f|f|f|t|t|NO_HOOKFACT, NO_WAYTOFIND, THIN|FILL_MISSING
novosibirskaya-specialnaya-muzykalnaya-shkola-66a53013f4b1980787e3c686|Новосибирская специальная музыкальная школа|Новосибирск|CONCERT_HALL|145|t|t|f|f|f|t|t|NO_HOOKFACT, NO_WAYTOFIND, THIN|FILL_MISSING
особняк-купцов-хусаиновых-69e452b0f51c4f2a3902aaa6|Особняк купцов Хусаиновых|Оренбург|MUSEUM_ART_SPACE|146|t|t|f|f|t|t|f|NO_HOOKFACT, NO_WAYTOFIND, CLICHE, THIN|FILL_MISSING
saint-petersburg-spikizi-bar-el-copitas|Спикизи-бар «El Copitas»|Санкт-Петербург|GASTRO|147|t|t|f|f|f|t|t|NO_HOOKFACT, NO_WAYTOFIND, THIN|FILL_MISSING
saint-petersburg-literaturnoe-kafe-volf-i-beranzhe|Литературное кафе (Вольф и Беранже)|Санкт-Петербург|GASTRO|147|t|t|f|f|f|t|t|NO_HOOKFACT, NO_WAYTOFIND, THIN|FILL_MISSING
saint-petersburg-dvorets-beloselskih-belozerskih|Дворец Белосельских-Белозерских|Санкт-Петербург|ATTRACTION|150|t|t|f|f|f|t|t|NO_HOOKFACT, NO_WAYTOFIND, THIN|FILL_MISSING
арт-пространство-сад-искусств-6714f68f3a6a23ac2596313a|Арт-пространство "Сад Искусств"|Санкт-Петербург|THEATER|150|t|t|f|f|f|t|f|NO_HOOKFACT, NO_WAYTOFIND, THIN|FILL_MISSING
the-rock-bar-58aa24a1515e35001546b75d|The Rock Bar|Краснодар|CONCERT_HALL|151|t|t|f|f|f|t|t|NO_HOOKFACT, NO_WAYTOFIND, THIN|FILL_MISSING
saint-petersburg-rotonda-na-gorohovoy|Ротонда на Гороховой|Санкт-Петербург|ATTRACTION|151|t|t|f|f|f|t|t|NO_HOOKFACT, NO_WAYTOFIND, THIN|FILL_MISSING
причал-по-рекам-каналам-на-наб-реки-карповки-13-69f46e1390bef1cc41ce761f|Причал "По рекам-каналам" на наб.реки Карповки, 13|Санкт-Петербург|CONCERT_HALL|152|t|t|f|f|f|t|f|NO_HOOKFACT, NO_WAYTOFIND, THIN|FILL_MISSING
le-bourg-1905-655b57684fe6077eeab182b3|Le Bourg 1905|Екатеринбург|CONCERT_HALL|152|t|t|f|f|f|t|t|NO_HOOKFACT, NO_WAYTOFIND, THIN|FILL_MISSING
saint-petersburg-bertgold-tsentr|Бертгольд Центр|Санкт-Петербург|ATTRACTION|152|t|t|f|f|f|t|t|NO_HOOKFACT, NO_WAYTOFIND, THIN|FILL_MISSING
saint-petersburg-literaturno-memorialnyy-muzey-dostoevskogo|Литературно-мемориальный музей Достоевского|Санкт-Петербург|MUSEUM_ART_SPACE|153|t|t|f|f|f|t|t|NO_HOOKFACT, NO_WAYTOFIND, THIN|FILL_MISSING
fish-fabrique-5c9a6683ed5068000c1f45ce|FISH FABRIQUE|Санкт-Петербург|CLUB_BAR_RESTAURANT|155|t|t|f|f|f|t|f|NO_HOOKFACT, NO_WAYTOFIND, THIN|FILL_MISSING
kvartira-s-vidom-655ce67781e0bc3067a455d1|Квартира с видом|Москва|CONCERT_HALL|157|t|t|f|f|f|t|t|NO_HOOKFACT, NO_WAYTOFIND, THIN|FILL_MISSING
teplohod-rio1-69dd1a2f926f26722c56cdbd|Теплоход "РИО1"|Москва|PIER|157|t|t|f|f|f|t|t|NO_HOOKFACT, NO_WAYTOFIND, THIN|FILL_MISSING
veranda-kitaiskogo-letchika-dzhao-da-6a47b47484bce9a476f74c94|Веранда Китайского Летчика Джао Да|Москва|CONCERT_HALL|160|t|t|f|f|f|t|t|NO_HOOKFACT, NO_WAYTOFIND, THIN|FILL_MISSING
бар-винзавод-67dd8097b3376571678180a0|бар Винзавод|Краснодар|CLUB_BAR_RESTAURANT|160|t|t|f|f|f|t|f|NO_HOOKFACT, NO_WAYTOFIND, THIN|FILL_MISSING
saint-petersburg-restoran-koryushka|Ресторан «Корюшка»|Санкт-Петербург|GASTRO|160|t|t|f|f|f|t|t|NO_HOOKFACT, NO_WAYTOFIND, THIN|FILL_MISSING
saint-petersburg-osobnyak-kelha|Особняк Кельха|Санкт-Петербург|ATTRACTION|160|t|t|f|f|f|t|t|NO_HOOKFACT, NO_WAYTOFIND, THIN|FILL_MISSING
бабушка-ракета-книжныи-особняк-и-кофеиня-6a990e2b5aaa3cc8187147ee|«Бабушка-ракета» - книжный особняк и кофейня|Краснодар|CONCERT_HALL|161|t|t|f|f|f|t|f|NO_HOOKFACT, NO_WAYTOFIND, THIN|FILL_MISSING
koncert-holl-693ab1b1af349b1c0aa2d88e|Концерт ХОЛЛ|Ставрополь|CONCERT_HALL|162|t|t|f|f|f|t|t|NO_HOOKFACT, NO_WAYTOFIND, THIN|FILL_MISSING
театр-николая-захарова-в-светлогорске-6a63589d6dfec6a6d1a7e0b4|Театр Николая Захарова в Светлогорске|Калининград|THEATER|162|t|t|f|f|f|t|f|NO_HOOKFACT, NO_WAYTOFIND, THIN|FILL_MISSING
столичная-галерея-художников-6a97d63ebd63eeecae233c7b|Столичная Галерея Художников|Москва|MUSEUM_ART_SPACE|163|t|t|f|f|f|t|f|NO_HOOKFACT, NO_WAYTOFIND, THIN|FILL_MISSING
теплоход-москва-99-6a4d040007d4af979f35e566|Воскресенская наб., 10|Санкт-Петербург|PIER|163|t|t|f|f|f|t|f|NO_HOOKFACT, NO_WAYTOFIND, THIN|FILL_MISSING
atlas-698bace91d0f60c8124016ca|Atlas|Москва|CONCERT_HALL|163|t|t|f|f|f|t|t|NO_HOOKFACT, NO_WAYTOFIND, THIN|FILL_MISSING
planetarii-1-5b30cfdd519f7b001a12d8be|Планетарий 1|Санкт-Петербург|MUSEUM_ART_SPACE|168|t|t|f|f|f|t|t|NO_HOOKFACT, NO_WAYTOFIND, THIN|FILL_MISSING
dom-aktera-5a66f563515e35001ecb7241|Дом Актера|Екатеринбург|THEATER|168|t|t|f|f|f|t|t|NO_HOOKFACT, NO_WAYTOFIND, THIN|FILL_MISSING
treff8-6260483b8c93398a4817cd89|TREFF8|Москва|THEATER|168|t|t|f|f|f|t|t|NO_HOOKFACT, NO_WAYTOFIND, THIN|FILL_MISSING
тц-комсомол-джои-паб-68590c27be006ec312dbe79f|ТЦ Комсомол, Джой Паб|Екатеринбург|THEATER|170|t|t|f|f|f|t|f|NO_HOOKFACT, NO_WAYTOFIND, THIN|FILL_MISSING
soho-rooms-59e5df33d35286001beeaeda|Soho Rooms|Москва|CONCERT_HALL|172|t|t|f|f|f|t|t|NO_HOOKFACT, NO_WAYTOFIND, THIN|FILL_MISSING
erarta|Музей современного искусства Эрарта|Санкт-Петербург|MUSEUM_ART_SPACE|173|t|t|f|f|f|t|t|NO_HOOKFACT, NO_WAYTOFIND, THIN|FILL_MISSING
saint-petersburg-muzey-anny-ahmatovoy-v-fontannom-dome|Музей Анны Ахматовой в Фонтанном доме|Санкт-Петербург|MUSEUM_ART_SPACE|173|t|t|f|f|f|t|t|NO_HOOKFACT, NO_WAYTOFIND, THIN|FILL_MISSING
saint-petersburg-pyshechnaya-na-bolshoy-konyushennoy|Пышечная на Большой Конюшенной|Санкт-Петербург|GASTRO|174|t|t|f|f|f|t|t|NO_HOOKFACT, NO_WAYTOFIND, THIN|FILL_MISSING
бар-парадныи-подъезд-6a6c7510001a555f841901b5|Бар «Парадный подъезд»|Санкт-Петербург|THEATER|174|t|t|f|f|f|t|f|NO_HOOKFACT, NO_WAYTOFIND, THIN|FILL_MISSING
vdnh-8af81f3a0643|ВДНХ|Москва|ATTRACTION|175|t|t|f|f|f|t|t|NO_HOOKFACT, NO_WAYTOFIND, THIN|FILL_MISSING
dvorcovaya-naberezhnaya-18-prichal-no4-681d44a7fc03029d63123730|Дворцовая набережная, 18|Санкт-Петербург|PIER|179|t|t|f|f|f|t|t|NO_HOOKFACT, NO_WAYTOFIND, THIN|FILL_MISSING
двор-No9-6a884d78c2d35f22ea670f6c|Двор №9|Санкт-Петербург|CLUB_BAR_RESTAURANT|183|t|t|f|f|f|t|f|NO_HOOKFACT, NO_WAYTOFIND, THIN|FILL_MISSING
saint-petersburg-admiralteystvo|Адмиралтейство|Санкт-Петербург|ATTRACTION|184|t|t|f|f|f|t|t|NO_HOOKFACT, NO_WAYTOFIND, THIN|FILL_MISSING
mariinskiy-teatr-3ffb1e35a442|Мариинский театр|Санкт-Петербург|THEATER|184|t|t|f|f|f|t|t|NO_HOOKFACT, NO_WAYTOFIND, THIN|FILL_MISSING
spas-na-krovi-995a65eafe4e|Спас на Крови|Санкт-Петербург|ATTRACTION|185|t|t|f|f|f|t|t|NO_HOOKFACT, NO_WAYTOFIND, THIN|FILL_MISSING
сплетни-by-anna-asti-69b8156f11ef8b1f70c1c34a|Сплетни by Anna Asti|Краснодар|CLUB_BAR_RESTAURANT|187|t|t|f|f|f|t|f|NO_HOOKFACT, NO_WAYTOFIND, THIN|FILL_MISSING
saint-petersburg-dohodnyy-dom-muruzi|Доходный дом Мурузи|Санкт-Петербург|ATTRACTION|188|t|t|f|f|f|t|t|NO_HOOKFACT, NO_WAYTOFIND, THIN|FILL_MISSING
ресторан-клуб-12-атм-5e496328714688fc6ade928e|Ресторан-клуб "12 АТМ"|Подольск|CLUB_BAR_RESTAURANT|188|t|t|f|f|f|t|f|NO_HOOKFACT, NO_WAYTOFIND, THIN|FILL_MISSING
saint-petersburg-tolstovskiy-dom|Толстовский дом|Санкт-Петербург|ATTRACTION|192|t|t|f|f|f|t|t|NO_HOOKFACT, NO_WAYTOFIND, THIN|FILL_MISSING
saint-petersburg-dohodnyy-dom-baka|Доходный дом Бака|Санкт-Петербург|ATTRACTION|194|t|t|f|f|t|t|t|NO_HOOKFACT, NO_WAYTOFIND, CLICHE, THIN|FILL_MISSING
театр-мимики-и-жеста-56e5219b9cb5380a96d39e87|Театр Мимики и Жеста|Москва|THEATER|195|t|t|f|f|f|t|f|NO_HOOKFACT, NO_WAYTOFIND, THIN|FILL_MISSING
gastro-teatr-nablyudatel-6903c89d4af74b764ae4ca01|Гастро-театр "Наблюдатель"|Москва|THEATER|196|t|t|f|f|t|t|t|NO_HOOKFACT, NO_WAYTOFIND, CLICHE, THIN|FILL_MISSING
dvorec-kultury-zheleznodorozhnikov-579b707c9cb538788c92fd61|Дворец культуры железнодорожников|Тула|THEATER|196|t|t|f|f|f|t|t|NO_HOOKFACT, NO_WAYTOFIND, THIN|FILL_MISSING
saint-petersburg-petropavlovskaya-krepost|Петропавловская крепость|Санкт-Петербург|ATTRACTION|199|t|t|f|f|f|t|t|NO_HOOKFACT, NO_WAYTOFIND, THIN|FILL_MISSING
угол-потемкинскои-улицы-и-воскресенскои-набережнои-86|Угол Потемкинской улицы и Воскресенской набережной|Санкт-Петербург|PIER|201|t|t|f|f|f|t|t|NO_HOOKFACT, NO_WAYTOFIND, THIN|FILL_MISSING
vstrecha-63505e99cc934a39066a3961|Встреча|Москва|SPORT_ACTIVITY_SPACE|201|t|t|f|f|f|t|t|NO_HOOKFACT, NO_WAYTOFIND, THIN|FILL_MISSING
luzhneckaya-naberezhnaya-prichal-luzhniki-yuzhnyi|Лужнецкая набережная, причал Лужники-Южный|Москва|PIER|201|t|t|f|f|f|t|t|NO_HOOKFACT, NO_WAYTOFIND, THIN|FILL_MISSING
prichal-na-nab-reki-fontanki-71-59-926449-30-328948-65f1b0a8a471ea32e7a902c4|Причал на наб. реки Фонтанки, 71 (59.926449, 30.328948)|Санкт-Петербург|PIER|202|t|t|f|f|f|t|t|NO_HOOKFACT, NO_WAYTOFIND, THIN|FILL_MISSING
prichal-na-fontanke-53|Причал на наб. реки Фонтанки, 51-53|Санкт-Петербург|PIER|203|t|t|f|f|f|t|t|NO_HOOKFACT, NO_WAYTOFIND, THIN|FILL_MISSING
ermitazh|Эрмитаж (Зимний дворец)|Санкт-Петербург|MUSEUM_ART_SPACE|203|t|t|f|f|f|t|t|NO_HOOKFACT, NO_WAYTOFIND, THIN|FILL_MISSING
киевскии-сектор-b-37|Киевский сектор «B»|Москва|PIER|204|t|t|f|f|f|t|t|NO_HOOKFACT, NO_WAYTOFIND, THIN|FILL_MISSING
лужники-северныи-19|Лужники - Северный|Москва|PIER|205|t|t|f|f|f|t|t|NO_HOOKFACT, NO_WAYTOFIND, THIN|FILL_MISSING
rzhavyi-klyuch-69689cd70797dd0aeaa0acd4|Ржавый Ключ|Ульяновск|CLUB_BAR_RESTAURANT|205|t|t|f|f|t|t|t|NO_HOOKFACT, NO_WAYTOFIND, CLICHE, THIN|FILL_MISSING
университетская-набережная-17-85|Университетская набережная 17|Санкт-Петербург|PIER|207|t|t|f|f|f|t|t|NO_HOOKFACT, NO_WAYTOFIND, THIN|FILL_MISSING
saint-petersburg-isaakievskiy-sobor|Исаакиевский собор|Санкт-Петербург|ATTRACTION|208|t|t|f|f|f|t|t|NO_HOOKFACT, NO_WAYTOFIND, THIN|FILL_MISSING
saint-petersburg-spas-na-krovi|Спас на Крови|Санкт-Петербург|ATTRACTION|209|t|t|f|f|t|t|t|NO_HOOKFACT, NO_WAYTOFIND, CLICHE, THIN|FILL_MISSING
китаи-город-устьинскии-сектор-c-42|Китай-город/Устьинский сектор «C»|Москва|PIER|211|t|t|f|f|f|t|t|NO_HOOKFACT, NO_WAYTOFIND, THIN|FILL_MISSING
saint-petersburg-kazanskiy-sobor|Казанский собор|Санкт-Петербург|TEMPLE|213|t|t|f|f|f|t|t|NO_HOOKFACT, NO_WAYTOFIND, THIN|FILL_MISSING
arthall-62dfa7a1188b79eab48cddef|ArtHall|Санкт-Петербург|CLUB_BAR_RESTAURANT|213|t|t|f|f|f|t|f|NO_HOOKFACT, NO_WAYTOFIND, THIN|FILL_MISSING
sputnik-bar-restoran-68f8d39c58f8d3dfc4a0f9e9|Спутник Бар-Ресторан|Москва|CLUB_BAR_RESTAURANT|214|t|t|f|f|f|t|t|NO_HOOKFACT, NO_WAYTOFIND, THIN|FILL_MISSING
китаи-город-устьинскии-сектор-b-41|Китай-город/Устьинский сектор «B»|Москва|PIER|214|t|t|f|f|f|t|t|NO_HOOKFACT, NO_WAYTOFIND, THIN|FILL_MISSING
китаи-город-устьинскии-сектор-a-9|Китай-город/Устьинский сектор «A»|Москва|PIER|215|t|t|f|f|f|t|t|NO_HOOKFACT, NO_WAYTOFIND, THIN|FILL_MISSING
национальныи-центр-россия-1|Национальный центр «Россия»|Москва|PIER|217|t|t|f|f|f|t|t|NO_HOOKFACT, NO_WAYTOFIND, THIN|FILL_MISSING
южныи-речнои-вокзал-причал-No5-73|Южный речной вокзал (Причал №5)|Москва|PIER|220|t|t|f|f|f|t|t|NO_HOOKFACT, NO_WAYTOFIND, THIN|FILL_MISSING
адмиралтеиская-наб-10-45|Адмиралтейская наб. 10|Санкт-Петербург|PIER|221|t|t|f|f|f|t|t|NO_HOOKFACT, NO_WAYTOFIND, THIN|FILL_MISSING
кронверкскии-мост-71|Кронверкский мост|Санкт-Петербург|PIER|221|t|t|f|f|f|t|t|NO_HOOKFACT, NO_WAYTOFIND, THIN|FILL_MISSING
isaakievskiy-sobor-3aeb14ae1a71|Исаакиевский собор|Санкт-Петербург|ATTRACTION|224|t|t|f|f|f|t|t|NO_HOOKFACT, NO_WAYTOFIND, THIN|FILL_MISSING
ресторан-cherish-62431435421497c270c16fda|Ресторан «Cherish»|Санкт-Петербург|CLUB_BAR_RESTAURANT|224|t|t|f|f|f|t|f|NO_HOOKFACT, NO_WAYTOFIND, THIN|FILL_MISSING
набережная-реки-фонтанки-51-53-53|Причал на наб. реки Фонтанки, 51-53|Санкт-Петербург|PIER|224|t|t|f|f|f|t|t|NO_HOOKFACT, NO_WAYTOFIND, THIN|FILL_MISSING
saint-petersburg-mihaylovskiy-zamok|Михайловский замок|Санкт-Петербург|ATTRACTION|225|t|t|f|f|f|t|t|NO_HOOKFACT, NO_WAYTOFIND, THIN|FILL_MISSING
крымскии-мост-11|Крымский мост|Москва|PIER|225|t|t|f|f|f|t|t|NO_HOOKFACT, NO_WAYTOFIND, THIN|FILL_MISSING
moscow-kamergerskiy-pereulok|Камергерский переулок|Москва|ATTRACTION|226|t|t|f|f|f|t|t|NO_HOOKFACT, NO_WAYTOFIND, THIN|FILL_MISSING
университетская-набережная-13-66|Университетская набережная, 13|Санкт-Петербург|PIER|226|t|t|f|f|f|t|t|NO_HOOKFACT, NO_WAYTOFIND, THIN|FILL_MISSING
gorodskoi-prichal-universitetskaya-nab-13-60ad083cdc935ef30aaa67d6|Городской причал "Университетская наб. 13"|Санкт-Петербург|CLUB_BAR_RESTAURANT|226|t|t|f|f|f|t|t|NO_HOOKFACT, NO_WAYTOFIND, THIN|FILL_MISSING
moscow-kremlevskaya-naberezhnaya|Набережная у Кремля|Москва|ATTRACTION|227|t|t|f|f|f|t|t|NO_HOOKFACT, NO_WAYTOFIND, THIN|FILL_MISSING
moscow-pamyatnik-v-i-leninu-kaluzhskaya-pl|Памятник В.И. Ленину (Калужская пл.)|Москва|MONUMENT|228|t|t|f|f|f|t|t|NO_HOOKFACT, NO_WAYTOFIND, THIN|FILL_MISSING
маилз-джазовыи-коктеиль-бар-693be73857b9a4b59ef4f527|«Майлз», Джазовый коктейль-бар|Тюмень|CLUB_BAR_RESTAURANT|228|t|t|f|f|f|t|f|NO_HOOKFACT, NO_WAYTOFIND, THIN|FILL_MISSING
ekaterininskiy-dvorec-f447c07ee87c|Екатерининский дворец|Пушкин|ATTRACTION|228|t|t|f|f|f|t|t|NO_HOOKFACT, NO_WAYTOFIND, THIN|FILL_MISSING
патриаршии-сектор-a-8|Патриарший сектор «A»|Москва|PIER|229|t|t|f|f|f|t|t|NO_HOOKFACT, NO_WAYTOFIND, THIN|FILL_MISSING
киевскии-сектор-a-14|Киевский сектор «A»|Москва|PIER|229|t|t|f|f|f|t|t|NO_HOOKFACT, NO_WAYTOFIND, THIN|FILL_MISSING
новоспасскии-мост-сектор-b-13|Новоспасский Мост сектор «B»|Москва|PIER|230|t|t|f|f|f|t|t|NO_HOOKFACT, NO_WAYTOFIND, THIN|FILL_MISSING
improve-club-69296ad532106e70221acac5|Improve Club|Нижний Новгород|CLUB_BAR_RESTAURANT|231|t|t|f|f|f|t|t|NO_HOOKFACT, NO_WAYTOFIND, THIN|FILL_MISSING
prichal-na-sinopskoi-nab-10-629f8f730fdb465f9b2c54d0|Причал на Синопской наб., 10А|Санкт-Петербург|CONCERT_HALL|232|t|t|f|f|f|t|t|NO_HOOKFACT, NO_WAYTOFIND, THIN|FILL_MISSING
дворец-кваренги-69287159714d2607ad643500|Дворец Кваренги|Санкт-Петербург|CONCERT_HALL|233|t|t|f|f|f|t|f|NO_HOOKFACT, NO_WAYTOFIND, THIN|FILL_MISSING
moscow-zdanie-ssudnoy-kazny|Здание Ссудной казны|Москва|ATTRACTION|233|t|t|f|f|f|t|t|NO_HOOKFACT, NO_WAYTOFIND, THIN|FILL_MISSING
парк-горького-2-сектор-в-97|Парк Горького-2 сектор «В»|Москва|PIER|234|t|t|f|f|f|t|t|NO_HOOKFACT, NO_WAYTOFIND, THIN|FILL_MISSING
moscow-zoopark|Московский зоопарк|Москва|PARK|234|t|t|f|f|f|t|t|NO_HOOKFACT, NO_WAYTOFIND, THIN|FILL_MISSING
fudholl-druzhba-moskva-68e64d3ffa5d5260a3bc8721|Фудхолл Дружба-Москва|Москва|CONCERT_HALL|234|t|t|f|f|f|t|t|NO_HOOKFACT, NO_WAYTOFIND, THIN|FILL_MISSING
воробьевы-горы-сектор-b-38|Воробьевы горы сектор «B»|Москва|PIER|234|t|t|f|f|f|t|t|NO_HOOKFACT, NO_WAYTOFIND, THIN|FILL_MISSING
park-attrakcionov-dustar-68d535794ffc8616b7713ec5|Парк аттракционов Дустар|Уфа|CONCERT_HALL|236|t|t|f|f|f|t|t|NO_HOOKFACT, NO_WAYTOFIND, THIN|FILL_MISSING
teplohod-rio-4|ПРИЧАЛ №1, Теплоход «РИО-4»|Москва|CONCERT_HALL|236|t|t|f|f|f|t|t|NO_HOOKFACT, NO_WAYTOFIND, THIN|FILL_MISSING
синопская-набережная-10-72|Причал на Синопской наб., 10А|Санкт-Петербург|PIER|236|t|t|f|f|f|t|t|NO_HOOKFACT, NO_WAYTOFIND, THIN|FILL_MISSING
avtodrom-sankt-peterburg-63fdedf14ec024809157e35c|Автодром Санкт-Петербург|Санкт-Петербург|MUSEUM_ART_SPACE|236|t|t|f|f|f|t|t|NO_HOOKFACT, NO_WAYTOFIND, THIN|FILL_MISSING
moscow-art-obekt-svetovoy-labirint|Арт-объект «Световой лабиринт»|Москва|ATTRACTION|237|t|t|f|f|f|t|t|NO_HOOKFACT, NO_WAYTOFIND, THIN|FILL_MISSING
angliiskaya-naberezhnaya-54-passazhirskii-terminal-67f399e52279d865258cb6b0|Английская набережная 54 (Пассажирский терминал)|Санкт-Петербург|THEATER|238|t|t|f|f|f|t|t|NO_HOOKFACT, NO_WAYTOFIND, THIN|FILL_MISSING
gorteatr-5ce7e77100a0d3000c1591fc|ГОРТЕАТР|Новороссийск|THEATER|239|t|t|f|f|f|t|t|NO_HOOKFACT, NO_WAYTOFIND, THIN|FILL_MISSING
avtodrom-moscow-raceway|Автодром Moscow Raceway|Москва|SPORT_ACTIVITY_SPACE|240|t|t|f|f|f|t|t|NO_HOOKFACT, NO_WAYTOFIND, THIN|FILL_MISSING
teplohod-zvezda-nevy-69cfdc06e21655f1575cdcf2|Теплоход "Звезда Невы"|Санкт-Петербург|PIER|241|t|t|f|f|f|t|t|NO_HOOKFACT, NO_WAYTOFIND, THIN|FILL_MISSING
гауптвахта-на-сеннои-5e31c52d14158e70979005e8|Гауптвахта на Сенной|Санкт-Петербург|CLUB_BAR_RESTAURANT|242|t|t|f|f|f|t|f|NO_HOOKFACT, NO_WAYTOFIND, THIN|FILL_MISSING
bagrationa-49-6a2da279c0532357d5236eff|Багратиона 49|Калининград|THEATER|243|t|t|f|f|f|t|t|NO_HOOKFACT, NO_WAYTOFIND, THIN|FILL_MISSING
integrativnyi-dzhazovyi-centr-678646dab56fefdd6a2bf8e6|Интегративный джазовый центр|Москва|CONCERT_HALL|246|t|t|f|f|t|t|t|NO_HOOKFACT, NO_WAYTOFIND, CLICHE, THIN|FILL_MISSING
temple-of-deer-6033d5062d26b0e811c9b88f|TEMPLE OF DEER|Санкт-Петербург|CLUB_BAR_RESTAURANT|246|t|t|f|f|f|t|t|NO_HOOKFACT, NO_WAYTOFIND, THIN|FILL_MISSING
зарядье-сектор-a-4|Зарядье сектор «A»|Москва|PIER|246|t|t|f|f|f|t|t|NO_HOOKFACT, NO_WAYTOFIND, THIN|FILL_MISSING
rock-bar-diesel-69fb9e6a609d7b356217d7f1|Rock Bar DIESEL|Воронеж|CONCERT_HALL|247|t|t|f|f|f|t|t|NO_HOOKFACT, NO_WAYTOFIND, THIN|FILL_MISSING
moscow-palaty-averkiya-kirillova|Палаты Аверкия Кириллова|Москва|ATTRACTION|247|t|t|f|f|f|t|t|NO_HOOKFACT, NO_WAYTOFIND, THIN|FILL_MISSING
moscow-art-obekt-uho-derevo-zhelaniy|Арт-объект «Ухо» (Дерево желаний)|Москва|ATTRACTION|247|t|t|f|f|f|t|t|NO_HOOKFACT, NO_WAYTOFIND, THIN|FILL_MISSING
северныи-речнои-вокзал-причал-No1-57|Северный речной вокзал (причал №1)|Москва|PIER|248|t|t|f|f|f|t|t|NO_HOOKFACT, NO_WAYTOFIND, THIN|FILL_MISSING
третьяковскии-сектор-a-29|Третьяковский сектор «A»|Москва|PIER|248|t|t|f|f|f|t|t|NO_HOOKFACT, NO_WAYTOFIND, THIN|FILL_MISSING
bar-sumbur|Бар SUMBUR|Санкт-Петербург|CLUB_BAR_RESTAURANT|248|t|t|f|f|f|t|t|NO_HOOKFACT, NO_WAYTOFIND, THIN|FILL_MISSING
fabrika|Фабрика|Екатеринбург|CONCERT_HALL|249|t|t|f|f|f|t|t|NO_HOOKFACT, NO_WAYTOFIND, THIN|FILL_MISSING
зарядье-сектор-b-43|Зарядье сектор «B»|Москва|PIER|252|t|t|f|f|f|t|t|NO_HOOKFACT, NO_WAYTOFIND, THIN|FILL_MISSING
krasnoyarskii-tyuz-6a3bbc3bb2f1693e010ce25b|Красноярский ТЮЗ|Красноярск|THEATER|252|t|t|f|f|f|t|t|NO_HOOKFACT, NO_WAYTOFIND, THIN|FILL_MISSING
бар-dovlatov-66e86e53e5efa1d321800302|Бар DOVLATOV|Ульяновск|CLUB_BAR_RESTAURANT|252|t|t|f|f|f|t|f|NO_HOOKFACT, NO_WAYTOFIND, THIN|FILL_MISSING
место-событии-64a51da61bc820605d50af8a|Место Событий|Березники|CLUB_BAR_RESTAURANT|253|t|t|f|f|f|t|f|NO_HOOKFACT, NO_WAYTOFIND, THIN|FILL_MISSING
moscow-flakon|Флакон|Москва|ATTRACTION|253|t|t|f|f|f|t|t|NO_HOOKFACT, NO_WAYTOFIND, THIN|FILL_MISSING
klub-route-148-570fd0ce9cb5387a6e12bfa5|Клуб «Роут 148»|Санкт-Петербург|CLUB_BAR_RESTAURANT|255|t|t|f|f|f|t|t|NO_HOOKFACT, NO_WAYTOFIND, THIN|FILL_MISSING
kurort-krasnaya-polyana-6437c688c96f3884a632a3cd|Курорт Красная Поляна|Красная Поляна|CONCERT_HALL|256|t|t|f|f|f|t|f|NO_HOOKFACT, NO_WAYTOFIND, THIN|FILL_MISSING
palma-68166ae8257b2d99e2313347|Palma|Санкт-Петербург|CLUB_BAR_RESTAURANT|259|t|t|f|f|f|t|t|NO_HOOKFACT, NO_WAYTOFIND, THIN|FILL_MISSING
ресторан-круиз-80|Ресторан «Круиз»|Казань|PIER|259|t|t|f|f|f|t|t|NO_HOOKFACT, NO_WAYTOFIND, THIN|FILL_MISSING
moscow-bulyzhnik-oruzhie-proletariata|«Булыжник - оружие пролетариата»|Москва|ATTRACTION|259|t|t|f|f|f|t|t|NO_HOOKFACT, NO_WAYTOFIND, THIN|FILL_MISSING
государственныи-музеи-а-с-пушкина-5bf694763dc0e5000bc16feb|Государственный музей А. С. Пушкина|Москва|MUSEUM_ART_SPACE|260|t|t|f|f|f|t|f|NO_HOOKFACT, NO_WAYTOFIND, THIN|FILL_MISSING
воробьевы-горы-сектор-a-3|Воробьевы горы сектор «A»|Москва|PIER|260|t|t|f|f|f|t|t|NO_HOOKFACT, NO_WAYTOFIND, THIN|FILL_MISSING
moscow-krutitskoe-podvore|Крутицкое подворье|Москва|ATTRACTION|262|t|t|f|f|f|t|t|NO_HOOKFACT, NO_WAYTOFIND, THIN|FILL_MISSING
zooteatr-koshek-v-trk-sedanka-siti-6a2fab1a590d0a49c6c7b6d4|Зоотеатр кошек в ТРК "Седанка Сити"|Владивосток|THEATER|266|t|t|f|f|t|t|t|NO_HOOKFACT, NO_WAYTOFIND, CLICHE, THIN|FILL_MISSING
moscow-chaynyy-dom-na-myasnitskoy|Чайный дом на Мясницкой|Москва|ATTRACTION|266|t|t|f|f|f|t|t|NO_HOOKFACT, NO_WAYTOFIND, THIN|FILL_MISSING
клуб-ресторан-петрович-58451cc3515e35001574ac08|Клуб-ресторан "Петрович"|Москва|CLUB_BAR_RESTAURANT|267|t|t|f|f|f|t|f|NO_HOOKFACT, NO_WAYTOFIND, THIN|FILL_MISSING
moscow-tserkov-ioanna-voina-na-yakimanke|Церковь Иоанна Воина на Якиманке|Москва|TEMPLE|270|t|t|f|f|f|t|t|NO_HOOKFACT, NO_WAYTOFIND, THIN|FILL_MISSING
культурное-пространство-атс-6794f36b0d8af21aff6bf72f|Культурное пространство "АТС"|Санкт-Петербург|MUSEUM_ART_SPACE|271|t|t|f|f|f|t|f|NO_HOOKFACT, NO_WAYTOFIND, THIN|FILL_MISSING
moskovskii-hudozhestvennyi-teatr-komedii-5bed5c9a943f8a000cf4c35f|Московский художественный театр комедии|Москва|THEATER|271|t|t|f|f|f|t|t|NO_HOOKFACT, NO_WAYTOFIND, THIN|FILL_MISSING
myata-lounge-69e3883b4f159bd37da2f8b5|Мята Lounge|Санкт-Петербург|CONCERT_HALL|271|t|t|f|f|f|t|t|NO_HOOKFACT, NO_WAYTOFIND, THIN|FILL_MISSING
moscow-deti-zhertvy-porokov-vzroslyh|«Дети - жертвы пороков взрослых»|Москва|ATTRACTION|272|t|t|f|f|f|t|t|NO_HOOKFACT, NO_WAYTOFIND, THIN|FILL_MISSING
маламут-ленд-6a4a30a6e38781a122a07d06|Маламут Ленд|Самара|THEATER|273|t|t|f|f|f|t|f|NO_HOOKFACT, NO_WAYTOFIND, THIN|FILL_MISSING
grinn-centr|ГРИНН Центр|Орёл|CONCERT_HALL|274|t|t|f|f|f|t|t|NO_HOOKFACT, NO_WAYTOFIND, THIN|FILL_MISSING
дк-туламашзавод-57f4fc459cb5384e8d9a0086|ДК Туламашзавод|Тула|CLUB_BAR_RESTAURANT|274|t|t|f|f|f|t|f|NO_HOOKFACT, NO_WAYTOFIND, THIN|FILL_MISSING
moscow-artplay|Artplay|Москва|ATTRACTION|274|t|t|f|f|f|t|t|NO_HOOKFACT, NO_WAYTOFIND, THIN|FILL_MISSING
mumii-troll-music-bar-619e5b64ea00f1d20616a529|Мумий Тролль music bar|Москва|CLUB_BAR_RESTAURANT|277|t|t|f|f|f|t|t|NO_HOOKFACT, NO_WAYTOFIND, THIN|FILL_MISSING
moscow-staryy-angliyskiy-dvor|Старый Английский двор|Москва|ATTRACTION|278|t|t|f|f|f|t|t|NO_HOOKFACT, NO_WAYTOFIND, THIN|FILL_MISSING
lounge-bar-1-2-of-you-nevskii|Лаунж-бар «Половина тебя» Невский|Санкт-Петербург|CONCERT_HALL|279|t|t|f|f|f|t|t|NO_HOOKFACT, NO_WAYTOFIND, THIN|FILL_MISSING
moscow-pokrovskiy-monastyr|Покровский монастырь|Москва|TEMPLE|279|t|t|f|f|f|t|t|NO_HOOKFACT, NO_WAYTOFIND, THIN|FILL_MISSING
moscow-hram-vseh-svyatyh-na-kulishkah|Храм Всех Святых на Кулишках|Москва|TEMPLE|280|t|t|f|f|f|t|t|NO_HOOKFACT, NO_WAYTOFIND, THIN|FILL_MISSING
moscow-profsoyuz-bar-klaster|Профсоюз (бар-кластер)|Москва|GASTRO|284|t|t|f|f|f|t|t|NO_HOOKFACT, NO_WAYTOFIND, THIN|FILL_MISSING
бар-глиттер-696e2cc1d4fef5f8f3f383d5|Бар «Глиттер»|Санкт-Петербург|CLUB_BAR_RESTAURANT|284|t|t|f|f|t|t|f|NO_HOOKFACT, NO_WAYTOFIND, CLICHE, THIN|FILL_MISSING
moscow-pamyatnik-a-s-pushkinu|Памятник А.С. Пушкину|Москва|MONUMENT|284|t|t|f|f|f|t|t|NO_HOOKFACT, NO_WAYTOFIND, THIN|FILL_MISSING
moscow-troitsa-v-hohlah|Троица в Хохлах|Москва|ATTRACTION|285|t|t|f|f|f|t|t|NO_HOOKFACT, NO_WAYTOFIND, THIN|FILL_MISSING
bar-sovremennik-65aa8c2b0067c6ffb7a3fcc4|Бар «Современник»|Санкт-Петербург|THEATER|289|t|t|f|f|f|t|t|NO_HOOKFACT, NO_WAYTOFIND, THIN|FILL_MISSING
moscow-skulptura-prostranstvo-sveta|Скульптура «Пространство света»|Москва|MONUMENT|290|t|t|f|f|f|t|t|NO_HOOKFACT, NO_WAYTOFIND, THIN|FILL_MISSING
яхт-клуб-к2-на-крестовском-острове-77|Яхт-клуб «К2» на Крестовском острове|Санкт-Петербург|PIER|290|t|t|f|f|f|t|t|NO_HOOKFACT, NO_WAYTOFIND, THIN|FILL_MISSING
moscow-troitsa-v-nikitnikah|Троица в Никитниках|Москва|ATTRACTION|291|t|t|f|f|f|t|t|NO_HOOKFACT, NO_WAYTOFIND, THIN|FILL_MISSING
novaya-tretyakovskaya-galereya-ff57ae659039|Новая Третьяковская галерея|Москва|MUSEUM_ART_SPACE|292|t|t|f|f|f|t|t|NO_HOOKFACT, NO_WAYTOFIND, THIN|FILL_MISSING
life-pub-60816dc6fe711e5806c6501e|лифе Рув|Москва|CONCERT_HALL|292|t|t|f|f|f|t|t|NO_HOOKFACT, NO_WAYTOFIND, THIN|FILL_MISSING
moscow-sherlok-holms-i-doktor-vatson|Шерлок Холмс и доктор Ватсон|Москва|ATTRACTION|292|t|t|f|f|f|t|t|NO_HOOKFACT, NO_WAYTOFIND, THIN|FILL_MISSING
plyaski-bar-6a4e929f2ceece53f327f7c9|PLЯSKИ бар|Санкт-Петербург|CLUB_BAR_RESTAURANT|293|t|t|f|f|f|t|f|NO_HOOKFACT, NO_WAYTOFIND, THIN|FILL_MISSING
moscow-zdanie-mid|Здание МИД|Москва|ATTRACTION|294|t|t|f|f|f|t|t|NO_HOOKFACT, NO_WAYTOFIND, THIN|FILL_MISSING
moscow-hram-bolshoe-voznesenie|Храм Большое Вознесение|Москва|TEMPLE|298|t|t|f|f|f|t|t|NO_HOOKFACT, NO_WAYTOFIND, THIN|FILL_MISSING
moscow-glavnoe-zdanie-mgu|Главное здание МГУ|Москва|ATTRACTION|301|t|t|f|f|f|f|t|NO_HOOKFACT, NO_WAYTOFIND|FILL_MISSING
moscow-pashkov-dom|Пашков дом|Москва|ATTRACTION|301|t|t|f|f|f|f|t|NO_HOOKFACT, NO_WAYTOFIND|FILL_MISSING
moscow-pamyatnik-evgeniyu-leonovu|Памятник Евгению Леонову|Москва|MONUMENT|302|t|t|f|f|f|f|t|NO_HOOKFACT, NO_WAYTOFIND|FILL_MISSING
moscow-petr-i-fevroniya|Петр и Феврония|Москва|ATTRACTION|303|t|t|f|f|f|f|t|NO_HOOKFACT, NO_WAYTOFIND|FILL_MISSING
moscow-vysotka-na-kudrinskoy|Высотка на Кудринской|Москва|ATTRACTION|303|t|t|f|f|f|f|t|NO_HOOKFACT, NO_WAYTOFIND|FILL_MISSING
moscow-gostinyy-dvor|Гостиный двор|Москва|ATTRACTION|304|t|t|f|f|f|f|t|NO_HOOKFACT, NO_WAYTOFIND|FILL_MISSING
moscow-dvorets-alekseya-mihaylovicha|Дворец Алексея Михайловича|Москва|ATTRACTION|304|t|t|f|f|f|f|t|NO_HOOKFACT, NO_WAYTOFIND|FILL_MISSING
moskovskiy-zoopark-3013563d956d|Московский зоопарк|Москва|MUSEUM_ART_SPACE|305|t|t|f|f|f|f|t|NO_HOOKFACT, NO_WAYTOFIND|FILL_MISSING
vinci-58bc2958515e350013c062bc|Vinci|Санкт-Петербург|THEATER|305|t|t|f|f|f|f|t|NO_HOOKFACT, NO_WAYTOFIND|FILL_MISSING
хоуми-бар-6a808acbf79c114bc9127c95|Хоуми бар|Санкт-Петербург|CLUB_BAR_RESTAURANT|310|t|t|f|f|f|f|f|NO_HOOKFACT, NO_WAYTOFIND|FILL_MISSING
petrovskii-putevoi-dvorec-5cd1bf3d079a40000c1e0639|Петровский путевой дворец|Москва|ATTRACTION|311|t|t|f|f|f|f|t|NO_HOOKFACT, NO_WAYTOFIND|FILL_MISSING
moscow-muzey-sosloviy-rossii-glazunov|Музей сословий России (Глазунов)|Москва|MUSEUM_ART_SPACE|311|t|t|f|f|f|f|t|NO_HOOKFACT, NO_WAYTOFIND|FILL_MISSING
moscow-petrovskiy-putevoy-dvorets|Петровский путевой дворец|Москва|MUSEUM_ART_SPACE|311|t|t|f|f|f|f|t|NO_HOOKFACT, NO_WAYTOFIND|FILL_MISSING
moscow-smotrovaya-tsdm|Смотровая ЦДМ|Москва|ATTRACTION|312|t|t|f|f|f|f|t|NO_HOOKFACT, NO_WAYTOFIND|FILL_MISSING
moscow-monument-pokoritelyam-kosmosa|Монумент «Покорителям космоса»|Москва|MONUMENT|313|t|t|f|f|f|f|t|NO_HOOKFACT, NO_WAYTOFIND|FILL_MISSING
moscow-skulpturnaya-gruppa-klouny|Скульптурная группа «Клоуны»|Москва|MONUMENT|314|t|t|f|f|f|f|t|NO_HOOKFACT, NO_WAYTOFIND|FILL_MISSING
biker-s-bar-the-underground|Biker's Bar The Underground|Пятигорск|CLUB_BAR_RESTAURANT|315|t|t|f|f|f|f|t|NO_HOOKFACT, NO_WAYTOFIND|FILL_MISSING
moscow-pamyatnik-sergeyu-eseninu|Памятник Сергею Есенину|Москва|MONUMENT|318|t|t|f|f|f|f|t|NO_HOOKFACT, NO_WAYTOFIND|FILL_MISSING
moscow-hram-ilii-proroka-v-obydenskom|Храм Илии Пророка в Обыденском|Москва|TEMPLE|320|t|t|f|f|f|f|t|NO_HOOKFACT, NO_WAYTOFIND|FILL_MISSING
moscow-pamyatnik-petru-i|Памятник Петру I|Москва|MONUMENT|321|t|t|f|f|f|f|t|NO_HOOKFACT, NO_WAYTOFIND|FILL_MISSING
теплоход-ривьера-южныи-речнои-вокзал-684c223eceeff1e4febaa88b|Теплоход "Ривьера" (Южный Речной Вокзал)|Москва|CONCERT_HALL|323|t|t|f|f|f|f|f|NO_HOOKFACT, NO_WAYTOFIND|FILL_MISSING
moscow-staroe-zdanie-mgu|Старое здание МГУ|Москва|ATTRACTION|323|t|t|f|f|f|f|t|NO_HOOKFACT, NO_WAYTOFIND|FILL_MISSING
moscow-kitaygorodskaya-stena|Китайгородская стена|Москва|ATTRACTION|325|t|t|f|f|f|f|t|NO_HOOKFACT, NO_WAYTOFIND|FILL_MISSING
moscow-pamyatnik-chaykovskomu|Памятник Чайковскому|Москва|MONUMENT|327|t|t|f|f|f|f|t|NO_HOOKFACT, NO_WAYTOFIND|FILL_MISSING
moscow-dr-zhivago|Dr. Живаго|Москва|ATTRACTION|329|t|t|f|f|f|f|t|NO_HOOKFACT, NO_WAYTOFIND|FILL_MISSING
moscow-ugolek|Уголёк|Москва|ATTRACTION|329|t|t|f|f|f|f|t|NO_HOOKFACT, NO_WAYTOFIND|FILL_MISSING
летнии-дворик-проголос-6a2689e096145899e5d12cfc|Летний дворик ПроГолос|Екатеринбург|CONCERT_HALL|332|t|t|f|f|f|f|f|NO_HOOKFACT, NO_WAYTOFIND|FILL_MISSING
ресторан-горячии-цех-6ab20bf4482a1cbc67cdb934|Ресторан Горячий Цех|Уфа|CLUB_BAR_RESTAURANT|333|t|t|f|f|f|f|f|NO_HOOKFACT, NO_WAYTOFIND|FILL_MISSING
moscow-palaty-boyar-romanovyh|Палаты бояр Романовых|Москва|ATTRACTION|338|t|t|f|f|f|f|t|NO_HOOKFACT, NO_WAYTOFIND|FILL_MISSING
moscow-pamyatnik-iosifu-brodskomu|Памятник Иосифу Бродскому|Москва|MONUMENT|338|t|t|f|f|f|f|t|NO_HOOKFACT, NO_WAYTOFIND|FILL_MISSING
moscow-vozvraschenie-bludnogo-syna-sidur|«Возвращение блудного сына» (Сидур)|Москва|ATTRACTION|338|t|t|f|f|f|f|t|NO_HOOKFACT, NO_WAYTOFIND|FILL_MISSING
manufaktura-dymov-6a3a72a7983cad59b146d44f|Мануфактура Дымов|Суздаль|CONCERT_HALL|338|t|t|f|f|f|f|t|NO_HOOKFACT, NO_WAYTOFIND|FILL_MISSING
moscow-pamyatnik-m-v-lomonosovu|Памятник М.В. Ломоносову|Москва|MONUMENT|339|t|t|f|f|f|f|t|NO_HOOKFACT, NO_WAYTOFIND|FILL_MISSING
таврическии-сад-685d25e5ee733c0f42677c60|Таврический сад|Санкт-Петербург|CONCERT_HALL|339|t|t|f|f|f|f|f|NO_HOOKFACT, NO_WAYTOFIND|FILL_MISSING
moscow-malyy-teatr|Малый театр|Москва|THEATER|341|t|t|f|f|f|f|t|NO_HOOKFACT, NO_WAYTOFIND|FILL_MISSING
moscow-zachatevskiy-monastyr|Зачатьевский монастырь|Москва|TEMPLE|342|t|t|f|f|f|f|t|NO_HOOKFACT, NO_WAYTOFIND|FILL_MISSING
moscow-ekaterininskiy-park|Екатерининский парк|Москва|PARK|343|t|t|f|f|f|f|t|NO_HOOKFACT, NO_WAYTOFIND|FILL_MISSING
moscow-kazanskiy-vokzal|Казанский вокзал|Москва|ATTRACTION|343|t|t|f|f|f|f|t|NO_HOOKFACT, NO_WAYTOFIND|FILL_MISSING
moscow-usadba-izmaylovo|Усадьба Измайлово|Москва|ATTRACTION|343|t|t|f|f|f|f|t|NO_HOOKFACT, NO_WAYTOFIND|FILL_MISSING
moscow-pamyatnik-yuriyu-gagarinu|Памятник Юрию Гагарину|Москва|MONUMENT|344|t|t|f|f|f|f|t|NO_HOOKFACT, NO_WAYTOFIND|FILL_MISSING
moscow-gostinitsa-ukraina|Гостиница «Украина»|Москва|ATTRACTION|346|t|t|f|f|f|f|t|NO_HOOKFACT, NO_WAYTOFIND|FILL_MISSING
moscow-muzey-dekorativno-prikladnogo-iskusstva|Музей декоративно-прикладного искусства|Москва|MUSEUM_ART_SPACE|346|t|t|f|f|f|f|t|NO_HOOKFACT, NO_WAYTOFIND|FILL_MISSING
moscow-pamyatnik-kirillu-i-mefodiyu|Памятник Кириллу и Мефодию|Москва|MONUMENT|347|t|t|f|f|f|f|t|NO_HOOKFACT, NO_WAYTOFIND|FILL_MISSING
moscow-muzeon|Музеон|Москва|ATTRACTION|348|t|t|f|f|f|f|t|NO_HOOKFACT, NO_WAYTOFIND|FILL_MISSING
moscow-moskovskiy-kreml|Московский Кремль|Москва|ATTRACTION|348|t|t|f|f|f|f|t|NO_HOOKFACT, NO_WAYTOFIND|FILL_MISSING
moskovskiy-kreml-b00bf2af4b37|Московский Кремль|Москва|ATTRACTION|348|t|t|f|f|f|f|t|NO_HOOKFACT, NO_WAYTOFIND|FILL_MISSING
moscow-mavzoley-v-i-lenina|Мавзолей В.И. Ленина|Москва|ATTRACTION|349|t|t|f|f|f|f|t|NO_HOOKFACT, NO_WAYTOFIND|FILL_MISSING
moscow-landshaftnyy-park-mitino|Ландшафтный парк «Митино»|Москва|PARK|351|t|t|f|f|f|f|t|NO_HOOKFACT, NO_WAYTOFIND|FILL_MISSING
moscow-tsentralnyy-telegraf|Центральный телеграф|Москва|ATTRACTION|351|t|t|f|f|f|f|t|NO_HOOKFACT, NO_WAYTOFIND|FILL_MISSING
moscow-pamyatnik-muslimu-magomaevu|Памятник Муслиму Магомаеву|Москва|MONUMENT|352|t|t|f|f|f|f|t|NO_HOOKFACT, NO_WAYTOFIND|FILL_MISSING
moscow-pamyatnik-f-m-dostoevskomu|Памятник Ф.М. Достоевскому|Москва|MONUMENT|353|t|t|f|f|f|f|t|NO_HOOKFACT, NO_WAYTOFIND|FILL_MISSING
naprotiv-teatra-sovremennik-625af9838532f4ffe3fefe4b|Современник|Москва|ATTRACTION|354|t|t|f|f|f|f|t|NO_HOOKFACT, NO_WAYTOFIND|FILL_MISSING
moscow-sovremennik|Современник|Москва|THEATER|354|t|t|f|f|f|f|t|NO_HOOKFACT, NO_WAYTOFIND|FILL_MISSING
moscow-vysoko-petrovskiy-monastyr|Высоко-Петровский монастырь|Москва|TEMPLE|354|t|t|f|f|f|f|t|NO_HOOKFACT, NO_WAYTOFIND|FILL_MISSING
moscow-triumfalnaya-arka|Триумфальная арка|Москва|ATTRACTION|355|t|t|f|f|f|f|t|NO_HOOKFACT, NO_WAYTOFIND|FILL_MISSING
moscow-pamyatnik-anne-ahmatovoy|Памятник Анне Ахматовой|Москва|MONUMENT|355|t|t|f|f|f|f|t|NO_HOOKFACT, NO_WAYTOFIND|FILL_MISSING
moscow-teatr-natsiy|Театр Наций|Москва|THEATER|356|t|t|f|f|f|f|t|NO_HOOKFACT, NO_WAYTOFIND|FILL_MISSING
moscow-pamyatnik-aleksandru-griboedovu|Памятник Александру Грибоедову|Москва|MONUMENT|357|t|t|f|f|f|f|t|NO_HOOKFACT, NO_WAYTOFIND|FILL_MISSING
moscow-sobor-neporochnogo-zachatiya|Собор Непорочного Зачатия|Москва|TEMPLE|357|t|t|f|f|f|f|t|NO_HOOKFACT, NO_WAYTOFIND|FILL_MISSING
moscow-manezh|Манеж|Москва|ATTRACTION|357|t|t|f|f|f|f|t|NO_HOOKFACT, NO_WAYTOFIND|FILL_MISSING
moscow-savva|Savva|Москва|ATTRACTION|358|t|t|f|f|f|f|t|NO_HOOKFACT, NO_WAYTOFIND|FILL_MISSING
ресторан-музеи-булошная-6a1aee260d433f1206d2d624|Ресторан-музей «Булошная»|Москва|MUSEUM_ART_SPACE|358|t|t|f|f|t|f|f|NO_HOOKFACT, NO_WAYTOFIND, CLICHE|FILL_MISSING
moscow-pamyatnik-aleksandru-ii|Памятник Александру II|Москва|MONUMENT|359|t|t|f|f|f|f|t|NO_HOOKFACT, NO_WAYTOFIND|FILL_MISSING
moscow-vinzavod|Винзавод|Москва|ATTRACTION|360|t|t|f|f|f|f|t|NO_HOOKFACT, NO_WAYTOFIND|FILL_MISSING
moscow-anglikanskaya-tserkov-sv-andreya|Англиканская церковь Св. Андрея|Москва|TEMPLE|360|t|t|f|f|f|f|t|NO_HOOKFACT, NO_WAYTOFIND|FILL_MISSING
druzhba-siti-fudholl-690b4ff857a0eef2956145c7|Дружба-Сити, фудхолл|Москва|CONCERT_HALL|360|t|t|f|f|f|f|t|NO_HOOKFACT, NO_WAYTOFIND|FILL_MISSING
moscow-lenkom|Ленком|Москва|ATTRACTION|361|t|t|f|f|f|f|t|NO_HOOKFACT, NO_WAYTOFIND|FILL_MISSING
moscow-eksperimentanium|Экспериментариум|Москва|ATTRACTION|361|t|t|f|f|f|f|t|NO_HOOKFACT, NO_WAYTOFIND|FILL_MISSING
ciferblat-kulturnoe-prostranstvo-60867a356a68a4e507cbbc12|Циферблат • Культурное пространство|Ростов-на-Дону|CONCERT_HALL|362|t|t|f|f|f|f|t|NO_HOOKFACT, NO_WAYTOFIND|FILL_MISSING
arts-square-gallery-6303d64214f5bf497956bf76|Arts Square Gallery|Санкт-Петербург|THEATER|366|t|t|f|f|f|f|f|NO_HOOKFACT, NO_WAYTOFIND|FILL_MISSING
moscow-pamyatnik-gogolyu-torzhestvennyy-gogolevskiy|Памятник Гоголю (торжественный, Гоголевский)|Москва|MONUMENT|366|t|t|f|f|f|f|t|NO_HOOKFACT, NO_WAYTOFIND|FILL_MISSING
moscow-art-obekt-bolshaya-glina-4|Арт-объект «Большая глина № 4»|Москва|ATTRACTION|366|t|t|f|f|f|f|t|NO_HOOKFACT, NO_WAYTOFIND|FILL_MISSING
nastoikin-66084c7e86523b54385dfcb8|НАСТОЙКИН|Москва|CLUB_BAR_RESTAURANT|366|t|t|f|f|f|f|t|NO_HOOKFACT, NO_WAYTOFIND|FILL_MISSING
ща-678d4c2b82a4d3e63049cf1f|ЩА|Казань|CLUB_BAR_RESTAURANT|368|t|t|f|f|f|f|f|NO_HOOKFACT, NO_WAYTOFIND|FILL_MISSING
moscow-krasnogvardeyskie-prudy|Красногвардейские пруды|Москва|ATTRACTION|369|t|t|f|f|f|f|t|NO_HOOKFACT, NO_WAYTOFIND|FILL_MISSING
moscow-sirenevyy-sad|Сиреневый сад|Москва|PARK|369|t|t|f|f|f|f|t|NO_HOOKFACT, NO_WAYTOFIND|FILL_MISSING
moscow-beluga|Белуга|Москва|ATTRACTION|369|t|t|f|f|f|f|t|NO_HOOKFACT, NO_WAYTOFIND|FILL_MISSING
moscow-pamyatnik-dyadya-stepa|Памятник «Дядя Степа»|Москва|MONUMENT|370|t|t|f|f|f|f|t|NO_HOOKFACT, NO_WAYTOFIND|FILL_MISSING
moscow-hram-klimenta-papy-rimskogo|Храм Климента Папы Римского|Москва|TEMPLE|372|t|t|f|f|f|f|t|NO_HOOKFACT, NO_WAYTOFIND|FILL_MISSING
moscow-muzey-usadba-tolstogo-v-hamovnikah|Музей-усадьба Толстого в Хамовниках|Москва|MUSEUM_ART_SPACE|372|t|t|f|f|f|f|t|NO_HOOKFACT, NO_WAYTOFIND|FILL_MISSING
moscow-paleontologicheskiy-muzey|Палеонтологический музей|Москва|MUSEUM_ART_SPACE|375|t|t|f|f|f|f|t|NO_HOOKFACT, NO_WAYTOFIND|FILL_MISSING
moscow-kabare-crave|Кабаре Crave|Москва|ATTRACTION|376|t|t|f|f|f|f|t|NO_HOOKFACT, NO_WAYTOFIND|FILL_MISSING
moscow-planetariy|Планетарий|Москва|ATTRACTION|378|t|t|f|f|f|f|t|NO_HOOKFACT, NO_WAYTOFIND|FILL_MISSING
fedina-dacha-68627c1de58efedf4079cad8|«Федина дача»|Сочи|CLUB_BAR_RESTAURANT|378|t|t|f|f|f|f|t|NO_HOOKFACT, NO_WAYTOFIND|FILL_MISSING
moscow-pamyatnik-m-yu-lermontovu|Памятник М.Ю. Лермонтову|Москва|MONUMENT|379|t|t|f|f|f|f|t|NO_HOOKFACT, NO_WAYTOFIND|FILL_MISSING
moscow-pamyatnik-vracham-geroyam|Памятник врачам-героям|Москва|MONUMENT|380|t|t|f|f|f|f|t|NO_HOOKFACT, NO_WAYTOFIND|FILL_MISSING
moscow-muzey-v-v-mayakovskogo|Музей В.В. Маяковского|Москва|MUSEUM_ART_SPACE|383|t|t|f|f|f|f|t|NO_HOOKFACT, NO_WAYTOFIND|FILL_MISSING
moscow-moskovskaya-sobornaya-mechet|Московская соборная мечеть|Москва|TEMPLE|384|t|t|f|f|f|f|t|NO_HOOKFACT, NO_WAYTOFIND|FILL_MISSING
кремлевская-набережная-1-4-92|Кремлёвская набережная 1/4|Казань|PIER|384|t|t|f|f|f|f|t|NO_HOOKFACT, NO_WAYTOFIND|FILL_MISSING
moscow-pamyatnik-daniilu-moskovskomu|Памятник Даниилу Московскому|Москва|MONUMENT|386|t|t|f|f|f|f|t|NO_HOOKFACT, NO_WAYTOFIND|FILL_MISSING
moscow-pamyatnik-v-v-mayakovskomu|Памятник В.В. Маяковскому|Москва|ATTRACTION|389|t|t|f|f|f|f|t|NO_HOOKFACT, NO_WAYTOFIND|FILL_MISSING
moscow-muzey-az|Музей AZ|Москва|MUSEUM_ART_SPACE|390|t|t|f|f|f|f|t|NO_HOOKFACT, NO_WAYTOFIND|FILL_MISSING
moscow-ostankinskaya-telebashnya|Останкинская телебашня|Москва|ATTRACTION|392|t|t|f|f|f|f|t|NO_HOOKFACT, NO_WAYTOFIND|FILL_MISSING
veritas-63cfdfa1714f96063f7b3eb2|Veritas|Краснодар|THEATER|392|t|t|f|f|f|f|t|NO_HOOKFACT, NO_WAYTOFIND|FILL_MISSING
moscow-mkz-zaryade|МКЗ «Зарядье»|Москва|PARK|393|t|t|f|f|f|f|t|NO_HOOKFACT, NO_WAYTOFIND|FILL_MISSING
moscow-panorama-borodinskaya-bitva|Панорама «Бородинская битва»|Москва|ATTRACTION|395|t|t|f|f|f|f|t|NO_HOOKFACT, NO_WAYTOFIND|FILL_MISSING
moscow-depo-lesnaya|Депо Лесная|Москва|GASTRO|397|t|t|f|f|f|f|t|NO_HOOKFACT, NO_WAYTOFIND|FILL_MISSING
милк-moscow-imagine-live-club-68651dc7274401dda3623d6d|МИЛК - Moscow Imagine Live Club|Москва|CLUB_BAR_RESTAURANT|400|t|t|f|f|f|f|f|NO_HOOKFACT, NO_WAYTOFIND|FILL_MISSING
moscow-sad-ermitazh|Сад Эрмитаж|Москва|PARK|400|t|t|f|f|f|f|t|NO_HOOKFACT, NO_WAYTOFIND|FILL_MISSING
moscow-twins-garden|Twins Garden|Москва|ATTRACTION|402|t|t|f|f|f|f|t|NO_HOOKFACT, NO_WAYTOFIND|FILL_MISSING
hype-terrace-6a1846d8a87fac3902fad623|HYPE TERRACE|Москва|CLUB_BAR_RESTAURANT|402|t|t|f|f|t|f|t|NO_HOOKFACT, NO_WAYTOFIND, CLICHE|FILL_MISSING
moscow-zoologicheskiy-muzey-mgu|Зоологический музей МГУ|Москва|MUSEUM_ART_SPACE|404|t|t|f|f|f|f|t|NO_HOOKFACT, NO_WAYTOFIND|FILL_MISSING
moscow-pamyatnik-yuriyu-dolgorukomu|Памятник Юрию Долгорукому|Москва|MONUMENT|406|t|t|f|f|f|f|t|NO_HOOKFACT, NO_WAYTOFIND|FILL_MISSING
moscow-muzey-arhitektury-im-schuseva|Музей архитектуры им. Щусева|Москва|MUSEUM_ART_SPACE|408|t|t|f|f|f|f|t|NO_HOOKFACT, NO_WAYTOFIND|FILL_MISSING
moscow-paryaschiy-most-zaryadya|Парящий мост в Зарядье|Москва|PARK|408|t|t|f|f|f|f|t|NO_HOOKFACT, NO_WAYTOFIND|FILL_MISSING
moscow-masterskaya-fomenko|Мастерская Фоменко|Москва|ATTRACTION|413|t|t|f|f|f|f|t|NO_HOOKFACT, NO_WAYTOFIND|FILL_MISSING
moscow-muzey-slovo-vdnh|Музей «Слово» (ВДНХ)|Москва|PARK|415|t|t|f|f|f|f|t|NO_HOOKFACT, NO_WAYTOFIND|FILL_MISSING
moscow-teatr-kukol-obraztsova|Театр кукол Образцова|Москва|THEATER|418|t|t|f|f|f|f|t|NO_HOOKFACT, NO_WAYTOFIND|FILL_MISSING
jfc-jazz-club-68bc201c0474e7c4c2cf3d4a|JFC Jazz CLub|Санкт-Петербург|CLUB_BAR_RESTAURANT|419|t|t|f|f|f|f|f|NO_HOOKFACT, NO_WAYTOFIND|FILL_MISSING
центр-культуры-урал-кц-урал-572237cb9cb5383d51ddd95e|Центр Культуры "Урал" (КЦ "Урал")|Екатеринбург|CONCERT_HALL|419|t|t|f|f|t|f|f|NO_HOOKFACT, NO_WAYTOFIND, CLICHE|FILL_MISSING
moscow-galereya-evropy-i-ameriki|Галерея Европы и Америки|Москва|MUSEUM_ART_SPACE|419|t|t|f|f|f|f|t|NO_HOOKFACT, NO_WAYTOFIND|FILL_MISSING
art-galereya-kukolnaya-kollekciya-6819b8c011fb9815f5ab2683|Арт-галерея "Кукольная коллекция"|Новосибирск|MUSEUM_ART_SPACE|419|t|t|f|f|f|f|t|NO_HOOKFACT, NO_WAYTOFIND|FILL_MISSING
moscow-dom-melnikova|Дом Мельникова|Москва|ATTRACTION|420|t|t|f|f|f|f|t|NO_HOOKFACT, NO_WAYTOFIND|FILL_MISSING
moscow-ostrov-mechty-park|Остров Мечты (парк)|Москва|PARK|421|t|t|f|f|f|f|t|NO_HOOKFACT, NO_WAYTOFIND|FILL_MISSING
moscow-spaso-andronikov-monastyr|Спасо-Андроников монастырь|Москва|TEMPLE|423|t|t|f|f|f|f|t|NO_HOOKFACT, NO_WAYTOFIND|FILL_MISSING
речнои-порт-казань-ул-девятаева-1-52|Речной порт Казань|Казань|PIER|424|t|t|f|f|f|f|t|NO_HOOKFACT, NO_WAYTOFIND|FILL_MISSING
pelmeniya-69ef341676d987d39e41d646|Пельмения|Казань|CLUB_BAR_RESTAURANT|425|t|t|f|f|f|f|t|NO_HOOKFACT, NO_WAYTOFIND|FILL_MISSING
moscow-dom-narkomfina|Дом Наркомфина|Москва|ATTRACTION|426|t|t|f|f|f|f|t|NO_HOOKFACT, NO_WAYTOFIND|FILL_MISSING
moscow-muzey-transporta-moskvy|Музей транспорта Москвы|Москва|MUSEUM_ART_SPACE|426|t|t|f|f|f|f|t|NO_HOOKFACT, NO_WAYTOFIND|FILL_MISSING
moscow-pamyatnik-maye-plisetskoy|Памятник Майе Плисецкой|Москва|MONUMENT|427|t|t|f|f|f|f|t|NO_HOOKFACT, NO_WAYTOFIND|FILL_MISSING
moscow-novospasskiy-monastyr|Новоспасский монастырь|Москва|TEMPLE|427|t|t|f|f|f|f|t|NO_HOOKFACT, NO_WAYTOFIND|FILL_MISSING
moscow-horalnaya-sinagoga|Хоральная синагога|Москва|TEMPLE|427|t|t|f|f|f|f|t|NO_HOOKFACT, NO_WAYTOFIND|FILL_MISSING
moscow-lyuteranskiy-sobor-petra-i-pavla|Лютеранский собор Петра и Павла|Москва|TEMPLE|429|t|t|f|f|f|f|t|NO_HOOKFACT, NO_WAYTOFIND|FILL_MISSING
dom-shredera-59dbb6e1515e35001c9546b0|Дом Шрёдера|Санкт-Петербург|THEATER|430|t|t|f|f|f|f|t|NO_HOOKFACT, NO_WAYTOFIND|FILL_MISSING
moscow-sretenskiy-monastyr|Сретенский монастырь|Москва|TEMPLE|431|t|t|f|f|f|f|t|NO_HOOKFACT, NO_WAYTOFIND|FILL_MISSING
moscow-armyanskiy-hramovyy-kompleks|Армянский храмовый комплекс|Москва|TEMPLE|432|t|t|f|f|f|f|t|NO_HOOKFACT, NO_WAYTOFIND|FILL_MISSING
muzei-emalernogo-iskusstva-emalis-697688d695af243b87d3d73d|Музей эмальерного искусства "Эмалис"|Москва|MUSEUM_ART_SPACE|432|t|t|f|f|f|f|t|NO_HOOKFACT, NO_WAYTOFIND|FILL_MISSING
moscow-danilov-monastyr|Данилов монастырь|Москва|TEMPLE|433|t|t|f|f|f|f|t|NO_HOOKFACT, NO_WAYTOFIND|FILL_MISSING
moscow-pamyatnik-marshalu-zhukovu|Памятник маршалу Жукову|Москва|MONUMENT|433|t|t|f|f|f|f|t|NO_HOOKFACT, NO_WAYTOFIND|FILL_MISSING
moscow-osobnyak-ryabushinskogo-muzey-kvartira-gorkogo|Особняк Рябушинского / Музей-квартира Горького|Москва|MUSEUM_ART_SPACE|437|t|t|f|f|f|f|t|NO_HOOKFACT, NO_WAYTOFIND|FILL_MISSING
moscow-izmaylovskiy-park|Измайловский парк|Москва|PARK|440|t|t|f|f|f|f|t|NO_HOOKFACT, NO_WAYTOFIND|FILL_MISSING
ruinpab-tipografiya-6417347e72bf5c6f42b06790|Руинпаб Типография|Новосибирск|CLUB_BAR_RESTAURANT|441|t|t|f|f|f|f|f|NO_HOOKFACT, NO_WAYTOFIND|FILL_MISSING
moscow-sandunovskie-bani|Сандуновские бани|Москва|ATTRACTION|441|t|t|f|f|f|f|t|NO_HOOKFACT, NO_WAYTOFIND|FILL_MISSING
moscow-botanicheskiy-sad-tsitsina|Ботанический сад Цицина|Москва|PARK|443|t|t|f|f|f|f|t|NO_HOOKFACT, NO_WAYTOFIND|FILL_MISSING
moscow-tsentralnyy-rynok-rozhdestvenka|Центральный рынок (Рождественка)|Москва|GASTRO|444|t|t|f|f|f|f|t|NO_HOOKFACT, NO_WAYTOFIND|FILL_MISSING
ирландскии-паб-шервуд-sherwood-rock-pub-5c3c64f767fc0b000fa8d550|Ирландский паб Шервуд SHERWOOD ROCK-PUB|Мытищи|CONCERT_HALL|444|t|t|f|f|f|f|f|NO_HOOKFACT, NO_WAYTOFIND|FILL_MISSING
treugolnik-rok-bar-5afeeb62515e35001d6ff350|Треугольник рок-бар|Сочи|CLUB_BAR_RESTAURANT|445|t|t|f|f|t|f|t|NO_HOOKFACT, NO_WAYTOFIND, CLICHE|FILL_MISSING
moscow-hodynskoe-pole|Ходынское поле|Москва|ATTRACTION|448|t|t|f|f|f|f|t|NO_HOOKFACT, NO_WAYTOFIND|FILL_MISSING
moscow-white-rabbit|White Rabbit|Москва|ATTRACTION|448|t|t|f|f|f|f|t|NO_HOOKFACT, NO_WAYTOFIND|FILL_MISSING
moscow-smotrovaya-ivana-velikogo|Смотровая Ивана Великого|Москва|ATTRACTION|448|t|t|f|f|f|f|t|NO_HOOKFACT, NO_WAYTOFIND|FILL_MISSING
dom-kultury-692c99803def5ae95738108d|Дом Культуры|Екатеринбург|THEATER|451|t|t|f|f|f|f|t|NO_HOOKFACT, NO_WAYTOFIND|FILL_MISSING
moscow-izmaylovskiy-park-i-kreml|Измайловский парк и кремль|Москва|ATTRACTION|454|t|t|f|f|f|f|t|NO_HOOKFACT, NO_WAYTOFIND|FILL_MISSING
moscow-vorontsovo|Воронцово|Москва|ATTRACTION|455|t|t|f|f|f|f|t|NO_HOOKFACT, NO_WAYTOFIND|FILL_MISSING
moscow-pamyatnik-vladimiru-velikomu|Памятник Владимиру Великому|Москва|MONUMENT|460|t|t|f|f|f|f|t|NO_HOOKFACT, NO_WAYTOFIND|FILL_MISSING
moscow-pamyatnik-yuriyu-nikulinu|Памятник Юрию Никулину|Москва|MONUMENT|463|t|t|f|f|f|f|t|NO_HOOKFACT, NO_WAYTOFIND|FILL_MISSING
moscow-park-fili|Парк «Фили»|Москва|PARK|464|t|t|f|f|f|f|t|NO_HOOKFACT, NO_WAYTOFIND|FILL_MISSING
moscow-park-gorkogo|Парк Горького|Москва|PARK|465|t|t|f|f|f|f|t|NO_HOOKFACT, NO_WAYTOFIND|FILL_MISSING
moscow-oruzheynaya-palata|Оружейная палата|Москва|ATTRACTION|466|t|t|f|f|f|f|t|NO_HOOKFACT, NO_WAYTOFIND|FILL_MISSING
moscow-moskvarium|Москвариум на ВДНХ|Москва|PARK|467|t|t|f|f|f|f|t|NO_HOOKFACT, NO_WAYTOFIND|FILL_MISSING
moscow-smotrovaya-ran|Смотровая РАН|Москва|ATTRACTION|470|t|t|f|f|f|f|t|NO_HOOKFACT, NO_WAYTOFIND|FILL_MISSING
teatr-rezonans-68dbc0aba5b9883ef15a1b34|Театр «Резонанс»|Санкт-Петербург|THEATER|471|t|t|f|f|f|f|t|NO_HOOKFACT, NO_WAYTOFIND|FILL_MISSING
twentyoneclub-63372307d8253c4d0b571994|TwentyOneClub|Москва|CLUB_BAR_RESTAURANT|473|t|t|f|f|f|f|t|NO_HOOKFACT, NO_WAYTOFIND|FILL_MISSING
moscow-pamyatnik-gogolyu-skorbnyy-nikitskiy|Памятник Гоголю (скорбный, Никитский)|Москва|MONUMENT|475|t|t|f|f|f|f|t|NO_HOOKFACT, NO_WAYTOFIND|FILL_MISSING
бла-бла-бар-5e5e2e42795149b45c0023a7|Бла Бла Бар|Новосибирск|CLUB_BAR_RESTAURANT|480|t|t|f|f|f|f|f|NO_HOOKFACT, NO_WAYTOFIND|FILL_MISSING
moscow-monument-rabochiy-i-kolhoznitsa|Монумент «Рабочий и колхозница»|Москва|MONUMENT|481|t|t|f|f|f|f|t|NO_HOOKFACT, NO_WAYTOFIND|FILL_MISSING
kafe-galereya-lakruassan-665700bbcdfc654207251930|кафе-галерея "Лакруассан"|Ярославль|THEATER|493|t|t|f|f|t|f|t|NO_HOOKFACT, NO_WAYTOFIND, CLICHE|FILL_MISSING
mts-live-holl-samara-eh-krc-zvezda-606ff1687efc2f270a875b89|МТС Live Холл Самара (ех. КРЦ «Звезда»)|Самара|THEATER|497|t|t|f|f|f|f|t|NO_HOOKFACT, NO_WAYTOFIND|FILL_MISSING
гбук-г-москвы-дом-лосева-музыкальная-гостиная-6aac63a43916b5738e2ccf1c|ГБУК г. Москвы "Дом Лосева" "Музыкальная гостиная"|Москва|MUSEUM_ART_SPACE|500|t|t|f|f|f|f|f|NO_HOOKFACT, NO_WAYTOFIND|FILL_MISSING
moscow-hram-nikolaya-v-hamovnikah|Храм Николая в Хамовниках|Москва|TEMPLE|502|t|t|f|f|f|f|t|NO_HOOKFACT, NO_WAYTOFIND|FILL_MISSING
moscow-muzey-kriptografii|Музей криптографии|Москва|MUSEUM_ART_SPACE|505|t|t|f|f|f|f|t|NO_HOOKFACT, NO_WAYTOFIND|FILL_MISSING
moscow-chistye-prudy|Чистые пруды|Москва|ATTRACTION|527|t|t|f|f|f|f|t|NO_HOOKFACT, NO_WAYTOFIND|FILL_MISSING
vstrecha-na-ulice-u-vyhoda-no2-m-chistye-prudy-643d817bd6b254106575ffff|Чистые пруды|Москва|ATTRACTION|527|t|t|f|f|f|f|t|NO_HOOKFACT, NO_WAYTOFIND|FILL_MISSING
moscow-tsentralnyy-muzey-vov|Центральный музей ВОВ|Москва|MUSEUM_ART_SPACE|530|t|t|f|f|f|f|t|NO_HOOKFACT, NO_WAYTOFIND|FILL_MISSING
moscow-mmoma|ММОМА|Москва|ATTRACTION|532|t|t|f|f|f|f|t|NO_HOOKFACT, NO_WAYTOFIND|FILL_MISSING
moscow-muzey-kino-vdnh|Музей кино (ВДНХ)|Москва|PARK|534|t|t|f|f|f|f|t|NO_HOOKFACT, NO_WAYTOFIND|FILL_MISSING
moscow-mht-im-chehova|МХТ им. Чехова|Москва|ATTRACTION|535|t|t|f|f|f|f|t|NO_HOOKFACT, NO_WAYTOFIND|FILL_MISSING
moscow-usachevskiy-rynok|Усачевский рынок|Москва|GASTRO|544|t|t|f|f|f|f|t|NO_HOOKFACT, NO_WAYTOFIND|FILL_MISSING
klub-eclipse-68a2318e570b3d4ed42c170b|Клуб Eclipse|Москва|CLUB_BAR_RESTAURANT|546|t|t|f|f|f|f|t|NO_HOOKFACT, NO_WAYTOFIND|FILL_MISSING
moscow-darvinovskiy-muzey|Дарвиновский музей|Москва|MUSEUM_ART_SPACE|552|t|t|f|f|f|f|t|NO_HOOKFACT, NO_WAYTOFIND|FILL_MISSING
кафе-клуб-старыи-парк-5e508e3d941c363b4cc4a584|Кафе-клуб "Старый парк"|Рязань|MUSEUM_ART_SPACE|567|t|t|f|f|f|f|f|NO_HOOKFACT, NO_WAYTOFIND|FILL_MISSING
comedy-34-690673c4969fae5bcae375d3|COMEDY 34|Москва|CLUB_BAR_RESTAURANT|569|t|t|f|f|f|f|f|NO_HOOKFACT, NO_WAYTOFIND|FILL_MISSING
klub-prityazhenie-697b28986258a5d92d2cc51f|Клуб "Притяжение"|Санкт-Петербург|THEATER|572|t|t|f|f|t|f|t|NO_HOOKFACT, NO_WAYTOFIND, CLICHE|FILL_MISSING
moscow-kafe-pushkin|Кафе Пушкинъ|Москва|GASTRO|580|t|t|f|f|f|f|t|NO_HOOKFACT, NO_WAYTOFIND|FILL_MISSING
кабаре-кафе-бродячая-собака-561ce63c9cb53849d41b9837|Кабаре Кафе "Бродячая Собака"|Новосибирск|THEATER|581|t|t|f|f|f|f|f|NO_HOOKFACT, NO_WAYTOFIND|FILL_MISSING
римско-католическии-храм-святого-станислава-693b11ba139f184d21a58ad3|Римско-католический храм Святого Станислава|Санкт-Петербург|CONCERT_HALL|614|t|t|f|f|f|f|f|NO_HOOKFACT, NO_WAYTOFIND|FILL_MISSING
muzei-karla-bully-688a364c4653f82b8cdd3734|Музей Карла Буллы|Санкт-Петербург|MUSEUM_ART_SPACE|638|t|t|f|f|f|f|t|NO_HOOKFACT, NO_WAYTOFIND|FILL_MISSING
peresvet-arena-63186370f32babf653f166d8|Пересвет-Арена|Ростов-на-Дону|THEATER|639|t|t|f|f|f|f|t|NO_HOOKFACT, NO_WAYTOFIND|FILL_MISSING
muzei-benua-na-vasilevskom-5bc4567597a630000ce38d64|Музей Бенуа на Васильевском|Санкт-Петербург|MUSEUM_ART_SPACE|665|t|t|f|f|f|f|t|NO_HOOKFACT, NO_WAYTOFIND|FILL_MISSING
unity-sennaya-6009c4462b7ecc1335ac7299|Unity_Sennaya|Санкт-Петербург|CLUB_BAR_RESTAURANT|665|t|t|f|f|f|f|t|NO_HOOKFACT, NO_WAYTOFIND|FILL_MISSING
ресторан-игристые-698c51c7d7fee2e4f68a2fd2|Ресторан «Игристые»|Санкт-Петербург|CLUB_BAR_RESTAURANT|674|t|t|f|f|f|f|f|NO_HOOKFACT, NO_WAYTOFIND|FILL_MISSING
панорамныи-итальянскии-ресторан-luce-6a56c2e92e6d2a0e38a95502|Панорамный итальянский ресторан "Luce"|Санкт-Петербург|CLUB_BAR_RESTAURANT|691|t|t|f|f|f|f|f|NO_HOOKFACT, NO_WAYTOFIND|FILL_MISSING
cki-dialog-6598108837a1f2997a6e2aba|ЦКИ "ДИАЛОГ"|Великий Новгород|MUSEUM_ART_SPACE|696|t|t|f|f|t|f|t|NO_HOOKFACT, NO_WAYTOFIND, CLICHE|FILL_MISSING
horse-head-6849bd1020fec209ef4a0875|Horse Head|Челябинск|THEATER|705|t|t|f|f|t|f|f|NO_HOOKFACT, NO_WAYTOFIND, CLICHE|FILL_MISSING
филармония-им-г-ф-пономаренко-5985ec90515e350019bd03c5|Филармония им. Г.Ф. Пономаренко|Краснодар|CONCERT_HALL|712|t|t|f|f|f|f|f|NO_HOOKFACT, NO_WAYTOFIND|FILL_MISSING
кленовыи-бульвар-20|Кленовый Бульвар|Москва|PIER|717|t|t|f|f|f|f|t|NO_HOOKFACT, NO_WAYTOFIND|FILL_MISSING
gaudi-5514168d9cb53866e444f5d2|GAUDI|Киров (Кировская область)|CLUB_BAR_RESTAURANT|721|t|t|f|f|f|f|f|NO_HOOKFACT, NO_WAYTOFIND|FILL_MISSING
музеи-двоиное-дно-6a59eefc3b43407ca45b226f|Музей "Двойное дно"|Нижний Новгород|MUSEUM_ART_SPACE|728|t|t|f|f|f|f|f|NO_HOOKFACT, NO_WAYTOFIND|FILL_MISSING
недетскии-фудмолл-в-цдм-6990b220b560bd38cd56e0ae|НеДетский фудмолл (в ЦДМ)|Москва|THEATER|733|t|t|f|f|t|f|f|NO_HOOKFACT, NO_WAYTOFIND, CLICHE|FILL_MISSING
порт-клаб-69f8bec04703ac5748939250|Порт клаб|Краснодар|CONCERT_HALL|754|t|t|f|f|f|f|f|NO_HOOKFACT, NO_WAYTOFIND|FILL_MISSING
teatr-mnak-68c01233aa1e49b6c84ab2df|ТЕАТР МНАК|Москва|THEATER|866|t|t|f|f|t|f|t|NO_HOOKFACT, NO_WAYTOFIND, CLICHE|FILL_MISSING
пространство-культура-6a9f30101eac48772c9b5667|Пространство «Культура»|Санкт-Петербург|THEATER|876|t|t|f|f|f|f|f|NO_HOOKFACT, NO_WAYTOFIND|FILL_MISSING
fudmoll-privoz-69d1463cf13e2d484af3a42f|Фудмолл ПРИВОЗ|Москва|CLUB_BAR_RESTAURANT|900|t|t|f|f|t|f|t|NO_HOOKFACT, NO_WAYTOFIND, CLICHE|FILL_MISSING
dvorec-kultury-mauk-obedinenie-ishimskii-gorodskoi-kulturnyi-centr-63da08ca2fb705ea13ba3703|Дворец культуры МАУК "Объединение Ишимский городской культурный центр"|Ишим|CONCERT_HALL|969|t|t|f|f|f|f|t|NO_HOOKFACT, NO_WAYTOFIND|FILL_MISSING
дворец-культуры-россия-5825937ad352860017c8ec2d|Дворец культуры "Россия"|Саратов|THEATER|970|t|t|f|f|f|f|f|NO_HOOKFACT, NO_WAYTOFIND|FILL_MISSING
dk-zheleznodorozhnikov-567e7aec9cb53834fc856431|ДК Железнодорожников|Челябинск|CONCERT_HALL|1249|t|t|f|f|f|f|t|NO_HOOKFACT, NO_WAYTOFIND|FILL_MISSING
vei-vo-klub-restoran-69ef3a3cc9e191cbb8a8bc59|ВЕЙ ВО! — клуб-ресторан|Москва|CLUB_BAR_RESTAURANT|1251|t|t|f|f|f|f|t|NO_HOOKFACT, NO_WAYTOFIND|FILL_MISSING
zarenkov-gallery-63da1f4b2eeedc9555bf3096|Zarenkov Gallery|Санкт-Петербург|MUSEUM_ART_SPACE|1549|t|t|f|f|t|f|f|NO_HOOKFACT, NO_WAYTOFIND, CLICHE|FILL_MISSING
muzei-nostalgii-683a29c7faf11ad0ef1c3038|Музей ностальгии|Санкт-Петербург|THEATER|1567|t|t|f|f|t|f|t|NO_HOOKFACT, NO_WAYTOFIND, CLICHE|FILL_MISSING
maltiiskaya-kapella-voroncovskogo-dvorca-60fa8c575a70a49bb601859e|Мальтийская Капелла Воронцовского дворца|Санкт-Петербург|CLUB_BAR_RESTAURANT|1592|t|t|f|f|t|f|t|NO_HOOKFACT, NO_WAYTOFIND, CLICHE|FILL_MISSING
руки-вверх-бар-на-таганке-6234b4769cbd5cf182d32d3f|Руки ВВерх! Бар на Таганке|Москва|CLUB_BAR_RESTAURANT|1728|t|t|f|f|t|f|f|NO_HOOKFACT, NO_WAYTOFIND, CLICHE|FILL_MISSING
treff8-62a39cb7006bc87daf35d070|TREFF8|Москва|THEATER|2244|t|t|f|f|f|f|t|NO_HOOKFACT, NO_WAYTOFIND|FILL_MISSING
nizhny-novgorod-sobor-aleksandra-nevskogo|Собор Александра Невского|Нижний Новгород|TEMPLE|120|f|f|f|f|f|t|t|THIN|POLISH
nizhny-novgorod-mihailo-arhangelskiy-sobor|Михайло-Архангельский собор|Нижний Новгород|TEMPLE|120|f|f|f|f|t|t|t|CLICHE, THIN|POLISH
perm-pamyatnik-vasiliyu-tatischevu|Памятник Василию Татищеву|Пермь|MONUMENT|121|f|f|f|f|f|t|t|THIN|POLISH
nizhny-novgorod-blagoveschenskiy-monastyr|Благовещенский монастырь|Нижний Новгород|TEMPLE|122|f|f|f|f|f|t|t|THIN|POLISH
nizhny-novgorod-pamyatnik-petru-i|Памятник Петру I|Нижний Новгород|MONUMENT|123|f|f|f|f|f|t|t|THIN|POLISH
nizhny-novgorod-staroyarmarochnyy-sobor|Староярмарочный собор|Нижний Новгород|TEMPLE|123|f|f|f|f|f|t|t|THIN|POLISH
perm-pamyatnik-permskomu-vodoprovodchiku|Памятник пермскому водопроводчику|Пермь|MONUMENT|124|f|f|f|f|f|t|t|THIN|POLISH
moscow-pamyatnik-ho-shi-minu|Памятник Хо Ши Мину|Москва|MONUMENT|125|f|f|f|f|f|t|t|THIN|POLISH
kaliningrad-verhnee-ozero|Верхнее озеро|Калининград|PARK|125|f|f|f|f|f|t|t|THIN|POLISH
nizhny-novgorod-pamyatnik-pochtalonu|Памятник Почтальону|Нижний Новгород|MONUMENT|127|f|f|f|f|f|t|t|THIN|POLISH
nizhny-novgorod-skulptura-veselaya-koza|Скульптура «Веселая коза»|Нижний Новгород|MONUMENT|128|f|f|f|f|f|t|t|THIN|POLISH
moscow-pamyatnik-knyazyu-vladimiru|Памятник князю Владимиру|Москва|MONUMENT|128|f|f|f|f|f|t|t|THIN|POLISH
kaliningrad-monument-mat-rossiya|Монумент «Мать-Россия»|Калининград|MONUMENT|128|f|f|f|f|f|t|t|THIN|POLISH
nizhny-novgorod-pamyatnik-n-a-dobrolyubovu|Памятник Н. А. Добролюбову|Нижний Новгород|MONUMENT|129|f|f|f|f|f|t|t|THIN|POLISH
kaliningrad-pamyatnik-vladimiru-vysotskomu|Памятник Владимиру Высоцкому|Калининград|MONUMENT|129|f|f|f|f|f|t|t|THIN|POLISH
kaliningrad-pamyatnik-boruschiesya-zubry|Борющиеся зубры|Калининград|MONUMENT|130|f|f|f|f|f|t|t|THIN|POLISH
kaliningrad-pamyatnik-baronu-myunhgauzenu|Памятник барону Мюнхгаузену|Калининград|MONUMENT|130|f|f|f|f|f|t|t|THIN|POLISH
nizhny-novgorod-sormovskiy-park|Сормовский парк|Нижний Новгород|PARK|133|f|f|f|f|f|t|t|THIN|POLISH
moscow-pamyatnik-a-s-griboedovu|Памятник А. С. Грибоедову|Москва|MONUMENT|133|f|f|f|f|f|t|t|THIN|POLISH
kaliningrad-nizhnee-ozero|Нижнее озеро|Калининград|PARK|134|f|f|f|f|f|t|t|THIN|POLISH
moscow-pamyatnik-mihailu-sholohovu|Памятник Михаилу Шолохову|Москва|MONUMENT|134|f|f|f|f|f|t|t|THIN|POLISH
kaliningrad-tsentralnyy-park|Центральный парк культуры и отдыха|Калининград|PARK|134|f|f|f|f|f|t|t|THIN|POLISH
perm-permskiy-medved|Пермский медведь|Пермь|MONUMENT|135|f|f|f|f|f|t|t|THIN|POLISH
moscow-pamyatnik-bulatu-okudzhave|Памятник Булату Окуджаве|Москва|MONUMENT|135|f|f|f|f|f|t|t|THIN|POLISH
nizhny-novgorod-pamyatnik-valeriyu-chkalovu|Памятник Валерию Чкалову|Нижний Новгород|MONUMENT|136|f|f|f|f|f|t|t|THIN|POLISH
nizhny-novgorod-pamyatnik-evgeniyu-evstigneevu|Памятник Евгению Евстигнееву|Нижний Новгород|MONUMENT|136|f|f|f|f|f|t|t|THIN|POLISH
moscow-pamyatnik-karlu-marksu|Памятник Карлу Марксу|Москва|MONUMENT|137|f|f|f|f|f|t|t|THIN|POLISH
moscow-pamyatnik-marine-tsvetaevoy|Памятник Марине Цветаевой|Москва|MONUMENT|137|f|f|f|f|f|t|t|THIN|POLISH
perm-pamyatnik-trus-balbes-i-byvalyy|Памятник Трус, Балбес и Бывалый|Пермь|MONUMENT|138|f|f|f|f|f|t|t|THIN|POLISH
nizhny-novgorod-schelokovskiy-hutor|Щёлоковский хутор|Нижний Новгород|PARK|139|f|f|f|f|f|t|t|THIN|POLISH
nizhny-novgorod-usadba-rukavishnikovyh|Усадьба Рукавишниковых|Нижний Новгород|ATTRACTION|141|f|f|f|f|f|t|t|THIN|POLISH
kaliningrad-hram-hrista-spasitelya|Храм Христа Спасителя|Калининград|ATTRACTION|142|f|f|f|f|f|t|t|THIN|POLISH
moscow-pamyatnik-aleksandru-pushkinu-na-pushkinskoy|Памятник Александру Пушкину на Пушкинской|Москва|MONUMENT|142|f|f|f|f|f|t|t|THIN|POLISH
kaliningrad-malyshka-homlin-ulya|Малышка Хомлин (Уля)|Калининград|MONUMENT|142|f|f|f|f|f|t|t|THIN|POLISH
perm-skulptura-ikonki-permskogo-stilya|Скульптура «Иконки пермского стиля»|Пермь|MONUMENT|143|f|f|f|f|f|t|t|THIN|POLISH
nizhny-novgorod-russkiy-muzey-fotografii|Русский музей фотографии|Нижний Новгород|MUSEUM_ART_SPACE|143|f|f|f|f|f|t|t|THIN|POLISH
perm-monument-geroyam-fronta-i-tyla|Монумент «Героям фронта и тыла»|Пермь|MONUMENT|144|f|f|f|f|f|t|t|THIN|POLISH
nizhny-novgorod-palaty-stroganovyh|Палаты Строгановых|Нижний Новгород|ATTRACTION|145|f|f|f|f|f|t|t|THIN|POLISH
saint-petersburg-pamyatnik-barklayu-de-tolli|Памятник Барклаю-де-Толли|Санкт-Петербург|MONUMENT|145|f|f|f|f|f|t|t|THIN|POLISH
saint-petersburg-pamyatnik-n-v-gogolyu-na-maloy-konyushennoy|Памятник Н. В. Гоголю на Малой Конюшенной|Санкт-Петербург|MONUMENT|145|f|f|f|f|f|t|t|THIN|POLISH
saint-petersburg-pamyatnik-domeniko-trezini|Памятник Доменико Трезини|Санкт-Петербург|MONUMENT|146|f|f|f|f|f|t|t|THIN|POLISH
kaliningrad-krestovozdvizhenskiy-sobor|Крестовоздвиженский собор (Кирха Креста)|Калининград|TEMPLE|146|f|f|f|f|f|t|t|THIN|POLISH
saint-petersburg-pamyatnik-fonarschiku|Памятник фонарщику|Санкт-Петербург|MONUMENT|147|f|f|f|f|f|t|t|THIN|POLISH
saint-petersburg-pamyatnik-ostapu-benderu|Памятник Остапу Бендеру|Санкт-Петербург|MONUMENT|147|f|f|f|f|f|t|t|THIN|POLISH
kaliningrad-pamyatnik-zemlyakam-kosmonavtam|Памятник землякам-космонавтам|Калининград|MONUMENT|148|f|f|f|f|f|t|t|THIN|POLISH
saint-petersburg-pamyatnik-vodovozu|Памятник водовозу|Санкт-Петербург|MONUMENT|149|f|f|f|f|f|t|t|THIN|POLISH
moscow-pamyatnik-vladimiru-vysotskomu|Памятник Владимиру Высоцкому|Москва|MONUMENT|149|f|f|f|f|f|t|t|THIN|POLISH
nizhny-novgorod-romodanovskiy-vokzal|Ромодановский вокзал|Нижний Новгород|ATTRACTION|149|f|f|f|f|f|t|t|THIN|POLISH
kaliningrad-kirkha-svyatogo-semeystva|Кирха Святой Семейства|Калининград|CONCERT_HALL|150|f|f|f|f|f|t|t|THIN|POLISH
moscow-skulptura-dorogu-utyatam|Скульптура «Дорогу утятам!»|Москва|MONUMENT|150|f|f|f|f|f|t|t|THIN|POLISH
perm-skulptura-kama-reka|Скульптура «Кама-река»|Пермь|MONUMENT|150|f|f|f|f|f|t|t|THIN|POLISH
kaliningrad-pamyatnik-aleksandru-marinesko|Памятник Александру Маринеско|Калининград|MONUMENT|151|f|f|f|f|f|t|t|THIN|POLISH
kaliningrad-skulptura-babushka-homlin-marta|Скульптура «Бабушка Хомлин» (Марта)|Калининград|MONUMENT|151|f|f|f|f|f|t|t|THIN|POLISH
nizhny-novgorod-pamyatnik-mininu-i-pozharskomu|Памятник Минину и Пожарскому|Нижний Новгород|MONUMENT|152|f|f|f|f|f|t|t|THIN|POLISH
kaliningrad-pamyatnik-gertsogu-albrehtu|Памятник герцогу Альбрехту|Калининград|MONUMENT|152|f|f|f|f|f|t|t|THIN|POLISH
moscow-pamyatnik-mihailu-bulgakovu|Памятник Михаилу Булгакову|Москва|MONUMENT|154|f|f|f|f|f|t|t|THIN|POLISH
kaliningrad-skulptura-dedushka-homlin-karl|Скульптура «Дедушка Хомлин» (Карл)|Калининград|MONUMENT|154|f|f|f|f|f|t|t|THIN|POLISH
nizhny-novgorod-kater-geroy|Катер «Герой»|Нижний Новгород|MONUMENT|154|f|f|f|f|f|t|t|THIN|POLISH
kaliningrad-memorial-1200-gvardeytsam|Мемориал 1200 гвардейцам|Калининград|MONUMENT|154|f|f|f|f|f|t|t|THIN|POLISH
saint-petersburg-pamyatnik-ekaterine-ii|Памятник Екатерине II|Санкт-Петербург|MONUMENT|156|f|f|f|f|f|t|t|THIN|POLISH
moscow-pamyatnik-mininu-i-pozharskomu|Памятник Минину и Пожарскому|Москва|MONUMENT|156|f|f|f|f|f|t|t|THIN|POLISH
permsky-solenye-ushi|Пермяк - соленые уши|Пермь|MONUMENT|157|f|f|f|f|f|t|t|THIN|POLISH
saint-petersburg-chizhik-pyzhik|Чижик-Пыжик|Санкт-Петербург|MONUMENT|158|f|f|f|f|f|t|t|THIN|POLISH
kaliningrad-zoopark|Калининградский зоопарк|Калининград|PARK|158|f|f|f|f|f|t|t|THIN|POLISH
nizhny-novgorod-stroganovskaya-tserkov|Строгановская церковь|Нижний Новгород|TEMPLE|159|f|f|f|f|t|t|t|CLICHE, THIN|POLISH
nizhny-novgorod-park-shveytsariya|Парк «Швейцария»|Нижний Новгород|PARK|160|f|f|f|f|f|t|t|THIN|POLISH
moscow-pamyatnik-vladimiru-mayakovskomu|Памятник Владимиру Маяковскому|Москва|MONUMENT|161|f|f|f|f|f|t|t|THIN|POLISH
nizhny-novgorod-tehnicheskiy-muzey|Технический музей|Нижний Новгород|MUSEUM_ART_SPACE|161|f|f|f|f|t|t|t|CLICHE, THIN|POLISH
moscow-pamyatnik-muhtaru|Памятник Мухтару|Москва|MONUMENT|161|f|f|f|f|f|t|t|THIN|POLISH
saint-petersburg-pamyatnik-f-m-dostoevskomu-na-vladimirskoy|Памятник Ф. М. Достоевскому на Владимирской|Санкт-Петербург|MONUMENT|162|f|f|f|f|f|t|t|THIN|POLISH
kaliningrad-pamyatnik-immanuilu-kantu|Памятник Иммануилу Канту|Калининград|MONUMENT|163|f|f|f|f|f|t|t|THIN|POLISH
nizhny-novgorod-seledka-i-kofe|Селёдка и Кофе|Нижний Новгород|CLUB_BAR_RESTAURANT|164|f|f|f|f|f|t|t|THIN|POLISH
saint-petersburg-pamyatnik-peterburgskomu-nosu|Памятник Петербургскому носу|Санкт-Петербург|MONUMENT|164|f|f|f|f|f|t|t|THIN|POLISH
nizhny-novgorod-pamyatnik-georgiyu-vsevolodovichu-i-simonu-suzdalskomu|Памятник Георгию Всеволодовичу и Симону Суздальскому|Нижний Новгород|MONUMENT|164|f|f|f|f|f|t|t|THIN|POLISH
kaliningrad-kenigsbergskiy-martsipan|Магазин-музей «Кёнигсбергский марципан»|Калининград|GASTRO|165|f|f|f|f|f|t|t|THIN|POLISH
nizhny-novgorod-mitrich-restaurant|Ресторан «Mitrich»|Нижний Новгород|CLUB_BAR_RESTAURANT|165|f|f|f|f|f|t|t|THIN|POLISH
saint-petersburg-pamyatnik-gorodovomu|Памятник городовому|Санкт-Петербург|MONUMENT|165|f|f|f|f|f|t|t|THIN|POLISH
saint-petersburg-pamyatnik-rimskomu-korsakovu|Памятник Римскому-Корсакову|Санкт-Петербург|MONUMENT|165|f|f|f|f|f|t|t|THIN|POLISH
saint-petersburg-pamyatnik-glinke|Памятник Глинке|Санкт-Петербург|MONUMENT|166|f|f|f|f|f|t|t|THIN|POLISH
saint-petersburg-pamyatnik-krylovu|Памятник Крылову|Санкт-Петербург|MONUMENT|167|f|f|f|f|f|t|t|THIN|POLISH
nizhny-novgorod-muzey-istorii-gaz|Музей истории ГАЗ|Нижний Новгород|MUSEUM_ART_SPACE|168|f|f|f|f|f|t|t|THIN|POLISH
moscow-pamyatnik-geroyam-plevny|Памятник Героям Плевны|Москва|MONUMENT|170|f|f|f|f|f|t|t|THIN|POLISH
nizhny-novgorod-pamyatnik-zhyulyu-vernu|Памятник Жюлю Верну|Нижний Новгород|MONUMENT|171|f|f|f|f|f|t|t|THIN|POLISH
kaliningrad-zotler-bier|Zotler Bier|Калининград|GASTRO|171|f|f|f|f|f|t|t|THIN|POLISH
kaliningrad-yuditten-kirkha|Юдиттен-кирха|Калининград|TEMPLE|171|f|f|f|f|f|t|t|THIN|POLISH
nizhny-novgorod-pecherskiy-monastyr|Печерский монастырь|Нижний Новгород|TEMPLE|171|f|f|f|f|t|t|t|CLICHE, THIN|POLISH
kaliningrad-malysh-homlin-unya|Малыш Хомлин (Уня)|Калининград|MONUMENT|172|f|f|f|f|f|t|t|THIN|POLISH
nizhny-novgorod-bezuhov-cafe|Литературное кафе «Безухов»|Нижний Новгород|CLUB_BAR_RESTAURANT|173|f|f|f|f|f|t|t|THIN|POLISH
saint-petersburg-pamyatnik-trubochistu|Памятник Трубочисту|Санкт-Петербург|MONUMENT|173|f|f|f|f|f|t|t|THIN|POLISH
kaliningrad-muzey-vodokanal|Музей «Водоканал»|Калининград|MUSEUM_ART_SPACE|173|f|f|f|f|f|t|t|THIN|POLISH
kaliningrad-redyuit|Ресторан «Редюит»|Калининград|GASTRO|173|f|f|f|f|f|t|t|THIN|POLISH
saint-petersburg-pamyatnik-nikolayu-i|Памятник Николаю I|Санкт-Петербург|MONUMENT|176|f|f|f|f|f|t|t|THIN|POLISH
saint-petersburg-pamyatnik-aleksandru-nevskomu|Памятник Александру Невскому|Санкт-Петербург|MONUMENT|176|f|f|f|f|f|t|t|THIN|POLISH
kaliningrad-muzey-kvartira-altes-haus|Музей-квартира «Альтес Хаус» (Altes Haus)|Калининград|MUSEUM_ART_SPACE|176|f|f|f|f|f|t|t|THIN|POLISH
moscow-pamyatnik-n-v-gogolyu-grustnyy|Памятник Н. В. Гоголю (грустный)|Москва|MONUMENT|177|f|f|f|f|f|t|t|THIN|POLISH
kaliningrad-kafedral-nyy-sobor|Кафедральный собор|Калининград|TEMPLE|178|f|f|f|f|f|t|t|THIN|POLISH
kaliningrad-ostrov-kanta|Остров Канта (Кнайпхоф)|Калининград|PARK|178|f|f|f|f|f|t|t|THIN|POLISH
moscow-pamyatnik-n-v-gogolyu-paradnyy|Памятник Н. В. Гоголю (парадный)|Москва|MONUMENT|178|f|f|f|f|f|t|t|THIN|POLISH
nizhny-novgorod-pamyatnik-kuzme-mininu|Памятник Кузьме Минину|Нижний Новгород|MONUMENT|179|f|f|f|f|f|t|t|THIN|POLISH
kaliningrad-homlin-mama-varya|Хомлин-мама (Варя)|Калининград|MONUMENT|180|f|f|f|f|f|t|t|THIN|POLISH
nizhny-novgorod-lepi-testo|Лепи Тесто|Нижний Новгород|CLUB_BAR_RESTAURANT|181|f|f|f|f|f|t|t|THIN|POLISH
saint-petersburg-monument-geroicheskim-zaschitnikam-leningrada|Монумент героическим защитникам Ленинграда|Санкт-Петербург|MONUMENT|182|f|f|f|f|f|t|t|THIN|POLISH
nizhny-novgorod-pyatkin-traktir|Трактир «Пяткинъ»|Нижний Новгород|CLUB_BAR_RESTAURANT|182|f|f|f|f|f|t|t|THIN|POLISH
moscow-pamyatnik-sherloku-holmsu-i-doktoru-vatsonu|Памятник Шерлоку Холмсу и доктору Ватсону|Москва|MONUMENT|182|f|f|f|f|f|t|t|THIN|POLISH
saint-petersburg-pamyatnik-anne-ahmatovoy|Памятник Анне Ахматовой|Санкт-Петербург|MONUMENT|183|f|f|f|f|f|t|t|THIN|POLISH
kaliningrad-art-prostranstvo-vorota|Арт-пространство «Ворота»|Калининград|MUSEUM_ART_SPACE|183|f|f|f|f|f|t|t|THIN|POLISH
kaliningrad-dom-sovetov|Дом Советов|Калининград|ATTRACTION|184|f|f|f|f|f|t|t|THIN|POLISH
nizhny-novgorod-arsenal-gtsisi|Центр современного искусства «Арсенал»|Нижний Новгород|MUSEUM_ART_SPACE|185|f|f|f|f|f|t|t|THIN|POLISH
nizhny-novgorod-pamyatnik-chitatel-gazety|Памятник «Читатель газеты»|Нижний Новгород|MONUMENT|188|f|f|f|f|f|t|t|THIN|POLISH
saint-petersburg-pamyatnik-petru-i-u-mihaylovskogo-zamka|Памятник Петру I у Михайловского замка|Санкт-Петербург|MONUMENT|188|f|f|f|f|f|t|t|THIN|POLISH
saint-petersburg-pamyatnik-kutuzovu|Памятник Кутузову|Санкт-Петербург|MONUMENT|188|f|f|f|f|f|t|t|THIN|POLISH
saint-petersburg-pamyatnik-zaytsu-spasshemusya-ot-navodneniya|Памятник Зайцу, спасшемуся от наводнения|Санкт-Петербург|MONUMENT|188|f|f|f|f|f|t|t|THIN|POLISH
saint-petersburg-pamyatnik-a-v-suvorovu|Памятник А. В. Суворову|Санкт-Петербург|MONUMENT|189|f|f|f|f|f|t|t|THIN|POLISH
saint-petersburg-pamyatnik-konke|Памятник конке|Санкт-Петербург|MONUMENT|192|f|f|f|f|f|t|t|THIN|POLISH
nizhny-novgorod-aleksandrovskiy-sad|Александровский сад|Нижний Новгород|PARK|192|f|f|f|f|f|t|t|THIN|POLISH
kaliningrad-gastrobar-sol|Гастробар «Соль»|Калининград|GASTRO|192|f|f|f|f|f|t|t|THIN|POLISH
saint-petersburg-mednyy-vsadnik|Медный всадник|Санкт-Петербург|MONUMENT|194|f|f|f|f|f|t|t|THIN|POLISH
nizhny-novgorod-red-wall-restaurant|Ресторан «Red Wall»|Нижний Новгород|CLUB_BAR_RESTAURANT|195|f|f|f|f|f|t|t|THIN|POLISH
kaliningrad-istoriko-hudozhestvennyy-muzey|Историко-художественный музей|Калининград|MUSEUM_ART_SPACE|195|f|f|f|f|f|t|t|THIN|POLISH
saint-petersburg-pamyatnik-iosifu-brodskomu|Памятник Иосифу Бродскому|Санкт-Петербург|MONUMENT|199|f|f|f|f|f|t|t|THIN|POLISH
saint-petersburg-pamyatnik-aleksandru-iii|Памятник Александру III|Санкт-Петербург|MONUMENT|199|f|f|f|f|f|t|t|THIN|POLISH
saint-petersburg-pamyatnik-dvorniku|Памятник Дворнику|Санкт-Петербург|MONUMENT|199|f|f|f|f|f|t|t|THIN|POLISH
saint-petersburg-peterburgskiy-angel|Петербургский ангел|Санкт-Петербург|MONUMENT|200|f|f|f|f|f|t|t|THIN|POLISH
nizhny-novgorod-yula-pizza|Юла Pizza|Нижний Новгород|CLUB_BAR_RESTAURANT|201|f|f|f|f|f|t|t|THIN|POLISH
nizhny-novgorod-fonoteca-bar|Арт-бар «Фонотека»|Нижний Новгород|CLUB_BAR_RESTAURANT|203|f|f|f|f|f|t|t|THIN|POLISH
saint-petersburg-pamyatnik-peterburgskomu-fotografu|Памятник Петербургскому фотографу|Санкт-Петербург|MONUMENT|206|f|f|f|f|f|t|t|THIN|POLISH
nizhny-novgorod-yale-restaurant|Ресторан современной русской кухни «Yale»|Нижний Новгород|CLUB_BAR_RESTAURANT|207|f|f|f|f|f|t|t|THIN|POLISH
vladivostok-funikulyor|Фуникулёр и Орлиная сопка|Владивосток|ATTRACTION|209|f|f|f|f|f|t|t|THIN|POLISH
perm-pamyatnik-permskomu-tramvayu|Памятник Пермскому трамваю|Пермь|MONUMENT|211|f|f|f|f|f|t|t|THIN|POLISH
moscow-pamyatnik-plavlenomu-syrku-druzhba|Памятник плавленому сырку «Дружба»|Москва|MONUMENT|211|f|f|f|f|f|t|t|THIN|POLISH
saint-petersburg-sfinksy-na-universitetskoy-naberezhnoy|Сфинксы на Университетской набережной|Санкт-Петербург|MONUMENT|212|f|f|f|f|f|t|t|THIN|POLISH
saint-petersburg-pamyatnik-viktoru-tsoyu|Памятник Виктору Цою|Санкт-Петербург|MONUMENT|213|f|f|f|f|f|t|t|THIN|POLISH
saint-petersburg-rostralnye-kolonny|Ростральные колонны|Санкт-Петербург|MONUMENT|213|f|f|f|f|f|t|t|THIN|POLISH
perm-schaste-ne-za-gorami|Арт-объект «Счастье не за горами»|Пермь|ATTRACTION|214|f|f|f|f|f|t|t|THIN|POLISH
nizhny-novgorod-pamyatnik-lozhke-vkusa|Памятник Ложке вкуса|Нижний Новгород|MONUMENT|218|f|f|f|f|f|t|t|THIN|POLISH
kaliningrad-shtayndamm-99|Ресторан «Штайндамм 99»|Калининград|GASTRO|222|f|f|f|f|f|t|t|THIN|POLISH
irkutsk-usadba-sukacheva|Усадьба В. П. Сукачева|Иркутск|MUSEUM_ART_SPACE|226|f|f|f|f|f|t|t|THIN|POLISH
nizhny-novgorod-pamyatnik-olen|Памятник «Олень»|Нижний Новгород|MONUMENT|227|f|f|f|f|t|t|t|CLICHE, THIN|POLISH
saint-petersburg-pamyatnik-petru-i-raboty-shemyakina|Памятник Петру I работы Шемякина|Санкт-Петербург|MONUMENT|229|f|f|f|f|f|t|t|THIN|POLISH
kaliningrad-muzey-bunker|Музей «Бункер»|Калининград|MUSEUM_ART_SPACE|248|f|f|f|f|f|t|t|THIN|POLISH
moscow-pamyatnik-viktoru-tsoyu-na-mototsikle|Памятник Виктору Цою на мотоцикле|Москва|MONUMENT|249|f|f|f|f|f|t|t|THIN|POLISH
perm-pamyatnik-u-tyulenya-bronekater-ak-454|Памятник «У тюленя» (бронекатер АК-454)|Пермь|ATTRACTION|251|f|f|f|f|f|t|t|THIN|POLISH
kazan-kremlevskaya-naberezhnaya|Кремлёвская набережная|Казань|ATTRACTION|255|f|f|f|f|f|t|t|THIN|POLISH
kaliningrad-fort-5|Форт № 5 «Король Фридрих Вильгельм III»|Калининград|MUSEUM_ART_SPACE|256|f|f|f|f|f|t|t|THIN|POLISH
moscow-park-zaryad-e|Парк Зарядье|Москва|PARK|264|f|f|f|f|f|t|t|THIN|POLISH
nizhny-novgorod-mednye-truby-bar|Медные Трубы|Нижний Новгород|CLUB_BAR_RESTAURANT|272|f|f|f|f|f|t|t|THIN|POLISH
kaliningrad-muzey-izobrazitelnyh-iskusstv|Калининградский музей изобразительных искусств|Калининград|MUSEUM_ART_SPACE|277|f|f|f|f|f|t|t|THIN|POLISH
saint-petersburg-petergof|Петергоф|Санкт-Петербург|PARK|292|f|f|f|f|f|t|t|THIN|POLISH
moscow-krasnaya-ploschad-i-kreml|Красная площадь и Кремль|Москва|ATTRACTION|293|f|f|f|f|f|t|t|THIN|POLISH
saint-petersburg-sobornaya-mechet|Санкт-Петербургская соборная мечеть|Санкт-Петербург|TEMPLE|297|f|f|f|f|f|t|t|THIN|POLISH
kazan-hram-vseh-religiy|Храм всех религий|Казань|TEMPLE|315|f|f|f|f|t|f|t|CLICHE|POLISH
veliky-novgorod-pamyatnik-tysyacheletie-rossii|Памятник «Тысячелетие России»|Великий Новгород|MONUMENT|338|f|f|f|f|t|f|t|CLICHE|POLISH
ufa-pamyatnik-salavatu-yulaevu|Памятник Салавату Юлаеву|Уфа|MONUMENT|345|f|f|f|f|t|f|t|CLICHE|POLISH
vladimir-uspenskiy-sobor|Успенский собор|Владимир|TEMPLE|355|f|f|f|f|t|f|t|CLICHE|POLISH
vladimir-dmitrievskiy-sobor|Дмитриевский собор|Владимир|TEMPLE|360|f|f|f|f|t|f|t|CLICHE|POLISH
irkutsk-kazanskaya-tserkov|Казанская церковь (Храм во имя Казанской иконы Божией Матери)|Иркутск|TEMPLE|365|f|f|f|f|t|f|t|CLICHE|POLISH
veliky-novgorod-muzey-derevyannogo-zodchestva-vitoslavlitsy|Музей деревянного зодчества «Витославлицы»|Великий Новгород|MUSEUM_ART_SPACE|367|f|f|f|f|t|f|t|CLICHE|POLISH
veliky-novgorod-novgorodskiy-detinets-kreml|Новгородский Детинец (Кремль)|Великий Новгород|ATTRACTION|368|f|f|f|f|t|f|t|CLICHE|POLISH
samara-muzey-samara-kosmicheskaya|Музей «Самара Космическая»|Самара|MUSEUM_ART_SPACE|372|f|f|f|f|t|f|t|CLICHE|POLISH
vladivostok-okeanarium|Приморский океанариум|Владивосток|ATTRACTION|373|f|f|f|f|t|f|t|CLICHE|POLISH
rostov-na-donu-park-revolyutsii|Парк имени Октябрьской Революции|Ростов-на-Дону|PARK|374|f|f|f|f|t|f|t|CLICHE|POLISH
ulan-ude-golova-lenina|Голова Ленина (Памятник В. И. Ленину)|Улан-Удэ|MONUMENT|377|f|f|f|f|t|f|t|CLICHE|POLISH
krasnoyarsk-karaul-naya-gora-i-chasovnya-paraskevy-pyatnitsy|Караульная гора и часовня Параскевы Пятницы|Красноярск|TEMPLE|377|f|f|f|f|t|f|t|CLICHE|POLISH
sevastopol-muzey-zapovednik-hersones-tavricheskiy|Музей-заповедник «Херсонес Таврический»|Севастополь|MUSEUM_ART_SPACE|379|f|f|f|f|t|f|t|CLICHE|POLISH
tver-imperatorskiy-putevoy-dvorets|Императорский путевой дворец|Тверь|ATTRACTION|380|f|f|f|f|t|f|t|CLICHE|POLISH
tver-pamyatnik-afanasiyu-nikitinu|Памятник Афанасию Никитину|Тверь|MONUMENT|382|f|f|f|f|t|f|t|CLICHE|POLISH
tula-muzey-oruzhiya-shlem|Музей оружия («Шлем»)|Тула|MUSEUM_ART_SPACE|385|f|f|f|f|t|f|t|CLICHE|POLISH
tula-muzey-usad-ba-l-n-tolstogo-yasnaya-polyana|Музей-усадьба Л. Н. Толстого «Ясная Поляна»|Тула|MUSEUM_ART_SPACE|386|f|f|f|f|t|f|t|CLICHE|POLISH
astrahan-astrahanskiy-kreml|Астраханский кремль|Астрахань|ATTRACTION|386|f|f|f|f|t|f|t|CLICHE|POLISH
ekaterinburg-hram-na-krovi|Храм на Крови|Екатеринбург|TEMPLE|387|f|f|f|f|t|f|t|CLICHE|POLISH
novosibirsk-novosibirskiy-teatr-opery-i-baleta-novat|Новосибирский театр оперы и балета (НОВАТ)|Новосибирск|THEATER|389|f|f|f|f|t|f|t|CLICHE|POLISH
habarovsk-habarovskiy-kraevoy-muzey-imeni-n-i-grodekova|Хабаровский краевой музей имени Н. И. Гродекова|Хабаровск|MUSEUM_ART_SPACE|390|f|f|f|f|t|f|t|CLICHE|POLISH
stavropol-stavropol-skiy-botanicheskiy-sad|Ставропольский ботанический сад|Ставрополь|PARK|391|f|f|f|f|t|f|t|CLICHE|POLISH
tula-muzey-tul-skiy-pryanik|Музей «Тульский пряник»|Тула|MUSEUM_ART_SPACE|392|f|f|f|f|t|f|t|CLICHE|POLISH
novosibirsk-novosibirskiy-zoopark-imeni-r-a-shilo|Новосибирский зоопарк имени Р. А. Шило|Новосибирск|PARK|393|f|f|f|f|t|f|t|CLICHE|POLISH
yoshkar-ola-tsarevokokshayskiy-kreml|Царевококшайский Кремль|Йошкар-Ола|ATTRACTION|394|f|f|f|f|t|f|t|CLICHE|POLISH
krasnoyarsk-parohod-muzey-svyatitel-nikolay|Пароход-музей «Святитель Николай»|Красноярск|MUSEUM_ART_SPACE|395|f|f|f|f|t|f|t|CLICHE|POLISH
chelyabinsk-park-kul-tury-i-otdyha-im-yu-a-gagarina|Парк культуры и отдыха им. Ю. А. Гагарина|Челябинск|PARK|396|f|f|f|f|t|f|t|CLICHE|POLISH
vologda-muzey-mir-zabytyh-veschey|Музей «Мир забытых вещей»|Вологда|MUSEUM_ART_SPACE|397|f|f|f|f|t|f|t|CLICHE|POLISH
veliky-novgorod-sofiyskiy-sobor|Софийский собор|Великий Новгород|TEMPLE|399|f|f|f|f|t|f|t|CLICHE|POLISH
kostroma-terem-snegurochki|Терем Снегурочки|Кострома|ATTRACTION|401|f|f|f|f|t|f|t|CLICHE|POLISH
teatr-teatr|Пермский академический Театр-Театр|Пермь|THEATER|402|f|f|f|f|t|f|t|CLICHE|POLISH
abakan-botanicheskiy-sad-so-ran|Абаканский ботанический сад (НИИ аграрных проблем Хакасии СО РАН)|Абакан|PARK|402|f|f|f|f|t|f|t|CLICHE|POLISH
smolensk-lopatinskiy-sad|Лопатинский сад|Смоленск|PARK|403|f|f|f|f|t|f|t|CLICHE|POLISH
pskov-pskovskiy-krom-kreml|Псковский Кром (Кремль)|Псков|ATTRACTION|403|f|f|f|f|t|f|t|CLICHE|POLISH
habarovsk-amurskiy-most-muzey-istorii-amurskogo-mosta|Амурский мост (Музей истории Амурского моста)|Хабаровск|MUSEUM_ART_SPACE|404|f|f|f|f|t|f|t|CLICHE|POLISH
astrahan-rybnyy-rynok-selenskie-isady|Рыбный рынок «Селенские Исады»|Астрахань|GASTRO|404|f|f|f|f|t|f|t|CLICHE|POLISH
irkutsk-muzey-dekabristy|Иркутский музей декабристов (Усадьба Волконских)|Иркутск|MUSEUM_ART_SPACE|405|f|f|f|f|t|f|t|CLICHE|POLISH
yuzhno-sahalinsk-sahalinskiy-zoobotanicheskiy-park|Сахалинский зооботанический парк|Южно-Сахалинск|PARK|406|f|f|f|f|t|f|t|CLICHE|POLISH
murmansk-memorial-zaschitnikam-sovetskogo-zapolyar-ya-v-gody-velikoy-ote|Мемориал «Защитникам Советского Заполярья в годы Великой Отечественной войны» («Алёша»)|Мурманск|MONUMENT|407|f|f|f|f|t|f|t|CLICHE|POLISH
murmansk-memorial-zaschitnikam-sovetskogo-zapolyarya-v-gody-velikoy-otechestvenno|Мемориал «Защитникам Советского Заполярья в годы Великой Отечественной войны» («Алёша»)|Мурманск|MONUMENT|407|f|f|f|f|t|f|t|CLICHE|POLISH
tula-tul-skiy-kreml|Тульский Кремль|Тула|ATTRACTION|407|f|f|f|f|t|f|t|CLICHE|POLISH
saransk-muzey-mordovskoy-narodnoy-kultury|Музей мордовской народной культуры|Саранск|MUSEUM_ART_SPACE|408|f|f|f|f|t|f|t|CLICHE|POLISH
arhangelsk-arhangelskiy-gostinyy-dvor|Архангельский Гостиный двор|Архангельск|ATTRACTION|413|f|f|f|f|t|f|t|CLICHE|POLISH
krasnoyarsk-muzey-usad-ba-v-i-surikova|Музей-усадьба В. И. Сурикова|Красноярск|MUSEUM_ART_SPACE|416|f|f|f|f|t|f|t|CLICHE|POLISH
astrahan-dom-muzey-borisa-kustodieva|Дом-музей Бориса Кустодиева|Астрахань|MUSEUM_ART_SPACE|418|f|f|f|f|t|f|t|CLICHE|POLISH
ivanovo-schudrovskaya-palatka|Щудровская палатка|Иваново|ATTRACTION|418|f|f|f|f|t|f|t|CLICHE|POLISH
saratov-park-pobedy-na-sokolovoy-gore|Парк Победы на Соколовой горе|Саратов|PARK|418|f|f|f|f|t|f|t|CLICHE|POLISH
blagoveschensk-amurskaya-oblast-pamyatnik-n-n-murav-evu-amurskomu|Памятник Н. Н. Муравьеву-Амурскому|Благовещенск (Амурская область)|MONUMENT|418|f|f|f|f|t|f|t|CLICHE|POLISH
belgorod-pamyatnik-knyazyu-vladimiru-krestitelyu-rusi|Памятник князю Владимиру (Крестителю Руси)|Белгород|MONUMENT|420|f|f|f|f|t|f|t|CLICHE|POLISH
cheboksary-vvedenskiy-kafedralnyy-sobor|Введенский кафедральный собор|Чебоксары|TEMPLE|420|f|f|f|f|t|f|t|CLICHE|POLISH
astrahan-astrahanskiy-biosfernyy-zapovednik|Астраханский биосферный заповедник|Астрахань|PARK|421|f|f|f|f|t|f|t|CLICHE|POLISH
stavropol-krepostnaya-gora|Крепостная гора|Ставрополь|ATTRACTION|421|f|f|f|f|t|f|t|CLICHE|POLISH
simferopol-arheologicheskiy-zapovednik-skifskiy-neapol|Археологический заповедник «Скифский Неаполь»|Симферополь|PARK|422|f|f|f|f|t|f|t|CLICHE|POLISH
rostov-na-donu-tsentral-nyy-rynok-staryy-bazar|Центральный рынок (Старый базар)|Ростов-на-Дону|GASTRO|422|f|f|f|f|t|f|t|CLICHE|POLISH
saratov-saratovskiy-hudozhestvennyy-muzey-imeni-a-n-radischeva|Саратовский художественный музей имени А. Н. Радищева|Саратов|MUSEUM_ART_SPACE|423|f|f|f|f|t|f|t|CLICHE|POLISH
bryansk-park-muzey-imeni-a-k-tolstogo|Парк-музей имени А. К. Толстого|Брянск|PARK|425|f|f|f|f|t|f|t|CLICHE|POLISH
tambov-kazanskiy-muzhskoy-monastyr|Казанский мужской монастырь|Тамбов|TEMPLE|426|f|f|f|f|t|f|t|CLICHE|POLISH
pskov-hramy-pskovskoy-arhitekturnoy-shkoly|Храмы псковской архитектурной школы (Наследие ЮНЕСКО)|Псков|TEMPLE|426|f|f|f|f|t|f|t|CLICHE|POLISH
barnaul-muzey-mir-vremeni|Музей «Мир времени»|Барнаул|MUSEUM_ART_SPACE|426|f|f|f|f|t|f|t|CLICHE|POLISH
orel-park-dvoryanskoe-gnezdo|Ландшафтный парк «Дворянское гнездо»|Орёл|PARK|430|f|f|f|f|t|f|t|CLICHE|POLISH
kirov-kirovskaya-oblast-vyatskiy-paleontologicheskiy-muzey|Вятский палеонтологический музей|Киров (Кировская область)|MUSEUM_ART_SPACE|430|f|f|f|f|t|f|t|CLICHE|POLISH
belgorod-muzey-diorama-kurskaya-bitva-belgorodskoe-napravlenie|Музей-диорама «Курская битва. Белгородское направление»|Белгород|MUSEUM_ART_SPACE|431|f|f|f|f|t|f|t|CLICHE|POLISH
volgograd-volgogradskiy-metrotram|Волгоградский метротрам (Скоростной трамвай)|Волгоград|ATTRACTION|432|f|f|f|f|t|f|t|CLICHE|POLISH
krasnodar-park-galitskogo-park-krasnodar|Парк Галицкого (парк «Краснодар»)|Краснодар|PARK|434|f|f|f|f|t|f|t|CLICHE|POLISH
kostroma-svyato-troitskiy-ipatevskiy-monastyr|Свято-Троицкий Ипатьевский монастырь|Кострома|TEMPLE|439|f|f|f|f|t|f|t|CLICHE|POLISH
kaluga-kaluzhskie-gostinye-ryady|Калужские Гостиные ряды|Калуга|ATTRACTION|439|f|f|f|f|t|f|t|CLICHE|POLISH
novosibirsk-akademgorodok|Академгородок|Новосибирск|PARK|442|f|f|f|f|t|f|t|CLICHE|POLISH
vologda-muzey-kruzheva|Музей кружева|Вологда|MUSEUM_ART_SPACE|445|f|f|f|f|t|f|t|CLICHE|POLISH
cheboksary-monument-mat-pokrovitelnitsa|Монумент «Мать-Покровительница»|Чебоксары|MONUMENT|445|f|f|f|f|t|f|t|CLICHE|POLISH
ulyanovsk-golovnoy-muzey-istorii-grazhdanskoy-aviatsii|Головной отраслевой музей истории гражданской авиации|Ульяновск|MUSEUM_ART_SPACE|447|f|f|f|f|t|f|t|CLICHE|POLISH
barnaul-nagornyy-park-i-bukvy-barnaul|Нагорный парк и буквы «БАРНАУЛ»|Барнаул|PARK|450|f|f|f|f|t|f|t|CLICHE|POLISH
cheboksary-nauchno-tehnicheskiy-muzey-istorii-traktora|Научно-технический музей истории трактора|Чебоксары|MUSEUM_ART_SPACE|455|f|f|f|f|t|f|t|CLICHE|POLISH
penza-muzey-odnoy-kartiny-im-g-v-myasnikova|Музей одной картины им. Г. В. Мясникова|Пенза|MUSEUM_ART_SPACE|457|f|f|f|f|t|f|t|CLICHE|POLISH
izhevsk-muzey-strelkovogo-oruzhiya-imeni-m-t-kalashnikova|Музей стрелкового оружия имени М. Т. Калашникова|Ижевск|MUSEUM_ART_SPACE|458|f|f|f|f|t|f|t|CLICHE|POLISH
permskaya-esplanada|Пермская эспланада|Пермь|PARK|458|f|f|f|f|t|f|t|CLICHE|POLISH
syktyvkar-svyato-stefanovskiy-kafedralnyy-sobor|Свято-Стефановский кафедральный собор|Сыктывкар|TEMPLE|459|f|f|f|f|t|f|t|CLICHE|POLISH
kemerovo-muzey-zapovednik-krasnaya-gorka|Музей-заповедник «Красная Горка»|Кемерово|MUSEUM_ART_SPACE|459|f|f|f|f|t|f|t|CLICHE|POLISH
chita-muzey-dekabristov-mihaylo-arhangelskaya-tserkov|Музей декабристов (Михайло-Архангельская церковь)|Чита|MUSEUM_ART_SPACE|459|f|f|f|f|t|f|t|CLICHE|POLISH
ryazan-ryazanskiy-kreml|Рязанский Кремль|Рязань|ATTRACTION|460|f|f|f|f|t|f|t|CLICHE|POLISH
syktyvkar-natsionalnaya-galereya-respubliki-komi|Национальная галерея Республики Коми|Сыктывкар|MUSEUM_ART_SPACE|461|f|f|f|f|t|f|t|CLICHE|POLISH
muzej-hohlovka|Архитектурно-этнографический музей «Хохловка»|Пермь|MUSEUM_ART_SPACE|466|f|f|f|f|t|f|t|CLICHE|POLISH
kostroma-kostromskie-torgovye-ryady|Костромские Торговые ряды|Кострома|ATTRACTION|468|f|f|f|f|t|f|t|CLICHE|POLISH
barnaul-barnaul-skiy-serebroplavil-nyy-zavod-spichka|Барнаульский сереброплавильный завод («Спичка»)|Барнаул|ATTRACTION|471|f|f|f|f|t|f|t|CLICHE|POLISH
vologda-kolokol-nya-sofiyskogo-sobora|Колокольня Софийского собора|Вологда|TEMPLE|472|f|f|f|f|t|f|t|CLICHE|POLISH
tomsk-muzey-slavyanskoy-mifologii|Первейший музей славянской мифологии|Томск|MUSEUM_ART_SPACE|495|f|f|f|f|t|f|t|CLICHE|POLISH
moscow-vdnh|ВДНХ|Москва|PARK|304|f|f|f|f|f|f|t||OK
moscow-tret-yakovskaya-galereya|Третьяковская галерея|Москва|MUSEUM_ART_SPACE|308|f|f|f|f|f|f|t||OK
kazan-kazanskiy-kreml|Казанский Кремль|Казань|ATTRACTION|313|f|f|f|f|f|f|t||OK
moscow-bol-shoy-teatr|Большой театр|Москва|THEATER|320|f|f|f|f|f|f|t||OK
yaroslavl-gubernatorskiy-sad|Губернаторский сад|Ярославль|PARK|320|f|f|f|f|f|f|t||OK
ekaterinburg-smotrovaya-ploschadka-bts-vysotskiy|Смотровая площадка БЦ «Высоцкий»|Екатеринбург|ATTRACTION|326|f|f|f|f|f|f|t||OK
kazan-mechet-kul-sharif|Мечеть Кул-Шариф|Казань|TEMPLE|338|f|f|f|f|f|f|t||OK
yaroslavl-tserkov-il-i-proroka|Церковь Ильи Пророка|Ярославль|TEMPLE|344|f|f|f|f|f|f|t||OK
krasnodar-gorodskoy-sad-park-gor-kogo|Городской сад (парк имени Горького)|Краснодар|PARK|346|f|f|f|f|f|f|t||OK
murmansk-murmanskiy-oblastnoy-kraevedcheskiy-muzey|Мурманский областной краеведческий музей|Мурманск|MUSEUM_ART_SPACE|347|f|f|f|f|f|f|t||OK
ekaterinburg-el-tsin-tsentr|Ельцин Центр|Екатеринбург|MUSEUM_ART_SPACE|348|f|f|f|f|f|f|t||OK
tula-tvorcheskiy-industrial-nyy-klaster-oktava|Творческий индустриальный кластер «Октава»|Тула|MUSEUM_ART_SPACE|351|f|f|f|f|f|f|t||OK
kurgan-pozharnaya-kalancha|Пожарная каланча|Курган|ATTRACTION|357|f|f|f|f|f|f|t||OK
kaliningrad-yantarnyy-kombinat|Янтарный комбинат|Калининград|MUSEUM_ART_SPACE|358|f|f|f|f|f|f|t||OK
omsk-uspenskiy-kafedral-nyy-sobor|Успенский кафедральный собор|Омск|TEMPLE|358|f|f|f|f|f|f|t||OK
sevastopol-pamyatnik-zatoplennym-korablyam-i-grafskaya-pristan|Памятник затопленным кораблям и Графская пристань|Севастополь|MONUMENT|360|f|f|f|f|f|f|t||OK
kemerovo-kemerovskiy-oblastnoy-kraevedcheskiy-muzey|Кемеровский областной краеведческий музей|Кемерово|MUSEUM_ART_SPACE|362|f|f|f|f|f|f|t||OK
yoshkar-ola-respublikanskiy-teatr-kukol|Республиканский театр кукол|Йошкар-Ола|THEATER|363|f|f|f|f|f|f|t||OK
yaroslavl-yaroslavskiy-hudozhestvennyy-muzey|Ярославский художественный музей|Ярославль|MUSEUM_ART_SPACE|365|f|f|f|f|f|f|t||OK
stavropol-tatarskoe-gorodische|Музей-заповедник «Татарское городище»|Ставрополь|MUSEUM_ART_SPACE|369|f|f|f|f|f|f|t||OK
ufa-mechet-medrese-lyalya-tyul-pan|Мечеть-медресе «Ляля-Тюльпан»|Уфа|TEMPLE|369|f|f|f|f|f|f|t||OK
saratov-hram-utoli-moya-pechali|Храм «Утоли моя печали»|Саратов|TEMPLE|370|f|f|f|f|f|f|t||OK
arhangelsk-pamyatnik-petru-i|Памятник Петру I|Архангельск|MONUMENT|371|f|f|f|f|f|f|t||OK
tyumen-znamenskiy-kafedral-nyy-sobor|Знаменский кафедральный собор|Тюмень|TEMPLE|373|f|f|f|f|f|f|t||OK
abakan-sayano-shushenskaya-ges|Саяно-Шушенская ГЭС имени П. С. Непорожнего|Абакан|ATTRACTION|373|f|f|f|f|f|f|t||OK
lipeck-akademicheskiy-teatr-dramy-im-l-n-tolstogo|Академический театр драмы им. Л. Н. Толстого|Липецк|THEATER|380|f|f|f|f|f|f|t||OK
omsk-omskaya-krepost|Омская крепость|Омск|ATTRACTION|382|f|f|f|f|f|f|t||OK
voronezh-park-alye-parusa|Парк «Алые паруса»|Воронеж|PARK|382|f|f|f|f|f|f|t||OK
cheboksary-chuvashskiy-natsionalnyy-muzey|Чувашский национальный музей|Чебоксары|MUSEUM_ART_SPACE|383|f|f|f|f|f|f|t||OK
abakan-natsional-nyy-muzey-respubliki-hakasiya|Национальный музей Республики Хакасия (Хакасский краеведческий музей имени Л. Р. Кызласова)|Абакан|MUSEUM_ART_SPACE|383|f|f|f|f|f|f|t||OK
novosibirsk-novosibirskiy-hudozhestvennyy-muzey|Новосибирский художественный музей|Новосибирск|MUSEUM_ART_SPACE|384|f|f|f|f|f|f|t||OK
vladimir-vodonapornaya-bashnya|Водонапорная башня|Владимир|ATTRACTION|385|f|f|f|f|f|f|t||OK
vladivostok-mayak-na-tokarevskoy-koshke|Маяк на Токаревской кошке (маяк Токаревского)|Владивосток|ATTRACTION|386|f|f|f|f|f|f|t||OK
blagoveschensk-amurskaya-oblast-amurskiy-oblastnoy-kraevedcheskiy-muzey-im-g-s-novikova-daurskogo|Амурский областной краеведческий музей им. Г. С. Новикова-Даурского|Благовещенск (Амурская область)|MUSEUM_ART_SPACE|387|f|f|f|f|f|f|t||OK
kemerovo-rudnichnyy-sosnovyy-bor|Рудничный сосновый бор|Кемерово|PARK|387|f|f|f|f|f|f|t||OK
volgograd-muzey-panorama-stalingradskaya-bitva|Музей-панорама «Сталинградская битва»|Волгоград|MUSEUM_ART_SPACE|388|f|f|f|f|f|f|t||OK
yoshkar-ola-skul-pturnaya-kompozitsiya-yoshkin-kot|Скульптурная композиция «Йошкин кот»|Йошкар-Ола|MONUMENT|388|f|f|f|f|f|f|t||OK
krasnodar-pamyatnik-ekaterine-ii|Памятник Екатерине II|Краснодар|MONUMENT|389|f|f|f|f|f|f|t||OK
omsk-pamyatnik-slesar-stepanych|Памятник «Слесарь Степаныч»|Омск|MONUMENT|389|f|f|f|f|f|f|t||OK
krasnoyarsk-natsional-nyy-park-krasnoyarskie-stolby|Национальный парк «Красноярские Столбы»|Красноярск|PARK|389|f|f|f|f|f|f|t||OK
orel-pamyatnik-ivanu-groznomu|Памятник Ивану Грозному|Орёл|MONUMENT|390|f|f|f|f|f|f|t||OK
lipeck-sobornaya-ploschad-i-hristorozhdestvenskiy-kafedralnyy-sobor|Соборная площадь и Христорождественский кафедральный собор|Липецк|TEMPLE|392|f|f|f|f|f|f|t||OK
sochi-olimpiyskiy-park|Олимпийский парк|Сочи|PARK|392|f|f|f|f|f|f|t||OK
belgorod-marfo-mariinskiy-monastyr|Марфо-Мариинский монастырь|Белгород|TEMPLE|394|f|f|f|f|f|f|t||OK
lipeck-muzey-narodnogo-i-dekorativno-prikladnogo-iskusstva|Музей народного и декоративно-прикладного искусства|Липецк|MUSEUM_ART_SPACE|394|f|f|f|f|f|f|t||OK
lipeck-pamyatnik-petru-i-na-ploschadi-petra-velikogo|Памятник Петру I на площади Петра Великого|Липецк|MONUMENT|394|f|f|f|f|f|f|t||OK
orel-muzey-i-s-turgeneva|Музей И. С. Тургенева|Орёл|MUSEUM_ART_SPACE|395|f|f|f|f|f|f|t||OK
ufa-monument-druzhby|Монумент Дружбы|Уфа|MONUMENT|396|f|f|f|f|f|f|t||OK
pskov-gremyachaya-bashnya|Гремячая башня|Псков|ATTRACTION|396|f|f|f|f|f|f|t||OK
ufa-gostinyy-dvor|Гостиный двор|Уфа|ATTRACTION|396|f|f|f|f|f|f|t||OK
kursk-znamenskiy-kafedralnyy-sobor|Знаменский кафедральный собор|Курск|TEMPLE|398|f|f|f|f|f|f|t||OK
samara-katolicheskiy-kostel-presvyatogo-serdtsa-iisusa|Католический костёл Пресвятого Сердца Иисуса|Самара|ATTRACTION|399|f|f|f|f|f|f|t||OK
barnaul-gosudarstvennyy-hudozhestvennyy-muzey-altayskogo-kraya-ghmak|Государственный художественный музей Алтайского края (ГХМАК)|Барнаул|MUSEUM_ART_SPACE|400|f|f|f|f|f|f|t||OK
yaroslavl-yaroslavskiy-kreml-spaso-preobrazhenskiy-monastyr|Ярославский кремль (Спасо-Преображенский монастырь)|Ярославль|TEMPLE|400|f|f|f|f|f|f|t||OK
ivanovo-muzey-ivanovskogo-sittsa|Музей ивановского ситца|Иваново|MUSEUM_ART_SPACE|400|f|f|f|f|f|f|t||OK
orel-bogoyavlenskiy-sobor|Богоявленский собор|Орёл|TEMPLE|402|f|f|f|f|f|f|t||OK
tver-pamyatnik-mihailu-krugu|Памятник Михаилу Кругу|Тверь|MONUMENT|403|f|f|f|f|f|f|t||OK
habarovsk-grado-habarovskiy-sobor-uspeniya-bozhiey-materi|Градо-Хабаровский собор Успения Божией Матери|Хабаровск|TEMPLE|403|f|f|f|f|f|f|t||OK
kaluga-dom-muzey-k-e-tsiolkovskogo|Дом-музей К. Э. Циолковского|Калуга|MUSEUM_ART_SPACE|404|f|f|f|f|f|f|t||OK
penza-muzey-zapovednik-tarhany|Государственный Лермонтовский музей-заповедник «Тарханы»|Пенза|MUSEUM_ART_SPACE|404|f|f|f|f|f|f|t||OK
lipeck-nizhniy-park-i-lipetskiy-byuvet|Нижний парк и Липецкий бювет|Липецк|PARK|404|f|f|f|f|f|f|t||OK
sochi-park-riv-era|Парк «Ривьера»|Сочи|PARK|404|f|f|f|f|f|f|t||OK
murmansk-pamyatnik-zhduschaya|Памятник «Ждущая»|Мурманск|MONUMENT|404|f|f|f|f|f|f|t||OK
yuzhno-sahalinsk-muzeyno-memorialnyy-kompleks-pobeda|Музейно-мемориальный комплекс «Победа»|Южно-Сахалинск|MUSEUM_ART_SPACE|405|f|f|f|f|f|f|t||OK
novosibirsk-muzey-mirovoy-pogrebal-noy-kul-tury|Музей мировой погребальной культуры|Новосибирск|MUSEUM_ART_SPACE|405|f|f|f|f|f|f|t||OK
sochi-morskoy-vokzal-sochi|Морской вокзал Сочи|Сочи|ATTRACTION|405|f|f|f|f|f|f|t||OK
izhevsk-mihaylovskaya-kolonna|Михайловская колонна|Ижевск|MONUMENT|405|f|f|f|f|f|f|t||OK
ryazan-muzey-usad-ba-akademika-i-p-pavlova|Музей-усадьба академика И. П. Павлова|Рязань|MUSEUM_ART_SPACE|405|f|f|f|f|f|f|t||OK
belgorod-tsentral-nyy-park-kul-tury-i-otdyha-imeni-v-i-lenina|Центральный парк культуры и отдыха имени В. И. Ленина|Белгород|PARK|405|f|f|f|f|f|f|t||OK
pskov-pskovo-pecherskiy-monastyr|Свято-Успенский Псково-Печерский монастырь|Псков|TEMPLE|407|f|f|f|f|f|f|t||OK
sortavala-istoricheskiy-park-bastion|Исторический парк «Бастионъ»|Сортавала|PARK|408|f|f|f|f|f|f|t||OK
penza-park-imeni-v-g-belinskogo|Центральный парк культуры и отдыха имени В. Г. Белинского|Пенза|PARK|408|f|f|f|f|f|f|t||OK
voronezh-pamyatnik-belomu-bimu|Памятник Белому Биму|Воронеж|MONUMENT|410|f|f|f|f|f|f|t||OK
volgograd-dom-pavlova|Дом Павлова|Волгоград|ATTRACTION|410|f|f|f|f|f|f|t||OK
sortavala-gornyy-park-ruskeala|Горный парк «Рускеала»|Сортавала|PARK|411|f|f|f|f|f|f|t||OK
sortavala-park-vakkosalmi-i-gora-kuhavuori|Парк Ваккосалми и гора Кухавуори|Сортавала|PARK|411|f|f|f|f|f|f|t||OK
arhangelsk-novodvinskaya-krepost|Новодвинская крепость|Архангельск|ATTRACTION|414|f|f|f|f|f|f|t||OK
tomsk-lagernyy-sad|Лагерный сад|Томск|PARK|414|f|f|f|f|f|f|t||OK
chelyabinsk-gosudarstvennyy-istoricheskiy-muzey-yuzhnogo-urala|Государственный исторический музей Южного Урала|Челябинск|MUSEUM_ART_SPACE|414|f|f|f|f|f|f|t||OK
kaluga-ulitsa-teatral-naya-kaluzhskiy-arbat|Улица Театральная (Калужский Арбат)|Калуга|THEATER|415|f|f|f|f|f|f|t||OK
habarovsk-gorodskie-prudy-i-park-dinamo|Городские пруды и парк «Динамо»|Хабаровск|PARK|415|f|f|f|f|f|f|t||OK
yoshkar-ola-blagoveschenskaya-bashnya|Благовещенская башня|Йошкар-Ола|ATTRACTION|416|f|f|f|f|f|f|t||OK
yuzhno-sahalinsk-sahalinskiy-oblastnoy-kraevedcheskiy-muzey|Сахалинский областной краеведческий музей|Южно-Сахалинск|MUSEUM_ART_SPACE|416|f|f|f|f|f|f|t||OK
bryansk-memorial-nyy-kompleks-partizanskaya-polyana|Мемориальный комплекс «Партизанская поляна»|Брянск|MONUMENT|418|f|f|f|f|f|f|t||OK
murmansk-memorialnyy-kompleks-moryakam-pogibshim-v-mirnoe-vremya|Мемориальный комплекс «Морякам, погибшим в мирное время»|Мурманск|MONUMENT|418|f|f|f|f|f|f|t||OK
smolensk-istoriko-arhitekturnyy-kompleks-teremok-flenovo|Историко-архитектурный комплекс «Теремок» (Флёново)|Смоленск|ATTRACTION|418|f|f|f|f|f|f|t||OK
ulan-ude-etnograficheskiy-muzey|Этнографический музей народов Забайкалья|Улан-Удэ|MUSEUM_ART_SPACE|418|f|f|f|f|f|f|t||OK
ulyanovsk-muzey-zapovednik-rodina-v-i-lenina|Музей-заповедник «Родина В.И. Ленина»|Ульяновск|MUSEUM_ART_SPACE|418|f|f|f|f|f|f|t||OK
ryazan-muzey-zapovednik-s-a-esenina-v-konstantinovo|Музей-заповедник С. А. Есенина в Константиново|Рязань|MUSEUM_ART_SPACE|419|f|f|f|f|f|f|t||OK
belgorod-pamyatnik-smotritel-dorog-pamyatnik-chestnomu-avtoinspektoru-grechihinu|Памятник «Смотритель дорог» (Памятник честному автоинспектору Гречихину)|Белгород|MONUMENT|420|f|f|f|f|f|f|t||OK
blagoveschensk-amurskaya-oblast-kafedral-nyy-sobor-blagovescheniya-presvyatoy-bogoroditsy|Кафедральный собор Благовещения Пресвятой Богородицы|Благовещенск (Амурская область)|TEMPLE|420|f|f|f|f|f|f|t||OK
orenburg-muzey-kosmonavtiki|Музей космонавтики (Музей космоса)|Оренбург|MUSEUM_ART_SPACE|421|f|f|f|f|f|f|t||OK
bryansk-pokrovskiy-sobor|Покровский собор|Брянск|TEMPLE|421|f|f|f|f|f|f|t||OK
kemerovo-muzey-zapovednik-tomskaya-pisanitsa|Музей-заповедник «Томская Писаница»|Кемерово|MUSEUM_ART_SPACE|422|f|f|f|f|f|f|t||OK
izhevsk-pamyatnik-izhiku|Памятник Ижику|Ижевск|MONUMENT|423|f|f|f|f|f|f|t||OK
syktyvkar-pamyatnik-kupecheskomu-sunduku|Памятник купеческому сундуку|Сыктывкар|MONUMENT|423|f|f|f|f|f|f|t||OK
arhangelsk-muzey-derevyannogo-zodchestva-malye-korely|Музей деревянного зодчества «Малые Корелы»|Архангельск|MUSEUM_ART_SPACE|423|f|f|f|f|f|f|t||OK
belgorod-sobornaya-ploschad|Соборная площадь|Белгород|TEMPLE|423|f|f|f|f|f|f|t||OK
barnaul-muzey-avtougona-imeni-yuriya-detochkina|Музей автоугона имени Юрия Деточкина|Барнаул|MUSEUM_ART_SPACE|424|f|f|f|f|f|f|t||OK
penza-pamyatnik-pervoposelentsu|Памятник Первопоселенцу|Пенза|MONUMENT|425|f|f|f|f|f|f|t||OK
kursk-sergievo-kazanskiy-sobor|Сергиево-Казанский собор|Курск|TEMPLE|425|f|f|f|f|f|f|t||OK
tomsk-pamyatnik-a-p-chehovu|Памятник А. П. Чехову|Томск|MONUMENT|425|f|f|f|f|f|f|t||OK
ivanovo-muzey-promyshlennosti-i-iskusstva-muzey-d-g-burylina|Музей промышленности и искусства (Музей Д. Г. Бурылина)|Иваново|MUSEUM_ART_SPACE|428|f|f|f|f|f|f|t||OK
lipeck-prirodnyy-park-chudes-kudykina-gora|Природный парк чудес «Кудыкина гора»|Липецк|PARK|428|f|f|f|f|f|f|t||OK
kurgan-muzey-istorii-goroda-kurgana-usadba-kuptsa-berezina|Музей истории города Кургана (Усадьба купца Березина)|Курган|MUSEUM_ART_SPACE|429|f|f|f|f|f|f|t||OK
saransk-muzey-izobrazitelnyh-iskusstv-im-s-d-erzi|Музей изобразительных искусств им. С. Д. Эрьзи|Саранск|MUSEUM_ART_SPACE|430|f|f|f|f|f|f|t||OK
samara-zhigulevskiy-pivovarennyy-zavod|Жигулёвский пивоваренный завод|Самара|ATTRACTION|430|f|f|f|f|f|f|t||OK
kostroma-muzey-syra|Музей сыра|Кострома|MUSEUM_ART_SPACE|431|f|f|f|f|f|f|t||OK
kursk-kurskiy-gosudarstvennyy-oblastnoy-kraevedcheskiy-muzey|Курский государственный областной краеведческий музей|Курск|MUSEUM_ART_SPACE|432|f|f|f|f|f|f|t||OK
sevastopol-muzey-chernomorskogo-flota|Военно-исторический музей Черноморского флота|Севастополь|MUSEUM_ART_SPACE|432|f|f|f|f|f|f|t||OK
bryansk-svenskiy-svyato-uspenskiy-monastyr|Свенский Свято-Успенский монастырь|Брянск|TEMPLE|435|f|f|f|f|f|f|t||OK
smolensk-pamyatnik-blagodarnaya-rossiya-geroyam-1812-goda-pamyatnik-s-orlami|Памятник «Благодарная Россия героям 1812 года» (Памятник с орлами)|Смоленск|MONUMENT|436|f|f|f|f|f|f|t||OK
smolensk-pamyatnik-blagodarnaya-rossiya-geroyam-1812-goda-pamyatnik-s-or|Памятник «Благодарная Россия героям 1812 года» (Памятник с орлами)|Смоленск|MONUMENT|436|f|f|f|f|f|f|t||OK
murmansk-atomnyy-ledokol-lenin|Атомный ледокол «Ленин»|Мурманск|ATTRACTION|436|f|f|f|f|f|f|t||OK
ryazan-pamyatnik-griby-s-glazami|Памятник «Грибы с глазами»|Рязань|MONUMENT|437|f|f|f|f|f|f|t||OK
pskov-izborskaya-krepost|Изборская крепость|Псков|ATTRACTION|438|f|f|f|f|f|f|t||OK
izhevsk-zoopark-udmurtii|Государственный зоопарк Удмуртии|Ижевск|PARK|439|f|f|f|f|f|f|t||OK
kirov-kirovskaya-oblast-zapovednik-skazok-interaktivnyy-park-rezidentsiya-kikimory-vyatskoy|«Заповедник сказок» (Интерактивный парк «Резиденция Кикиморы Вятской»)|Киров (Кировская область)|PARK|439|f|f|f|f|f|f|t||OK
yuzhno-sahalinsk-kafedralnyy-sobor-rozhdestva-hristova|Кафедральный собор Рождества Христова|Южно-Сахалинск|TEMPLE|439|f|f|f|f|f|f|t||OK
kurgan-kurganskiy-aviatsionnyy-muzey|Курганский авиационный музей|Курган|MUSEUM_ART_SPACE|440|f|f|f|f|f|f|t||OK
kirov-kirovskaya-oblast-svyato-uspenskiy-trifonov-muzhskoy-monastyr|Свято-Успенский Трифонов мужской монастырь|Киров (Кировская область)|TEMPLE|440|f|f|f|f|f|f|t||OK
ulyanovsk-pamyatnik-bukve-e|Памятник букве «Ё»|Ульяновск|MONUMENT|440|f|f|f|f|f|f|t||OK
syktyvkar-pozharnaya-kalancha|Пожарная каланча|Сыктывкар|ATTRACTION|441|f|f|f|f|f|f|t||OK
smolensk-smolenskaya-krepostnaya-stena|Смоленская крепостная стена|Смоленск|ATTRACTION|441|f|f|f|f|f|f|t||OK
kursk-memorialnyy-kompleks-kurskaya-duga|Мемориальный комплекс «Курская дуга»|Курск|MONUMENT|441|f|f|f|f|f|f|t||OK
smolensk-gromovaya-bashnya|Громовая башня|Смоленск|ATTRACTION|443|f|f|f|f|f|f|t||OK
tomsk-muzey-istorii-tomska|Музей истории Томска|Томск|MUSEUM_ART_SPACE|445|f|f|f|f|f|f|t||OK
kaluga-kaluzhskiy-oblastnoy-dramaticheskiy-teatr|Калужский областной драматический театр|Калуга|THEATER|446|f|f|f|f|f|f|t||OK
kurgan-svyato-troitskiy-sobor|Свято-Троицкий собор|Курган|TEMPLE|446|f|f|f|f|f|f|t||OK
permskaya-galereya|Пермская художественная галерея|Пермь|MUSEUM_ART_SPACE|446|f|f|f|f|f|f|t||OK
kirov-kirovskaya-oblast-aleksandrovskiy-sad|Александровский сад|Киров (Кировская область)|PARK|446|f|f|f|f|f|f|t||OK
kursk-muzey-usadba-a-a-feta|Музей-усадьба А. А. Фета|Курск|MUSEUM_ART_SPACE|448|f|f|f|f|f|f|t||OK
nizhny-novgorod-nizhegorodskiy-kreml|Нижегородский Кремль|Нижний Новгород|ATTRACTION|448|f|f|f|f|f|f|t||OK
voronezh-korabl-muzey-goto-predestinatsiya|Корабль-музей «Гото Предестинация»|Воронеж|MUSEUM_ART_SPACE|449|f|f|f|f|f|f|t||OK
tambov-pamyatnik-tambovskomu-muzhiku|Памятник Тамбовскому мужику|Тамбов|MONUMENT|449|f|f|f|f|f|f|t||OK
izhevsk-svyato-mihaylovskiy-sobor|Свято-Михайловский кафедральный собор|Ижевск|TEMPLE|450|f|f|f|f|f|f|t||OK
simferopol-gagarinskiy-park|Гагаринский парк (Парк им. Ю. А. Гагарина)|Симферополь|PARK|450|f|f|f|f|f|f|t||OK
ulyanovsk-leninskiy-memorial|Ленинский мемориал|Ульяновск|MONUMENT|452|f|f|f|f|f|f|t||OK
kemerovo-monument-pamyat-shahteram-kuzbassa-ernsta-neizvestnogo|Монумент «Память шахтерам Кузбасса» Эрнста Неизвестного|Кемерово|MONUMENT|453|f|f|f|f|f|f|t||OK
volgograd-mel-nitsa-gergardta|Мельница Гергардта (Мельница Грудинина)|Волгоград|ATTRACTION|454|f|f|f|f|f|f|t||OK
ryazan-muzey-istorii-ryazanskogo-ledentsa|Музей истории рязанского леденца|Рязань|MUSEUM_ART_SPACE|455|f|f|f|f|f|f|t||OK
kostroma-pozharnaya-kalancha-na-susaninskoy-ploschadi|Пожарная каланча на Сусанинской площади|Кострома|ATTRACTION|455|f|f|f|f|f|f|t||OK
vologda-vologodskiy-kreml-arhiereyskiy-dvor|Вологодский кремль (Архиерейский двор)|Вологда|ATTRACTION|456|f|f|f|f|f|f|t||OK
vologda-pamyatnik-bukve-o|Памятник букве «О»|Вологда|MONUMENT|456|f|f|f|f|f|f|t||OK
tambov-tambovskiy-oblastnoy-kraevedcheskiy-muzey|Тамбовский областной краеведческий музей|Тамбов|MUSEUM_ART_SPACE|457|f|f|f|f|f|f|t||OK
smolensk-svyato-uspenskiy-kafedralnyy-sobor|Свято-Успенский кафедральный собор|Смоленск|TEMPLE|458|f|f|f|f|f|f|t||OK
chita-kafedralnyy-sobor-kazanskoy-ikony-bozhiey-materi|Кафедральный собор Казанской иконы Божией Матери|Чита|TEMPLE|459|f|f|f|f|f|f|t||OK
tambov-spaso-preobrazhenskiy-kafedralnyy-sobor|Спасо-Преображенский кафедральный собор|Тамбов|TEMPLE|459|f|f|f|f|f|f|t||OK
saransk-kafedralnyy-sobor-svyatogo-pravednogo-voina-feodora-ushakova|Кафедральный собор святого праведного воина Феодора Ушакова|Саранск|TEMPLE|462|f|f|f|f|f|f|t||OK
kaluga-gosudarstvennyy-muzey-istorii-kosmonavtiki-im-k-e-tsiolkovskogo|Государственный музей истории космонавтики им. К. Э. Циолковского|Калуга|MUSEUM_ART_SPACE|464|f|f|f|f|f|f|t||OK
ivanovo-ivanovskiy-oblastnoy-dramaticheskiy-teatr|Ивановский областной драматический театр|Иваново|THEATER|465|f|f|f|f|f|f|t||OK
astrahan-astrahanskiy-gosudarstvennyy-teatr-opery-i-baleta|Астраханский государственный театр оперы и балета|Астрахань|THEATER|466|f|f|f|f|f|f|t||OK
chita-dvorets-shumovyh|Дворец Шумовых|Чита|ATTRACTION|476|f|f|f|f|f|f|t||OK
tambov-muzey-usadba-aseevyh|Музей-усадьба Асеевых|Тамбов|MUSEUM_ART_SPACE|478|f|f|f|f|f|f|t||OK
