id|slug|title|kind|city_slug|city_title|flag01|flag02|flag03|flag04|flag05|flag06|flag07|flag08|flag09|flag10|lat|lng|desclen
ven_ms_31783628245c371b|abakan-sayano-shushenskaya-ges|Саяно-Шушенская ГЭС имени П. С. Непорожнего|ATTRACTION|абакан|Абакан|0|0|1|1|1|1|1|1|1|1|52.826389|91.371111|373
ven_ms_81f9e53bec4cbc46|arhangelsk-arhangelskiy-gostinyy-dvor|Архангельский Гостиный двор|ATTRACTION|архангельск|Архангельск|0|0|1|1|1|1|1|1|1|1|64.535556|40.518333|413
ven_ms_b1e73a6502998b71|arhangelsk-novodvinskaya-krepost|Новодвинская крепость|ATTRACTION|архангельск|Архангельск|0|0|1|1|1|1|1|1|1|1|64.694124|40.421245|414
ven_ms_3af60cadd888b44e|astrahan-astrahanskiy-kreml|Астраханский кремль|ATTRACTION|астрахань|Астрахань|0|0|1|1|1|1|1|1|1|1|46.349444|48.032778|386
ven_ms_a8f34c3e498bab9e|barnaul-barnaul-skiy-serebroplavil-nyy-zavod-spichka|Барнаульский сереброплавильный завод («Спичка»)|ATTRACTION|барнаул|Барнаул|0|0|1|1|1|1|1|1|1|1|53.323145|83.794512|471
ven_ms_734dd219093e2ab9|veliky-novgorod-novgorodskiy-detinets-kreml|Новгородский Детинец (Кремль)|ATTRACTION|великии-новгород|Великий Новгород|0|0|1|1|1|1|1|1|1|1|58.521404|31.275535|368
ven_ms_329382c167be18d7|vladivostok-mayak-na-tokarevskoy-koshke|Маяк на Токаревской кошке (маяк Токаревского)|ATTRACTION|владивосток|Владивосток|0|0|1|1|1|1|1|1|1|1|43.072222|131.843333|386
ven_ms_14c6c907b89dbd4d|vladivostok-okeanarium|Приморский океанариум|ATTRACTION|владивосток|Владивосток|0|0|1|1|1|1|1|1|1|1|43.008954|131.925412|373
ven_ms_ef0ebdebad1099f1|vladivostok-funikulyor|Фуникулёр и Орлиная сопка|ATTRACTION|владивосток|Владивосток|0|0|1|1|1|1|1|1|1|1|43.1169|131.8853|209
ven_ms_5e8c6446dc48ddb9|vladimir-vodonapornaya-bashnya|Водонапорная башня|ATTRACTION|владимир|Владимир|0|0|1|1|1|1|1|1|1|1|56.124314|40.398642|385
ven_ms_3d38a7ea54bd5b1d|volgograd-volgogradskiy-metrotram|Волгоградский метротрам (Скоростной трамвай)|ATTRACTION|волгоград|Волгоград|0|0|1|1|1|1|1|1|1|1|48.712145|44.526942|432
ven_ms_2b93d31ce33d7b07|volgograd-dom-pavlova|Дом Павлова|ATTRACTION|волгоград|Волгоград|0|0|1|1|1|1|1|1|1|1|48.715833|44.531111|410
ven_ms_47257bac30a9d634|volgograd-mel-nitsa-gergardta|Мельница Гергардта (Мельница Грудинина)|ATTRACTION|волгоград|Волгоград|0|0|1|1|1|1|1|1|1|1|48.715854|44.531939|454
ven_ms_3bee11d27043b043|vologda-vologodskiy-kreml-arhiereyskiy-dvor|Вологодский кремль (Архиерейский двор)|ATTRACTION|вологда|Вологда|0|0|1|1|1|1|1|1|1|1|59.224125|39.882145|456
ven_ms_d649ea77494ca38b|voronezh-aviatsionnyy-zavod-vaso|Авиационный завод (ВАСО)|ATTRACTION|воронеж|Воронеж|0|0|0|1|1|1|1|0|0|1|51.644102|39.248312|0
ven_ms_fc1c276a54746056|voronezh-arsenal|Арсенал|ATTRACTION|воронеж|Воронеж|0|0|0|1|1|1|1|0|0|1|51.672901|39.215124|0
ven_ms_416fc59f1f332959|voronezh-gostinitsa-bristol|Гостиница «Бристоль»|ATTRACTION|воронеж|Воронеж|0|0|0|1|1|1|1|0|0|1|51.667822|39.207914|0
ven_ms_3b1dfed1651cd6e8|voronezh-dom-kazennoy-palaty|Дом Казенной палаты|ATTRACTION|воронеж|Воронеж|0|0|0|1|1|1|1|0|0|1|51.670412|39.211104|0
ven_ms_b4d5badc5a7a9783|voronezh-dom-gubernatora|Дом губернатора|ATTRACTION|воронеж|Воронеж|0|0|0|1|1|1|1|0|0|1|51.671801|39.211831|0
ven_ms_a422e6936492b5b5|voronezh-zdanie-upravleniya-yuvzhd|Здание Управления ЮВЖД|ATTRACTION|воронеж|Воронеж|0|0|0|1|1|1|1|0|0|1|51.672322|39.213233|0
ven_ms_4cb59cab76e26899|voronezh-maket-korablya-merkuriy|Макет корабля «Меркурий»|ATTRACTION|воронеж|Воронеж|0|0|0|1|1|1|1|0|0|1|51.644342|39.219502|0
ven_ms_04b85dabfba94996|voronezh-meshchanskaya-politseyskaya-chast|Мещанская полицейская часть|ATTRACTION|воронеж|Воронеж|0|0|0|1|1|1|1|0|0|1|51.668541|39.20911|0
ven_ms_7f2c6608b984a8f9|voronezh-ramon|Рамонь|ATTRACTION|воронеж|Воронеж|0|0|0|1|1|1|1|0|0|1|51.908051|39.340552|0
ven_ms_2d3b20aaf68c2107|voronezh-smotrovaya-park-durova|Смотровая площадка у парка им. Дурова|ATTRACTION|воронеж|Воронеж|0|0|0|1|1|1|1|0|0|1|51.655102|39.183421|0
ven_ms_8645de5a269a8e0b|voronezh-usadba-venevitinovyh|Усадьба Веневитиновых (дворцово-парковый комплекс)|ATTRACTION|воронеж|Воронеж|0|0|0|1|1|1|1|0|0|1|51.888912|39.161112|0
ven_ms_0ef9d34f89719e07|voronezh-chernavskaya-damba|Чернавская дамба|ATTRACTION|воронеж|Воронеж|0|0|0|1|1|1|1|0|0|1|51.666112|39.229105|0
ven_ms_2fd0553fa94224fb|ekaterinburg-meriya|Администрация города (Мэрия)|ATTRACTION|екатеринбург|Екатеринбург|0|0|0|1|1|1|1|0|0|1|56.8378|60.5975|0
ven_ms_0ec6d40f4380adf9|ekaterinburg-baden-baden-uktus|Баден-Баден Термы Уктус|ATTRACTION|екатеринбург|Екатеринбург|0|0|0|1|1|1|1|0|0|1|56.784512|60.645688|0
ven_ms_e16c475f79313ae8|ekaterinburg-belaya-bashnya|Белая башня|ATTRACTION|екатеринбург|Екатеринбург|0|0|0|1|1|1|1|0|0|1|56.8839|60.6031|0
ven_ms_fc6ee40992476ec8|ekaterinburg-belyy-dom|Белый дом (Правительство СО)|ATTRACTION|екатеринбург|Екатеринбург|0|0|0|1|1|1|1|0|0|1|56.8436|60.5997|0
ven_ms_70d7b811b440ccbf|ekaterinburg-vodonapornaya-bashnya-plotinka|Водонапорная башня на Плотинке|ATTRACTION|екатеринбург|Екатеринбург|0|0|0|1|1|1|1|0|0|1|56.837892|60.605469|0
ven_ms_196c474aa7d261f9|ekaterinburg-urfu-glavnyy-korpus|Главный учебный корпус УрФУ|ATTRACTION|екатеринбург|Екатеринбург|0|0|0|1|1|1|1|0|0|1|56.8444|60.6522|0
ven_ms_9f5f7ed83a295b56|ekaterinburg-glavpochtamt|Главпочтамт|ATTRACTION|екатеринбург|Екатеринбург|0|0|0|1|1|1|1|0|0|1|56.839513|60.608435|0
ven_ms_81f0a5a14ee18b95|ekaterinburg-uktus-gornolyzhnyy|Горнолыжный комплекс «Уктус»|ATTRACTION|екатеринбург|Екатеринбург|0|0|0|1|1|1|1|0|0|1|56.786911|60.643112|0
ven_ms_bdc80711266ece4f|ekaterinburg-gostinitsa-iset|Гостиница «Исеть»|ATTRACTION|екатеринбург|Екатеринбург|0|0|0|1|1|1|1|0|0|1|56.840803|60.621242|0
ven_ms_ef46e2d1b9d8498d|ekaterinburg-everjazz|Джаз-клуб EverJazz|ATTRACTION|екатеринбург|Екатеринбург|0|0|0|1|1|1|1|0|0|1|56.8419|60.6094|0
ven_ms_b5989e425697392c|ekaterinburg-dom-sevastyanova|Дом Севастьянова|ATTRACTION|екатеринбург|Екатеринбург|0|0|0|1|1|1|1|0|0|1|56.8372|60.6094|0
ven_ms_9b88e3cd7092facc|ekaterinburg-dom-oborony|Дом обороны|ATTRACTION|екатеринбург|Екатеринбург|0|0|0|1|1|1|1|0|0|1|56.835002|60.601052|0
ven_ms_02fae6103c835bae|ekaterinburg-dom-pechati|Дом печати|ATTRACTION|екатеринбург|Екатеринбург|0|0|0|1|1|1|1|0|0|1|56.8394|60.6097|0
ven_ms_6e4d6066ffb1334d|ekaterinburg-l52|Креативный кластер «Л52»|ATTRACTION|екатеринбург|Екатеринбург|0|0|0|1|1|1|1|0|0|1|56.839644|60.625818|0
ven_ms_f6008ea6f3e91868|ekaterinburg-meteogorka|Метеогорка|ATTRACTION|екатеринбург|Екатеринбург|0|0|0|1|1|1|1|0|0|1|56.8333|60.6333|0
ven_ms_21f81f01d85968aa|ekaterinburg-tele-club-fabrika|Музыкальный клуб «Фабрика» (Tele-Club Central)|ATTRACTION|екатеринбург|Екатеринбург|0|0|0|1|1|1|1|0|0|1|56.835339|60.592551|0
ven_ms_57c550532d2d3542|ekaterinburg-mural-uralskiy-bars|Мурал «Уральский барс»|ATTRACTION|екатеринбург|Екатеринбург|0|0|0|1|1|1|1|0|0|1|56.831814|60.600172|0
ven_ms_5efd2545cc1f2398|ekaterinburg-okruzhnoy-dom-ofitserov|Окружной дом офицеров (ОДО)|ATTRACTION|екатеринбург|Екатеринбург|0|0|0|1|1|1|1|0|0|1|56.8383|60.6247|0
ven_ms_fab13a6ea9df86c1|ekaterinburg-ekarta|Офис «ЕКАРТА»|ATTRACTION|екатеринбург|Екатеринбург|0|0|0|1|1|1|1|0|0|1|56.834458|60.601912|0
ven_ms_13819ef8e115685c|ekaterinburg-smotrovaya-ploschadka-bts-vysotskiy|Смотровая площадка БЦ «Высоцкий»|ATTRACTION|екатеринбург|Екатеринбург|0|0|1|1|1|1|1|1|1|1|56.836106|60.614605|326
ven_ms_ab4dee8d5e07327b|ekaterinburg-perekhod-tsoya|Стрит-арт «Переход Цоя»|ATTRACTION|екатеринбург|Екатеринбург|0|0|0|1|1|1|1|0|0|1|56.8376|60.6059|0
ven_ms_a488abbb4a9c19b6|ekaterinburg-usadba-kharitonova-rastorguevyh|Усадьба Расторгуевых-Харитоновых|ATTRACTION|екатеринбург|Екатеринбург|0|0|0|1|1|1|1|0|0|1|56.8422|60.6106|0
ven_ms_e7e8c15708037564|ekaterinburg-cpkio-mayakovskogo|ЦПКиО им. Маяковского|ATTRACTION|екатеринбург|Екатеринбург|0|0|0|1|1|1|1|0|0|1|56.815|60.6358|0
ven_ms_fc08824eb9e456a9|ekaterinburg-shartashskie-kamennye-palatki|Шарташские каменные палатки|ATTRACTION|екатеринбург|Екатеринбург|0|0|0|1|1|1|1|0|0|1|56.8519|60.6722|0
ven_ms_81515c57410e6254|ivanovo-schudrovskaya-palatka|Щудровская палатка|ATTRACTION|иваново|Иваново|0|0|1|1|1|1|1|1|1|1|56.998333|40.978333|418
ven_ms_0c5edbbbd4e432d0|yoshkar-ola-blagoveschenskaya-bashnya|Благовещенская башня|ATTRACTION|иошкар-ола|Йошкар-Ола|0|0|1|1|1|1|1|1|1|1|56.635556|47.898333|416
ven_ms_47ec2c3b408c9575|yoshkar-ola-tsarevokokshayskiy-kreml|Царевококшайский Кремль|ATTRACTION|иошкар-ола|Йошкар-Ола|0|0|1|1|1|1|1|1|1|1|56.636111|47.901111|394
ven_ms_75b6cf95475aa8ec|kazan-tugan-avylim|«Туган Авылым»|ATTRACTION|казань|Казань|0|0|0|1|1|1|1|0|0|1|55.778111|49.131712|0
ven_ms_9cd3d9eb2998b335|kazan-bashnya-syuyumbike|Башня Сююмбике|ATTRACTION|казань|Казань|0|0|0|1|1|1|1|0|0|1|55.800511|49.105112|0
ven_ms_7efc8fd857959802|kazan-bogoyavlenskaya-kolokolnya|Богоявленская колокольня|ATTRACTION|казань|Казань|0|0|0|1|1|1|1|0|0|1|55.787611|49.120712|0
ven_ms_b6d876bc7647c6f4|kazan-gorkinsko-ometevskiy-les|Горкинско-Ометьевский лес|ATTRACTION|казань|Казань|0|0|0|1|1|1|1|0|0|1|55.760122|49.213111|0
ven_ms_c0101b1e545ee5b4|kazan-dvorets-zemledeltsev|Дворец земледельцев|ATTRACTION|казань|Казань|0|0|0|1|1|1|1|0|0|1|55.800542|49.111911|0
ven_ms_937a0b3c9a230804|kazan-dom-ushkovoy|Дом Ушковой|ATTRACTION|казань|Казань|0|0|0|1|1|1|1|0|0|1|55.792511|49.118912|0
ven_ms_3f74297cc266b47f|kazan-kazanskiy-kreml|Казанский Кремль|ATTRACTION|казань|Казань|0|0|1|1|1|1|1|1|1|1|55.799112|49.106411|313
ven_ms_f186ca7ef771a670|kazan-kazanskiy-universitet|Казанский университет|ATTRACTION|казань|Казань|0|0|0|1|1|1|1|0|0|1|55.790822|49.121211|0
ven_ms_9b87186a8a844352|kazan-kareta-ekateriny-ii|Карета Екатерины II|ATTRACTION|казань|Казань|0|0|0|1|1|1|1|0|0|1|55.790512|49.114901|0
ven_ms_a228261459b26ddb|kazan-kreativnyy-klaster-shtab|Креативный кластер «Штаб»|ATTRACTION|казань|Казань|0|0|0|1|1|1|1|0|0|1|55.781912|49.114411|0
ven_ms_de44bab1814ea218|kazan-kremlevskaya-naberezhnaya|Кремлёвская набережная|ATTRACTION|казань|Казань|0|0|1|1|1|1|1|1|1|1|55.803112|49.115611|255
ven_ms_f78e28464c07502d|kazan-pamyatnik-zodchim-kremlya|Памятник зодчим Казанского кремля|ATTRACTION|казань|Казань|0|0|0|1|1|1|1|0|0|1|55.799511|49.105511|0
ven_ms_11d910cb582a3d11|kazan-tsentr-semi-kazan|Центр семьи «Казан» (Чаша)|ATTRACTION|казань|Казань|0|0|0|1|1|1|1|0|0|1|55.812812|49.108311|0
ven_ms_8b5ab1d225a6043f|kazan-chasy-v-tatarskom-stile|Часы в татарском стиле|ATTRACTION|казань|Казань|0|0|0|1|1|1|1|0|0|1|55.786912|49.123901|0
ven_ms_dd1bda6650174005|kaliningrad-vodonapornaya-bashnya-raushena|Водонапорная башня Раушена|ATTRACTION|калининград|Калининград|0|0|0|1|1|1|1|0|0|1|54.943112|20.151214|115
ven_ms_30a1b24513d6035c|kaliningrad-dom-sovetov|Дом Советов|ATTRACTION|калининград|Калининград|0|0|1|1|1|1|1|1|1|1|54.7102|20.5121|184
ven_ms_595cd844566ee14b|kaliningrad-hram-hrista-spasitelya|Храм Христа Спасителя|ATTRACTION|калининград|Калининград|0|0|1|1|1|1|1|1|1|1|54.7211|20.5026|142
ven_ms_6ea99753e738b009|kaliningrad-shvedskaya-krepost-pillau|Шведская крепость Пиллау|ATTRACTION|калининград|Калининград|0|0|1|1|1|1|1|0|0|1|54.639411|19.891114|131
ven_ms_c1933dd875e06859|kaluga-kaluzhskie-gostinye-ryady|Калужские Гостиные ряды|ATTRACTION|калуга|Калуга|0|0|1|1|1|1|1|1|1|1|54.509444|36.261111|439
ven_ms_b260f9fc722622c6|kostroma-kostromskie-torgovye-ryady|Костромские Торговые ряды|ATTRACTION|кострома|Кострома|0|0|1|1|1|1|1|1|1|1|57.766389|40.926944|468
ven_ms_42f27f2c4ace2878|kostroma-pozharnaya-kalancha-na-susaninskoy-ploschadi|Пожарная каланча на Сусанинской площади|ATTRACTION|кострома|Кострома|0|0|1|1|1|1|1|1|1|1|57.768541|40.925854|455
ven_ms_45df16b59b38177e|kostroma-terem-snegurochki|Терем Снегурочки|ATTRACTION|кострома|Кострома|0|0|1|1|1|1|1|1|1|1|57.755854|40.941245|401
ven_ms_e972091703d334d9|krasnodar-bashnya-shukhova|Башня Шухова|ATTRACTION|краснодар|Краснодар|0|0|0|1|1|1|1|0|0|1|45.038511|38.971812|0
ven_ms_13184e7955a041ad|krasnodar-glavnyy-gorodskoy-fontan|Главный городской фонтан|ATTRACTION|краснодар|Краснодар|0|0|0|1|1|1|1|0|0|1|45.037812|38.973912|0
ven_ms_12b869cd2b232c80|krasnodar-dom-shardanova|Дом инженера Шарданова|ATTRACTION|краснодар|Краснодар|0|0|0|1|1|1|1|0|0|1|45.017213|38.966411|0
ven_ms_379491b9dcb2601a|krasnodar-kreativnyy-klaster-kolos|Креативный кластер «Колос»|ATTRACTION|краснодар|Краснодар|0|0|0|1|1|1|1|0|0|1|45.039112|38.964411|0
ven_ms_d893d61d2a316390|krasnodar-osobnyak-likhatskogo|Особняк купца Лихацкого|ATTRACTION|краснодар|Краснодар|0|0|0|1|1|1|1|0|0|1|45.039411|38.975411|0
ven_ms_3556df560780b336|krasnodar-fudmarket|Фудмаркет в Центре города|ATTRACTION|краснодар|Краснодар|0|0|0|1|1|1|1|0|0|1|45.048111|38.976712|0
ven_ms_092bd242bae17ab8|krasnodar-chistyakovskaya-roscha|Чистяковская роща|ATTRACTION|краснодар|Краснодар|0|0|0|1|1|1|1|0|0|1|45.060122|38.988311|0
ven_ms_429103aa0c9a7b9e|krasnoyarsk-art-rezidentsiya-kamenka|Арт-резиденция «Каменка»|ATTRACTION|красноярск|Красноярск|0|0|0|1|1|1|1|0|0|1|55.978111|92.911712|0
ven_ms_04476762b463e338|krasnoyarsk-belaya-rotonda|Белая ротонда|ATTRACTION|красноярск|Красноярск|0|0|0|1|1|1|1|0|0|1|56.012341|92.863911|0
ven_ms_dc13c698a2d5d130|krasnoyarsk-stolby-vizit-tsentr|Визит-центр «Столбы» (Лалетино)|ATTRACTION|красноярск|Красноярск|0|0|0|1|1|1|1|0|0|1|55.955612|92.788912|0
ven_ms_06b4178e0b5ea9c1|krasnoyarsk-vokzal-passazhirskiy|Вокзал Красноярск-Пассажирский|ATTRACTION|красноярск|Красноярск|0|0|0|1|1|1|1|0|0|1|56.011511|92.829112|0
ven_ms_5eeb0458ba26a753|krasnoyarsk-dom-ofitserov|Дом офицеров|ATTRACTION|красноярск|Красноярск|0|0|0|1|1|1|1|0|0|1|56.011811|92.865112|0
ven_ms_3017e8165af855bb|krasnoyarsk-nikolaevskaya-sopka|Николаевская сопка|ATTRACTION|красноярск|Красноярск|0|0|0|1|1|1|1|0|0|1|56.012411|92.758311|0
ven_ms_4763182678c4aeea|krasnoyarsk-torgashinskiy-hrebet|Торгашинский хребет|ATTRACTION|красноярск|Красноярск|0|0|0|1|1|1|1|0|0|1|55.952122|92.833311|0
ven_ms_7912ed7202c525dc|krasnoyarsk-elektrotehzavod-gostinyy-dvor|Электротехзавод (Гостиный двор)|ATTRACTION|красноярск|Красноярск|0|0|0|1|1|1|1|0|0|1|56.010511|92.868112|0
ven_ms_8b1fcac730052248|kurgan-pozharnaya-kalancha|Пожарная каланча|ATTRACTION|курган|Курган|0|0|1|1|1|1|1|1|1|1|55.431667|65.338889|357
ven_ms_f35bb5160856e5c5|moscow-artplay|Artplay|ATTRACTION|moskva|Москва|0|0|1|1|1|1|1|0|0|1|55.76|37.6675|274
ven_ms_4d094a441bc0bd3e|moscow-dr-zhivago|Dr. Живаго|ATTRACTION|moskva|Москва|0|0|1|1|1|1|1|0|0|1|55.756991|37.615697|329
ven_ms_258c8515517c9679|moscow-savva|Savva|ATTRACTION|moskva|Москва|0|0|1|1|1|1|1|0|0|1|55.758882|37.620835|358
ven_ms_ae5efc0f8a66b232|moscow-twins-garden|Twins Garden|ATTRACTION|moskva|Москва|0|0|1|1|1|1|1|0|0|1|55.766116|37.608882|402
ven_ms_277aed1baea1a7fc|moscow-white-rabbit|White Rabbit|ATTRACTION|moskva|Москва|0|0|1|1|1|1|1|0|0|1|55.748654|37.584347|448
ven_ms_f62e3800956099b6|moscow-bulyzhnik-oruzhie-proletariata|«Булыжник - оружие пролетариата»|ATTRACTION|moskva|Москва|0|0|1|1|1|1|1|0|0|1|55.764511|37.562304|259
ven_ms_f8261dc32004012d|moscow-vozvraschenie-bludnogo-syna-sidur|«Возвращение блудного сына» (Сидур)|ATTRACTION|moskva|Москва|0|0|1|1|1|1|1|0|0|1|55.826359|37.637651|338
ven_ms_ef010e54e965bbf6|moscow-deti-zhertvy-porokov-vzroslyh|«Дети - жертвы пороков взрослых»|ATTRACTION|moskva|Москва|0|0|1|1|1|1|1|0|0|1|55.745672|37.619075|272
ven_ms_a8883e5cd52b2772|moscow-aptekarskiy-ogorod|Аптекарский огород|ATTRACTION|moskva|Москва|0|0|0|1|1|1|1|0|0|1|55.7785|37.6355|0
ven_ms_2207434917c1a129|moscow-art-obekt-bolshaya-glina-4|Арт-объект «Большая глина № 4»|ATTRACTION|moskva|Москва|0|0|1|1|1|1|1|0|0|1|55.742848|37.61486|366
ven_ms_a5aaa9bcad116623|moscow-art-obekt-svetovoy-labirint|Арт-объект «Световой лабиринт»|ATTRACTION|moskva|Москва|0|0|1|1|1|1|1|0|0|1|55.729744|37.635839|237
ven_ms_e7fe2da26d5acaa0|moscow-art-obekt-uho-derevo-zhelaniy|Арт-объект «Ухо» (Дерево желаний)|ATTRACTION|moskva|Москва|0|0|1|1|1|1|1|0|0|1|55.735165|37.607412|247
ven_ms_ea9506b1126a4b35|moscow-beluga|Белуга|ATTRACTION|moskva|Москва|0|0|1|1|1|1|1|0|0|1|55.756534|37.615697|369
ven_ms_90c8a94782dcebfe|moscow-bunker-42|Бункер-42 на Таганке|ATTRACTION|moskva|Москва|0|0|0|1|1|1|1|0|0|1|55.7416|37.657|0
venue_inst_716732e78bcd8af81f3a0643|vdnh-8af81f3a0643|ВДНХ|ATTRACTION|moskva|Москва|0|0|1|1|1|1|0|0|0|1|||175
ven_ms_13481b3adc0c800e|moscow-vinzavod|Винзавод|ATTRACTION|moskva|Москва|0|0|1|1|1|1|1|0|0|1|55.7555|37.6655|360
ven_ms_518a063cc2dc3632|moscow-vorobevy-gory|Воробьевы горы|ATTRACTION|moskva|Москва|0|0|0|1|1|1|1|0|0|1|55.7102|37.559|0
ven_ms_a0d54783726051f7|moscow-vorontsovo|Воронцово|ATTRACTION|moskva|Москва|0|0|1|1|1|1|1|0|0|1|55.666116|37.534012|455
ven_ms_73ebae6c750664d8|moscow-vysotka-na-kudrinskoy|Высотка на Кудринской|ATTRACTION|moskva|Москва|0|0|1|1|1|1|1|0|0|1|55.759247|37.580756|303
ven_ms_65f588895e2276c8|moscow-gmii-imeni-pushkina|ГМИИ имени Пушкина|ATTRACTION|moskva|Москва|0|0|0|1|1|1|1|0|0|1|55.7473|37.6051|0
ven_ms_5474037180d55178|moscow-gum|ГУМ|ATTRACTION|moskva|Москва|0|0|0|1|1|1|1|0|0|1|55.7546|37.6215|0
ven_ms_3a3f5a5b20968b67|moscow-glavnoe-zdanie-mgu|Главное здание МГУ|ATTRACTION|moskva|Москва|0|0|1|1|1|1|1|0|0|1|55.702868|37.530752|301
ven_ms_9ac81239b99a641b|moscow-gostinitsa-ukraina|Гостиница «Украина»|ATTRACTION|moskva|Москва|0|0|1|1|1|1|1|0|0|1|55.752317|37.566113|346
ven_ms_4935e3812e8262de|moscow-gostinyy-dvor|Гостиный двор|ATTRACTION|moskva|Москва|0|0|1|1|1|1|1|0|0|1|55.753724|37.625893|304
ven_ms_a483eb6cb1685bd8|moscow-dvorets-alekseya-mihaylovicha|Дворец Алексея Михайловича|ATTRACTION|moskva|Москва|0|0|1|1|1|1|1|0|0|1|55.666991|37.669389|304
ven_ms_5db9f9af1f082d17|moscow-dom-melnikova|Дом Мельникова|ATTRACTION|moskva|Москва|0|0|1|1|1|1|1|0|0|1|55.749964|37.589886|420
ven_ms_eb57ca29e188e0a0|moscow-dom-narkomfina|Дом Наркомфина|ATTRACTION|moskva|Москва|0|0|1|1|1|1|1|0|0|1|55.75549|37.581026|426
ven_ms_9fb3e04d0be85ff8|moscow-zdanie-mid|Здание МИД|ATTRACTION|moskva|Москва|0|0|1|1|1|1|1|0|0|1|55.746098|37.584617|294
ven_ms_4540cb6a95f2fa8d|moscow-zdanie-ssudnoy-kazny|Здание Ссудной казны|ATTRACTION|moskva|Москва|0|0|1|1|1|1|1|0|0|1|55.767425|37.604639|233
ven_ms_568f145a601b068e|moscow-izmaylovskiy-park-i-kreml|Измайловский парк и кремль|ATTRACTION|moskva|Москва|0|0|1|1|1|1|1|0|0|1|55.7915|37.7495|454
ven_ms_a66d6c8bac37d3be|moscow-kabare-crave|Кабаре Crave|ATTRACTION|moskva|Москва|0|0|1|1|1|1|1|0|0|1|55.754763|37.601911|376
ven_ms_64124875b4fa4dcd|moscow-kazanskiy-vokzal|Казанский вокзал|ATTRACTION|moskva|Москва|0|0|1|1|1|1|1|0|0|1|55.773822|37.655937|343
ven_ms_98b434619d55db44|moscow-kamergerskiy-pereulok|Камергерский переулок|ATTRACTION|moskva|Москва|0|0|1|1|1|1|1|0|0|1|55.7598|37.6135|226
ven_ms_878d1d8bbd83f561|moscow-kitaygorodskaya-stena|Китайгородская стена|ATTRACTION|moskva|Москва|0|0|1|1|1|1|1|0|0|1|55.759247|37.622728|325
ven_ms_d70cef0451e09ef1|moscow-kolomenskoe|Коломенское|ATTRACTION|moskva|Москва|0|0|0|1|1|1|1|0|0|1|55.6672|37.6708|0
ven_ms_7296866c9070e442|moscow-krasnaya-ploschad-i-kreml|Красная площадь и Кремль|ATTRACTION|moskva|Москва|0|0|1|1|1|1|1|1|1|1|55.75393|37.620795|293
ven_ms_7292980272ebd467|moscow-krasnogvardeyskie-prudy|Красногвардейские пруды|ATTRACTION|moskva|Москва|0|0|1|1|1|1|1|0|0|1|55.758032|37.546098|369
ven_ms_85ab7bc871accf09|moscow-krutitskoe-podvore|Крутицкое подворье|ATTRACTION|moskva|Москва|0|0|1|1|1|1|1|0|0|1|55.728073|37.658826|262
ven_ms_17d4a84a79d24e81|moscow-kuskovo|Кусково|ATTRACTION|moskva|Москва|0|0|0|1|1|1|1|0|0|1|55.7355|37.8075|0
ven_ms_5c3d9b37fa7e4f35|moscow-lenkom|Ленком|ATTRACTION|moskva|Москва|0|0|1|1|1|1|1|0|0|1|55.768654|37.606277|361
ven_ms_571c67e78c0d4705|moscow-mmoma|ММОМА|ATTRACTION|moskva|Москва|0|0|1|1|1|1|1|0|0|1|55.766116|37.61486|532
ven_ms_f87b86683b6205ed|moscow-mht-im-chehova|МХТ им. Чехова|ATTRACTION|moskva|Москва|0|0|1|1|1|1|1|0|0|1|55.760286|37.613317|535
ven_ms_fe6716faace88133|moscow-mavzoley-v-i-lenina|Мавзолей В.И. Ленина|ATTRACTION|moskva|Москва|0|0|1|1|1|1|1|0|0|1|55.753733|37.619889|349
ven_ms_7f68c9e78063e558|moscow-manezh|Манеж|ATTRACTION|moskva|Москва|0|0|1|1|1|1|1|0|0|1|55.753361|37.613317|357
ven_ms_83bed4102785719e|moscow-masterskaya-fomenko|Мастерская Фоменко|ATTRACTION|moskva|Москва|0|0|1|1|1|1|1|0|0|1|55.741964|37.536868|413
venue_inst_aacfc02ecfbdb00bf2af4b37|moskovskiy-kreml-b00bf2af4b37|Московский Кремль|ATTRACTION|moskva|Москва|0|0|1|1|1|1|1|0|0|1|55.752004|37.617456|348
ven_ms_8091dda13d35bcd7|moscow-moskovskiy-kreml|Московский Кремль|ATTRACTION|moskva|Москва|0|0|1|1|1|1|1|0|0|1|55.752004|37.617456|348
ven_ms_31eb5e1cf2d3246b|moscow-muzeon|Музеон|ATTRACTION|moskva|Москва|0|0|1|1|1|1|1|0|0|1|55.7348|37.6065|348
ven_ms_1ba5ff503bb34026|moscow-kremlevskaya-naberezhnaya|Набережная у Кремля|ATTRACTION|moskva|Москва|0|0|1|1|1|1|1|0|0|1|55.7495|37.6125|227
ven_ms_9e46614cccf1173a|moscow-oruzheynaya-palata|Оружейная палата|ATTRACTION|moskva|Москва|0|0|1|1|1|1|1|0|0|1|55.749717|37.613317|466
ven_ms_53c4eec5617ed428|moscow-ostankinskaya-telebashnya|Останкинская телебашня|ATTRACTION|moskva|Москва|0|0|1|1|1|1|1|0|0|1|55.8197|37.6117|392
ven_ms_83eaf004a6de3b40|moscow-palaty-averkiya-kirillova|Палаты Аверкия Кириллова|ATTRACTION|moskva|Москва|0|0|1|1|1|1|1|0|0|1|55.743825|37.609462|247
ven_ms_ed61fb56e106c05e|moscow-palaty-boyar-romanovyh|Палаты бояр Романовых|ATTRACTION|moskva|Москва|0|0|1|1|1|1|1|0|0|1|55.751792|37.629161|338
ven_ms_cb834998b1c49097|moscow-pamyatnik-v-v-mayakovskomu|Памятник В.В. Маяковскому|ATTRACTION|moskva|Москва|0|0|1|1|1|1|1|0|0|1|55.769512|37.595604|389
ven_ms_e2eec5509bc983d1|moscow-panorama-borodinskaya-bitva|Панорама «Бородинская битва»|ATTRACTION|moskva|Москва|0|0|1|1|1|1|1|0|0|1|55.738882|37.522873|395
ven_ms_6bee19b577f0b05b|moscow-patriarshie-prudy|Патриаршие пруды|ATTRACTION|moskva|Москва|0|0|0|1|1|1|1|0|0|1|55.7638|37.5922|0
ven_ms_70503bf9df5e3c5e|moscow-pashkov-dom|Пашков дом|ATTRACTION|moskva|Москва|0|0|1|1|1|1|1|0|0|1|55.749842|37.608977|301
ven_ms_742b7d589ba1f8b3|moscow-petr-i-fevroniya|Петр и Феврония|ATTRACTION|moskva|Москва|0|0|1|1|1|1|1|0|0|1|55.767425|37.616238|303
venue_5cd1bf3d079a40000c1e0639|petrovskii-putevoi-dvorec-5cd1bf3d079a40000c1e0639|Петровский путевой дворец|ATTRACTION|moskva|Москва|0|0|1|1|1|1|1|0|0|1|55.793739|37.551722|311
ven_ms_c01e03d51646df1e|moscow-planetariy|Планетарий|ATTRACTION|moskva|Москва|0|0|1|1|1|1|1|0|0|1|55.7615|37.5745|378
ven_ms_201eb92adbc3d59f|moscow-sandunovskie-bani|Сандуновские бани|ATTRACTION|moskva|Москва|0|0|1|1|1|1|1|0|0|1|55.763428|37.621743|441
ven_ms_7187a1686728e116|moscow-smotrovaya-ivana-velikogo|Смотровая Ивана Великого|ATTRACTION|moskva|Москва|0|0|1|1|1|1|1|0|0|1|55.750712|37.618037|448
ven_ms_bd5830b1aaeefc1b|moscow-smotrovaya-moskva-siti|Смотровая Москва-Сити|ATTRACTION|moskva|Москва|0|0|0|1|1|1|1|0|0|1|55.7497|37.5372|0
ven_ms_bcf4d04307c1a9e8|moscow-smotrovaya-ostankino|Смотровая Останкинской башни|ATTRACTION|moskva|Москва|0|0|0|1|1|1|1|0|0|1|55.8197|37.6117|0
ven_ms_2010c80a9dfba4ba|moscow-smotrovaya-ran|Смотровая РАН|ATTRACTION|moskva|Москва|0|0|1|1|1|1|1|0|0|1|55.711818|37.575306|470
ven_ms_16245c37d51b7686|moscow-smotrovaya-tsdm|Смотровая ЦДМ|ATTRACTION|moskva|Москва|0|0|1|1|1|1|1|0|0|1|55.759717|37.625624|312
ven_ms_ad35ae2379669e7a|moscow-smotrovaya-vorobevyh-gor|Смотровая на Воробьевых горах|ATTRACTION|moskva|Москва|0|0|0|1|1|1|1|0|0|1|55.7102|37.559|0
ven_ms_d4eb84ad4b0d92c4|moscow-sobor-vasiliya-blazhennogo|Собор Василия Блаженного|ATTRACTION|moskva|Москва|0|0|0|1|1|1|1|0|0|1|55.7525|37.6231|0
venue_625af9838532f4ffe3fefe4b|naprotiv-teatra-sovremennik-625af9838532f4ffe3fefe4b|Современник|ATTRACTION|moskva|Москва|0|0|1|1|1|1|1|0|0|1|55.761614|37.646549|354
ven_ms_30883bad2878bbeb|moscow-sokolniki|Сокольники|ATTRACTION|moskva|Москва|0|0|0|1|1|1|1|0|0|1|55.8045|37.6775|0
ven_ms_26634541252a845e|moscow-staroe-zdanie-mgu|Старое здание МГУ|ATTRACTION|moskva|Москва|0|0|1|1|1|1|1|0|0|1|55.755106|37.611598|323
ven_ms_4b7570e137fd4407|moscow-staryy-angliyskiy-dvor|Старый Английский двор|ATTRACTION|moskva|Москва|0|0|1|1|1|1|1|0|0|1|55.752317|37.626487|278
ven_ms_922030c7922c45fd|moscow-triumfalnaya-arka|Триумфальная арка|ATTRACTION|moskva|Москва|0|0|1|1|1|1|1|0|0|1|55.73663|37.520445|355
ven_ms_27f12af9f400ec9a|moscow-troitsa-v-nikitnikah|Троица в Никитниках|ATTRACTION|moskva|Москва|0|0|1|1|1|1|1|0|0|1|55.752317|37.629161|291
ven_ms_b71359f926ed8eb8|moscow-troitsa-v-hohlah|Троица в Хохлах|ATTRACTION|moskva|Москва|0|0|1|1|1|1|1|0|0|1|55.756534|37.646549|285
ven_ms_ec60408ea09df7bf|moscow-ugolek|Уголёк|ATTRACTION|moskva|Москва|0|0|1|1|1|1|1|0|0|1|55.75549|37.605448|329
ven_ms_f6bafebf124aab33|moscow-usadba-izmaylovo|Усадьба Измайлово|ATTRACTION|moskva|Москва|0|0|1|1|1|1|1|0|0|1|55.792582|37.762296|343
ven_ms_59b7404ee30761bf|moscow-flakon|Флакон|ATTRACTION|moskva|Москва|0|0|1|1|1|1|1|0|0|1|55.8045|37.5845|253
ven_ms_fd1a18e642bd0c54|moscow-hodynskoe-pole|Ходынское поле|ATTRACTION|moskva|Москва|0|0|1|1|1|1|1|0|0|1|55.786947|37.530752|448
ven_ms_fa8fb5b4d58e8a54|moscow-hram-hrista-spasitelya|Храм Христа Спасителя|ATTRACTION|moskva|Москва|0|0|0|1|1|1|1|0|0|1|55.7446|37.6055|0
ven_ms_3039c3e215ed2bc0|moscow-tsaritsyno|Царицыно|ATTRACTION|moskva|Москва|0|0|0|1|1|1|1|0|0|1|55.6156|37.682|0
ven_ms_85b9ffb29921d7dd|moscow-tsentralnyy-telegraf|Центральный телеграф|ATTRACTION|moskva|Москва|0|0|1|1|1|1|1|0|0|1|55.758032|37.611116|351
ven_ms_2eb89144b1cfc797|moscow-chaynyy-dom-na-myasnitskoy|Чайный дом на Мясницкой|ATTRACTION|moskva|Москва|0|0|1|1|1|1|1|0|0|1|55.764047|37.635839|266
venue_643d817bd6b254106575ffff|vstrecha-na-ulice-u-vyhoda-no2-m-chistye-prudy-643d817bd6b254106575ffff|Чистые пруды|ATTRACTION|moskva|Москва|0|0|1|1|1|1|1|0|0|1|55.762886|37.642873|527
ven_ms_f050abdf642367c7|moscow-chistye-prudy|Чистые пруды|ATTRACTION|moskva|Москва|0|0|1|1|1|1|1|0|0|1|55.762886|37.642873|527
ven_ms_6476c65ab5415d05|moscow-sherlok-holms-i-doktor-vatson|Шерлок Холмс и доктор Ватсон|ATTRACTION|moskva|Москва|0|0|1|1|1|1|1|0|0|1|55.752317|37.575306|292
ven_ms_a614edd8fd9b6177|moscow-eksperimentanium|Экспериментариум|ATTRACTION|moskva|Москва|0|0|1|1|1|1|1|0|0|1|55.8265|37.4975|361
ven_ms_23ebd8ceec0d774d|murmansk-atomnyy-ledokol-lenin|Атомный ледокол «Ленин»|ATTRACTION|мурманск|Мурманск|0|0|1|1|1|1|1|1|1|1|68.974512|33.059444|436
ven_ms_fe4de3c110022f94|nizhny-novgorod-rechnaya-progulka|Вечерняя речная прогулка|ATTRACTION|нижнии-новгород|Нижний Новгород|0|0|0|1|1|1|1|0|0|1|56.329694|43.988173|0
ven_ms_7fbbf23b691df5d1|nizhny-novgorod-nizhegorodskiy-kreml|Нижегородский Кремль|ATTRACTION|нижнии-новгород|Нижний Новгород|0|0|1|1|1|1|1|1|1|1|56.328318|44.002824|448
ven_ms_a3fe472a7a45a45e|nizhny-novgorod-palaty-stroganovyh|Палаты Строгановых|ATTRACTION|нижнии-новгород|Нижний Новгород|0|0|1|1|1|1|1|1|1|1|56.327521|43.985906|145
ven_ms_b943dda84a5da023|nizhny-novgorod-ribs-restaurant|РИБС|ATTRACTION|нижнии-новгород|Нижний Новгород|0|0|0|1|1|1|1|0|0|1|56.329499|43.992368|0
ven_ms_f81dbda26c35a44a|nizhny-novgorod-romodanovskiy-vokzal|Ромодановский вокзал|ATTRACTION|нижнии-новгород|Нижний Новгород|0|0|1|1|1|1|1|1|1|1|56.32174|43.97825|149
ven_ms_f52ef5c588de89d2|nizhny-novgorod-usadba-rukavishnikovyh|Усадьба Рукавишниковых|ATTRACTION|нижнии-новгород|Нижний Новгород|0|0|1|1|1|1|1|1|1|1|56.329864|44.017772|141
ven_ms_c6b86c00a71ee4a4|nizhny-novgorod-shaverma-na-srednom|Шаверма на Средном|ATTRACTION|нижнии-новгород|Нижний Новгород|0|0|0|1|1|1|1|0|0|1|56.309147|43.991085|0
ven_ms_adb6c0314a2dd32b|novosibirsk-arka-kolokol-mira|Арка «Колокол мира»|ATTRACTION|новосибирск|Новосибирск|0|0|0|1|1|1|1|0|0|1|55.023124|82.920447|0
ven_ms_58d495dc09c13f00|novosibirsk-art-obekt-shpargalka|Арт-объект «Шпаргалка»|ATTRACTION|новосибирск|Новосибирск|0|0|0|1|1|1|1|0|0|1|54.843622|83.094511|0
ven_ms_d4068cd0e0d74bfe|novosibirsk-bolshoy-planetariy|Большой новосибирский планетарий|ATTRACTION|новосибирск|Новосибирск|0|0|0|1|1|1|1|0|0|1|54.981242|82.972145|0
ven_ms_26d1fc76035663cb|novosibirsk-gastrokort-tsentralnyy-rynok|Гастрокорт на Центральном рынке|ATTRACTION|новосибирск|Новосибирск|0|0|0|1|1|1|1|0|0|1|55.038412|82.925145|0
ven_ms_48a749f317331a7b|novosibirsk-glavpochtamt|Главпочтамт (Контора связи)|ATTRACTION|новосибирск|Новосибирск|0|0|0|1|1|1|1|0|0|1|55.030541|82.918412|0
ven_ms_8a6282cb52438c6b|novosibirsk-delfiniya|Дельфиния|ATTRACTION|новосибирск|Новосибирск|0|0|0|1|1|1|1|0|0|1|55.068214|82.895123|0
ven_ms_83141c35b342ce6e|novosibirsk-dom-lenina|Дом Ленина|ATTRACTION|новосибирск|Новосибирск|0|0|0|1|1|1|1|0|0|1|55.028451|82.922145|0
ven_ms_ac09c48feb2144ff|novosibirsk-dom-s-chasami|Дом с часами|ATTRACTION|новосибирск|Новосибирск|0|0|0|1|1|1|1|0|0|1|55.021145|82.922415|0
ven_ms_6ca49a3ae2891511|novosibirsk-vokzal-novosibirsk-glavnyy|Железнодорожный вокзал «Новосибирск-Главный»|ATTRACTION|новосибирск|Новосибирск|0|0|0|1|1|1|1|0|0|1|55.035142|82.897415|0
ven_ms_fa7687707e883f6c|novosibirsk-gorodskoy-torgovyy-korpus|Здание Городского торгового корпуса|ATTRACTION|новосибирск|Новосибирск|0|0|0|1|1|1|1|0|0|1|55.029841|82.920145|0
ven_ms_fd382ab653a9423a|novosibirsk-osobnyak-kryukova|Особняк купца Крюкова|ATTRACTION|новосибирск|Новосибирск|0|0|0|1|1|1|1|0|0|1|55.027145|82.917412|0
ven_ms_4ae777fafb7fd665|novosibirsk-smotrovaya-aura|Смотровая площадка у ТРЦ «Аура»|ATTRACTION|новосибирск|Новосибирск|0|0|0|1|1|1|1|0|0|1|55.026115|82.937415|0
ven_ms_0e5eb127e00ace90|novosibirsk-stokvartirnyy-dom|Стоквартирный дом|ATTRACTION|новосибирск|Новосибирск|0|0|0|1|1|1|1|0|0|1|55.018142|82.923145|0
ven_ms_3eb69f80f105ca2c|novosibirsk-tsentr-pobeda|Центр культуры и отдыха «Победа»|ATTRACTION|новосибирск|Новосибирск|0|0|0|1|1|1|1|0|0|1|55.030541|82.916112|0
ven_ms_8f93657ff582acad|omsk-solenyy-zefir|«Соленый зефир»|ATTRACTION|омск|Омск|0|0|0|1|1|1|1|0|0|1|54.98221|73.37611|0
ven_ms_baf3e0b8d39b1fb7|omsk-gastrodvor-lyubinskiy|Гастродвор «Любинский»|ATTRACTION|омск|Омск|0|0|0|1|1|1|1|0|0|1|54.98422|73.37162|0
ven_ms_7bbac20444da7b1c|omsk-distsiplinarnye-kazarma|Дисциплинарные казармы|ATTRACTION|омск|Омск|0|0|0|1|1|1|1|0|0|1|54.984912|73.363112|0
ven_ms_f04b286dc80a026e|omsk-pamyatnik-don-kihot|Дон Кихот из металлолома|ATTRACTION|омск|Омск|0|0|0|1|1|1|1|0|0|1|54.978912|73.379112|0
ven_ms_8b3181c1c016f5d3|omsk-kaznacheystvo|Казенная палата (казначейство)|ATTRACTION|омск|Омск|0|0|0|1|1|1|1|0|0|1|54.98531|73.36382|0
ven_ms_a32d4dfc325c37f2|omsk-kamergerskiy-pereulok|Камергерский переулок|ATTRACTION|омск|Омск|0|0|0|1|1|1|1|0|0|1|54.984312|73.371412|0
ven_ms_6c3b36c665f5060e|omsk-moskovskie-torgovye-ryady|Московские торговые ряды|ATTRACTION|омск|Омск|0|0|0|1|1|1|1|0|0|1|54.984112|73.371901|0
ven_ms_e7cb02e1e3d89549|omsk-omskaya-krepost|Омская крепость|ATTRACTION|омск|Омск|0|0|1|1|1|1|1|1|1|1|54.985651|73.363914|382
ven_ms_65ff19d8a118738a|omsk-osobnyak-batyushkina|Особняк Батюшкина (дом Колчака)|ATTRACTION|омск|Омск|0|0|0|1|1|1|1|0|0|1|54.976112|73.371112|0
ven_ms_85dc934747118871|omsk-osobnyak-shaninoy|Особняк Шаниной|ATTRACTION|омск|Омск|0|0|0|1|1|1|1|0|0|1|54.98371|73.37351|0
ven_ms_88392d2e65eaff6c|omsk-viking-rok-klub|Рок-клуб «Викинг»|ATTRACTION|омск|Омск|0|0|0|1|1|1|1|0|0|1|54.97321|73.39521|0
ven_ms_c4496e518258cd47|omsk-kadetskiy-korpus|Сибирский кадетский корпус|ATTRACTION|омск|Омск|0|0|0|1|1|1|1|0|0|1|54.98821|73.36851|0
ven_ms_57e1f94d8e7808ea|omsk-rechnoy-vokzal|Смотровая у речного вокзала|ATTRACTION|омск|Омск|0|0|0|1|1|1|1|0|0|1|54.98121|73.37521|0
ven_ms_61d70501e255fe2e|omsk-sudebnyy-dom|Судебный дом (правительство области)|ATTRACTION|омск|Омск|0|0|0|1|1|1|1|0|0|1|54.98221|73.37741|0
ven_ms_3634fc43d613427b|omsk-upravlenie-zheleznoy-dorogi|Управление Западно-Сибирской железной дороги|ATTRACTION|омск|Омск|0|0|0|1|1|1|1|0|0|1|54.97281|73.38521|0
ven_ms_5cda92aece5f13c3|penza-zdanie-dvoryanskogo-sobraniya|Дворянское собрание|ATTRACTION|пенза|Пенза|0|0|0|1|1|1|1|0|0|1|53.194912|45.018912|0
ven_ms_0ec43e5c9c247f8e|penza-dom-gubernatora|Дом губернатора|ATTRACTION|пенза|Пенза|0|0|0|1|1|1|1|0|0|1|53.195012|45.018212|0
ven_ms_7a8c1c420ebf87a4|penza-dom-kuptsa-karpova|Дом купца Карпова|ATTRACTION|пенза|Пенза|0|0|0|1|1|1|1|0|0|1|53.196212|45.021812|0
ven_ms_20bcc805b05f519b|penza-dom-kuptsa-myasnikova|Дом купца Мясникова|ATTRACTION|пенза|Пенза|0|0|0|1|1|1|1|0|0|1|53.195212|45.019712|0
ven_ms_6aa4ae75ed3c4181|penza-zdanie-gosudarstvennogo-banka|Здание Государственного банка|ATTRACTION|пенза|Пенза|0|0|0|1|1|1|1|0|0|1|53.184912|45.010912|0
ven_ms_b2f3a44b04a67633|penza-torgovye-ryady|Московские торговые ряды|ATTRACTION|пенза|Пенза|0|0|0|1|1|1|1|0|0|1|53.194012|45.015412|0
ven_ms_772db4963f6c19f7|penza-naberezhnaya-sury|Набережная Суры|ATTRACTION|пенза|Пенза|0|0|0|1|1|1|1|0|0|1|53.191812|45.022712|0
ven_ms_4c0ecd97686e1cf6|penza-narodnyy-dom|Народный дом|ATTRACTION|пенза|Пенза|0|0|0|1|1|1|1|0|0|1|53.195912|45.017412|0
ven_ms_1021b92722e08f0c|penza-rotonda-v-parke-belinskogo|Ротонда в парке Белинского|ATTRACTION|пенза|Пенза|0|0|0|1|1|1|1|0|0|1|53.200912|45.014612|0
ven_ms_a5f27d846f172486|penza-smotrovaya-staraya-penza|Смотровая на старую Пензу|ATTRACTION|пенза|Пенза|0|0|0|1|1|1|1|0|0|1|53.195212|45.019312|0
ven_ms_7aa9a126f5f097ff|penza-tarhany-day-trip|Тарханы|ATTRACTION|пенза|Пенза|0|0|0|1|1|1|1|0|0|1|53.084112|43.154912|0
ven_perm_f86aa59fc9f64a|perm-belka|Belka|ATTRACTION|пермь|Пермь|0|0|0|1|1|1|1|0|0|1|58.0108|56.2505|0
ven_perm_628b4119f302e2|perm-cup-by-cup|Cup by Cup|ATTRACTION|пермь|Пермь|0|0|0|1|1|1|1|0|0|1|58.009415|56.249415|0
ven_perm_6efef1f5e86264|perm-gastroport|Gastroport|ATTRACTION|пермь|Пермь|0|0|0|1|1|1|1|0|0|1|58.0183|56.2163|0
ven_perm_94037f707720a9|perm-nolan-wine-kitchen|Nolan Wine & Kitchen|ATTRACTION|пермь|Пермь|0|0|0|1|1|1|1|0|0|1|58.012115|56.238415|0
ven_perm_ff39cdcded3a5f|perm-permm|PERMM|ATTRACTION|пермь|Пермь|0|0|0|1|1|1|1|0|0|1|58.0104|56.2166|0
ven_perm_0b971c38acf514|perm-schaste-ne-za-gorami|Арт-объект «Счастье не за горами»|ATTRACTION|пермь|Пермь|0|0|1|1|1|1|1|1|1|1|58.01835|56.25055|214
ven_perm_e963ffdb3c8a56|perm-bashnya-smerti|Башня смерти|ATTRACTION|пермь|Пермь|0|0|0|1|1|1|1|0|0|1|57.9944|56.2573|0
ven_perm_c2e04b41852f21|perm-demidovskaya-pivovarnya|Демидовская пивоварня|ATTRACTION|пермь|Пермь|0|0|0|1|1|1|1|0|0|1|58.0133|56.2435|0
ven_perm_6c2ed04b3f4f84|perm-dom-gribushina|Дом Грибушина|ATTRACTION|пермь|Пермь|0|0|0|1|1|1|1|0|0|1|58.0177|56.2514|0
ven_perm_be181013d14fe9|perm-dom-meshkova|Дом Мешкова|ATTRACTION|пермь|Пермь|0|0|0|1|1|1|1|0|0|1|58.0191|56.2443|0
ven_perm_74516bbc4ea54e|perm-zavod-shpagina|Завод Шпагина|ATTRACTION|пермь|Пермь|0|0|0|1|1|1|1|0|0|1|58.0202|56.2554|0
ven_perm_92f8a4747e7f0c|perm-kamennyy-gorod|Каменный город|ATTRACTION|пермь|Пермь|0|0|0|1|1|1|1|0|0|1|58.723049|57.633454|0
ven_perm_036304f38dac11|perm-kungurskaya-ledyanaya-peshchera|Кунгурская ледяная пещера|ATTRACTION|пермь|Пермь|0|0|0|1|1|1|1|0|0|1|57.440263|57.006206|0
ven_ms_316cc2937e0f6ebc|perm-pamyatnik-u-tyulenya-bronekater-ak-454|Памятник «У тюленя» (бронекатер АК-454)|ATTRACTION|пермь|Пермь|0|0|1|1|1|1|1|1|1|1|57.994444|55.945833|251
ven_perm_9318d053b2b30a|perm-partizan|Партизан|ATTRACTION|пермь|Пермь|0|0|0|1|1|1|1|0|0|1|58.0169|56.2345|0
ven_perm_02546a6beea7d2|perm-permskie-posikunchiki|Пермские посикунчики|ATTRACTION|пермь|Пермь|0|0|0|1|1|1|1|0|0|1|58.0135|56.2412|0
ven_perm_3472e08c88c4aa|perm-belaya-gora|Пуп Земли|ATTRACTION|пермь|Пермь|0|0|0|1|1|1|1|0|0|1|57.428588|56.938883|0
ven_perm_638783f8a0eb03|perm-starokirpichnyy-pereulok|Старокирпичный переулок|ATTRACTION|пермь|Пермь|0|0|0|1|1|1|1|0|0|1|58.0139|56.2427|0
ven_perm_5bcc32ddd462b8|perm-usvinskie-stolby|Усьвинские столбы|ATTRACTION|пермь|Пермь|0|0|0|1|1|1|1|0|0|1|58.653457|57.568472|0
ven_perm_93305472c1560b|perm-gubakha-usva|Царский крест|ATTRACTION|пермь|Пермь|0|0|0|1|1|1|1|0|0|1|57.391745|56.22905|0
ven_perm_a173201773efdc|perm-cgk|Центр городской культуры (ЦГК)|ATTRACTION|пермь|Пермь|0|0|0|1|1|1|1|0|0|1|58.0108|56.2494|0
ven_perm_76fed33662ec2f|perm-chomga|Чомга|ATTRACTION|пермь|Пермь|0|0|0|1|1|1|1|0|0|1|58.0055|56.2519|0
ven_ms_82b6e4516ed32348|pskov-gremyachaya-bashnya|Гремячая башня|ATTRACTION|псков|Псков|0|0|1|1|1|1|1|1|1|1|57.822778|28.346944|396
ven_ms_13c0e02fdc5d6f4c|pskov-izborskaya-krepost|Изборская крепость|ATTRACTION|псков|Псков|0|0|1|1|1|1|1|1|1|1|57.709444|27.861111|438
ven_ms_4778b9eb819078bf|pskov-pskovskiy-krom-kreml|Псковский Кром (Кремль)|ATTRACTION|псков|Псков|0|0|1|1|1|1|1|1|1|1|57.821422|28.328889|403
venue_inst_77e8ea9e20b3f447c07ee87c|ekaterininskiy-dvorec-f447c07ee87c|Екатерининский дворец|ATTRACTION|пушкин|Пушкин|0|0|1|1|1|1|1|0|0|1|59.7163|30.3943|228
ven_ms_c80f724d742f1631|rostov-na-donu-aksayskaya-tamozhennaya-zastava|Аксайская таможенная застава|ATTRACTION|ростов-на-дону|Ростов-на-Дону|0|0|0|1|1|1|1|0|0|1|47.269112|39.874112|0
ven_ms_8df74766bf491713|rostov-na-donu-dom-vrangelya|Дом Врангеля|ATTRACTION|ростов-на-дону|Ростов-на-Дону|0|0|0|1|1|1|1|0|0|1|47.218912|39.714902|0
ven_ms_c33f38cb347d2a65|rostov-na-donu-dom-kotlyarova|Дом Котлярова в Нахичевани|ATTRACTION|ростов-на-дону|Ростов-на-Дону|0|0|0|1|1|1|1|0|0|1|47.228912|39.755891|0
ven_ms_882ce53c9f29d384|rostov-na-donu-dom-chernovoy|Дом Черновой|ATTRACTION|ростов-на-дону|Ростов-на-Дону|0|0|0|1|1|1|1|0|0|1|47.220112|39.704912|0
ven_ms_e42d35ac39e8611c|rostov-na-donu-dohodnyy-dom-kisina|Доходный дом Кисина|ATTRACTION|ростов-на-дону|Ростов-на-Дону|0|0|0|1|1|1|1|0|0|1|47.218112|39.710891|0
ven_ms_1083153415f4dfd7|rostov-na-donu-zdanie-glavpochtamta|Здание Главпочтамта|ATTRACTION|ростов-на-дону|Ростов-на-Дону|0|0|0|1|1|1|1|0|0|1|47.221112|39.711812|0
ven_ms_1a01684eb13284c8|rostov-na-donu-zdanie-gorodskoy-dumy|Здание Городской думы|ATTRACTION|ростов-на-дону|Ростов-на-Дону|0|0|0|1|1|1|1|0|0|1|47.221912|39.714112|0
ven_ms_be9d27b836443f74|rostov-na-donu-zdanie-gosudarstvennogo-banka|Здание Государственного банка|ATTRACTION|ростов-на-дону|Ростов-на-Дону|0|0|0|1|1|1|1|0|0|1|47.220912|39.718912|0
ven_ms_199b82c528d52c6c|rostov-na-donu-osobnyak-paramonova|Особняк Парамонова|ATTRACTION|ростов-на-дону|Ростов-на-Дону|0|0|0|1|1|1|1|0|0|1|47.227812|39.728912|0
ven_ms_10bc4d6fda1c0d9c|rostov-na-donu-osobnyak-sarieva|Особняк Сариева|ATTRACTION|ростов-на-дону|Ростов-на-Дону|0|0|0|1|1|1|1|0|0|1|47.224112|39.722312|0
ven_ms_8d50e651c97930b0|rostov-na-donu-osobnyak-suprunova|Особняк Супрунова|ATTRACTION|ростов-на-дону|Ростов-на-Дону|0|0|0|1|1|1|1|0|0|1|47.225112|39.711912|0
ven_ms_fb975470d8fae505|rostov-na-donu-passazh-gench-oglueva|Пассаж Генч-Оглуева|ATTRACTION|ростов-на-дону|Ростов-на-Дону|0|0|0|1|1|1|1|0|0|1|47.222912|39.716112|0
ven_ms_00ef42c4eadaa7a6|rostov-na-donu-smotrovaya-na-sedova|Смотровая на Седова|ATTRACTION|ростов-на-дону|Ростов-на-Дону|0|0|0|1|1|1|1|0|0|1|47.219612|39.728912|0
ven_ms_5492bcd52a6b7872|rostov-na-donu-starocherkasskaya-dvorec-efremovyh|Старочеркасская|ATTRACTION|ростов-на-дону|Ростов-на-Дону|0|0|0|1|1|1|1|0|0|1|47.239112|40.042312|0
ven_ms_25997a1c1c7ced00|rostov-na-donu-starocherkasskaya|Старочеркасская|ATTRACTION|ростов-на-дону|Ростов-на-Дону|0|0|0|1|1|1|1|0|0|1|47.239112|40.042312|0
ven_ms_de6648195690dff9|rostov-na-donu-tanais|Танаис|ATTRACTION|ростов-на-дону|Ростов-на-Дону|0|0|0|1|1|1|1|0|0|1|47.271112|39.332312|0
ven_ms_17337132c6eed092|rostov-na-donu-tanais-muzey-amfor|Танаис|ATTRACTION|ростов-на-дону|Ростов-на-Дону|0|0|0|1|1|1|1|0|0|1|47.271112|39.332312|0
ven_ms_ed89e7d1bd1143fe|rostov-na-donu-torgovyy-dom-yablokovyh|Торговый дом Яблоковых|ATTRACTION|ростов-на-дону|Ростов-на-Дону|0|0|0|1|1|1|1|0|0|1|47.220912|39.709891|0
ven_ms_bc5fae4e7e299c3b|rostov-na-donu-puhlyakovskiy|Хутор Пухляковский|ATTRACTION|ростов-на-дону|Ростов-на-Дону|0|0|0|1|1|1|1|0|0|1|47.444112|40.646112|0
ven_ms_3406c0036c4a6f71|ryazan-gostinyy-dvor|Гостиный двор|ATTRACTION|рязань|Рязань|0|0|0|1|1|1|1|0|0|1|54.627112|39.737901|0
ven_ms_20eb63de84602887|ryazan-grib-korobeynik|Гриб-Коробейник (Продавец леденцов)|ATTRACTION|рязань|Рязань|0|0|0|1|1|1|1|0|0|1|54.633105|39.74415|0
ven_ms_d8b4e337a397d602|ryazan-grib-mudrets|Гриб-Мудрец|ATTRACTION|рязань|Рязань|0|0|0|1|1|1|1|0|0|1|54.62432|39.74315|0
ven_ms_cfe70450882faec3|ryazan-grib-puteshestvennik|Гриб-Путешественник|ATTRACTION|рязань|Рязань|0|0|0|1|1|1|1|0|0|1|54.62931|39.74195|0
ven_ms_afd8627028867b2c|ryazan-grib-sportsmen|Гриб-Спортсмен (На скейте)|ATTRACTION|рязань|Рязань|0|0|0|1|1|1|1|0|0|1|54.62745|39.74191|0
ven_ms_7295c0d9d529e10e|ryazan-dvorets-olega|Дворец Олега|ATTRACTION|рязань|Рязань|0|0|0|1|1|1|1|0|0|1|54.636112|39.749102|0
ven_ms_8ae0e0f90e87fd96|ryazan-dom-morozova|Дом Морозова|ATTRACTION|рязань|Рязань|0|0|0|1|1|1|1|0|0|1|54.629112|39.754891|0
ven_ms_73e7645ec7b1a2ef|ryazan-dom-heraskovyh|Дом Херасковых|ATTRACTION|рязань|Рязань|0|0|0|1|1|1|1|0|0|1|54.634112|39.751212|0
ven_ms_1703126de759a51e|ryazan-dom-sester-hvoshchinskih|Дом сестер Хвощинских|ATTRACTION|рязань|Рязань|0|0|0|1|1|1|1|0|0|1|54.629901|39.735112|0
ven_ms_7a04ff78945a16fa|ryazan-zdanie-okruzhnogo-suda|Здание Окружного суда|ATTRACTION|рязань|Рязань|0|0|0|1|1|1|1|0|0|1|54.624112|39.741901|0
ven_ms_62523cdd8166d903|ryazan-zdanie-pervoy-muzhskoy-gimnazii|Здание Первой мужской гимназии|ATTRACTION|рязань|Рязань|0|0|0|1|1|1|1|0|0|1|54.625891|39.745112|0
ven_ms_433b8ed2086b868e|ryazan-konsistorskiy-korpus|Консисторский корпус|ATTRACTION|рязань|Рязань|0|0|0|1|1|1|1|0|0|1|54.635312|39.747901|0
ven_ms_648a00c560b4b75d|ryazan-konstantinovo|Константиново|ATTRACTION|рязань|Рязань|0|0|0|1|1|1|1|0|0|1|54.863083|39.598984|0
ven_ms_7949914a39efdb27|ryazan-otel-lastochka|Отель «Ласточка» (Здание Купеческого собрания)|ATTRACTION|рязань|Рязань|0|0|0|1|1|1|1|0|0|1|54.631901|39.742312|0
ven_ms_068a39ee67ec930e|ryazan-pevcheskiy-korpus|Певческий корпус|ATTRACTION|рязань|Рязань|0|0|0|1|1|1|1|0|0|1|54.635891|39.748312|0
ven_ms_d1b183908e398e24|ryazan-pristan-kreml|Пристань «Рязань-Кремль»|ATTRACTION|рязань|Рязань|0|0|0|1|1|1|1|0|0|1|54.638112|39.749912|0
ven_ms_cc5eca3e61daec1f|ryazan-ryazanskiy-kreml|Рязанский Кремль|ATTRACTION|рязань|Рязань|0|0|1|1|1|1|1|1|1|1|54.636111|39.751389|460
ven_ms_f9dd9a2fb0d5360d|ryazan-smotrovaya-kremlevskiy-val|Смотровая площадка на Кремлевском валу|ATTRACTION|рязань|Рязань|0|0|0|1|1|1|1|0|0|1|54.634901|39.747112|0
ven_ms_c6628aa0050282ad|ryazan-solotcha|Солотча|ATTRACTION|рязань|Рязань|0|0|0|1|1|1|1|0|0|1|54.793112|39.831112|0
ven_ms_a2a455a6687c673f|ryazan-torgovye-ryady-krasnoryadskaya|Торговые ряды на Краснорядской|ATTRACTION|рязань|Рязань|0|0|0|1|1|1|1|0|0|1|54.627912|39.739112|0
ven_ms_5e65b68f265342a1|samara-dom-oborony|Дом обороны|ATTRACTION|самара|Самара|0|0|0|1|1|1|1|0|0|1|53.1995|50.1215|0
ven_ms_5db4a67616fb1d6e|samara-dom-s-atlantami|Дом с атлантами (Особняк Шихобаловых)|ATTRACTION|самара|Самара|0|0|0|1|1|1|1|0|0|1|53.185211|50.089411|0
ven_ms_c66ff751aaae196b|samara-dom-chemodan|Дом-чемодан (управление СЖД)|ATTRACTION|самара|Самара|0|0|0|1|1|1|1|0|0|1|53.185611|50.123312|0
ven_ms_867d7a8646c900a5|samara-zhigulevskiy-pivovarennyy-zavod|Жигулёвский пивоваренный завод|ATTRACTION|самара|Самара|0|0|1|1|1|1|1|1|1|1|53.201611|50.098912|430
ven_ms_6ed4ea3b49de989e|samara-zdanie-zhigulevskogo-kombinata|Здание Жигулёвского пивоваренного комбината|ATTRACTION|самара|Самара|0|0|0|1|1|1|1|0|0|1|53.201211|50.097511|0
ven_ms_376040734f82e59f|samara-krestyanskiy-pozemelnyy-bank|Здание Крестьянского поземельного банка|ATTRACTION|самара|Самара|0|0|0|1|1|1|1|0|0|1|53.197811|50.102112|0
ven_ms_46bf84ffb9bd2499|samara-katolicheskiy-kostel-presvyatogo-serdtsa-iisusa|Католический костёл Пресвятого Сердца Иисуса|ATTRACTION|самара|Самара|0|0|1|1|1|1|1|1|1|1|53.196912|50.103611|399
ven_ms_bc196d6d8d9fadc7|samara-osobnyak-fon-vakano|Особняк Альфреда фон Вакано|ATTRACTION|самара|Самара|0|0|0|1|1|1|1|0|0|1|53.197811|50.099412|0
ven_ms_c005007f2a8297ff|samara-osobnyak-klodta|Особняк Клодта|ATTRACTION|самара|Самара|0|0|0|1|1|1|1|0|0|1|53.196112|50.100512|0
ven_ms_63f19c5fd080f1b4|samara-osobnyak-neronova|Особняк Неронова|ATTRACTION|самара|Самара|0|0|0|1|1|1|1|0|0|1|53.184411|50.086712|0
ven_ms_fe23fa6ee2c7c6fe|samara-smotrovaya-vertolyotka|Смотровая «Вертолётка»|ATTRACTION|самара|Самара|0|0|0|1|1|1|1|0|0|1|53.344411|50.198311|0
ven_ms_4b5c6c7c612f51d3|samara-fabrika-kuhnya-zim|Фабрика-кухня завода ЗИМ|ATTRACTION|самара|Самара|0|0|0|1|1|1|1|0|0|1|53.222511|50.149112|0
ven_ms_fda7b25256eb7b9b|saint-petersburg-admiralteystvo|Адмиралтейство|ATTRACTION|санкт-петербург|Санкт-Петербург|0|0|1|1|1|1|1|0|0|1|59.937412|30.308531|184
ven_ms_3d7bdc8a3c478c42|saint-petersburg-aleksandro-nevskaya-lavra|Александро-Невская лавра|ATTRACTION|санкт-петербург|Санкт-Петербург|0|0|0|1|1|1|1|0|0|1|59.9215|30.3885|0
ven_ms_d0169bbaa410696c|saint-petersburg-bertgold-tsentr|Бертгольд Центр|ATTRACTION|санкт-петербург|Санкт-Петербург|0|0|1|1|1|1|1|0|0|1|59.928711|30.311412|152
ven_ms_968865ed0a2a756b|saint-petersburg-bolshaya-morskaya|Большая Морская|ATTRACTION|санкт-петербург|Санкт-Петербург|0|0|0|1|1|1|1|0|0|1|59.9345|30.3125|0
venue_69e48dd72de5596b2502717b|большои-гатчинскии-дворец-69e48dd72de5596b2502717b|Большой Гатчинский дворец|ATTRACTION|санкт-петербург|Санкт-Петербург|0|0|0|1|1|1|1|0|0|1|59.564084|30.103487|69
venue_68c6ae79d5b98d58ded70411|bolshoi-petergofskii-dvorec-68c6ae79d5b98d58ded70411|Большой Петергофский дворец|ATTRACTION|санкт-петербург|Санкт-Петербург|0|0|0|1|1|1|1|0|0|1|59.883912|29.908611|27
ven_ms_2b0d1fa95fd1ab36|saint-petersburg-vitebskiy-vokzal|Витебский вокзал|ATTRACTION|санкт-петербург|Санкт-Петербург|0|0|0|1|1|1|1|0|0|1|59.9195|30.3295|0
ven_ms_9264c490bec9ce04|saint-petersburg-vyborgskiy-zamok|Выборгский замок|ATTRACTION|санкт-петербург|Санкт-Петербург|0|0|1|1|1|1|1|0|0|1|59.714412|28.729114|130
ven_ms_68c13406f2a871d0|saint-petersburg-gostinyy-dvor-passazh|Гостиный двор / Пассаж|ATTRACTION|санкт-петербург|Санкт-Петербург|0|0|0|1|1|1|1|0|0|1|59.9338|30.331|0
ven_ms_809d94a363b4941b|saint-petersburg-grand-maket-rossiya|Гранд Макет Россия|ATTRACTION|санкт-петербург|Санкт-Петербург|0|0|0|1|1|1|1|0|0|1|59.8885|30.3305|0
ven_ms_0a157bdac6a73a09|saint-petersburg-dvorets-beloselskih-belozerskih|Дворец Белосельских-Белозерских|ATTRACTION|санкт-петербург|Санкт-Петербург|0|0|1|1|1|1|1|0|0|1|59.932941|30.344412|150
ven_ms_a039eb1a6e835d8c|saint-petersburg-dvorets-velikogo-knyazya-vladimira-aleksandrovicha-dom-|Дворец Великого князя Владимира Александровича (Дом ученых)|ATTRACTION|санкт-петербург|Санкт-Петербург|0|0|0|1|1|1|0|0|0|1|||0
ven_ms_51c7a3ee47866b7e|saint-petersburg-dvorets-velikogo-knyazya-vladimira-aleksandrovicha-dom|Дворец Великого князя Владимира Александровича (Дом ученых)|ATTRACTION|санкт-петербург|Санкт-Петербург|0|0|0|1|1|1|1|0|0|1|59.943615|30.32014|0
ven_ms_e51d8b56d3e55538|saint-petersburg-dom-s-sovami|Дом с совами|ATTRACTION|санкт-петербург|Санкт-Петербург|0|0|0|1|1|1|0|0|0|1|||0
ven_ms_a9522d4ad15bbd3d|saint-petersburg-dohodnyy-dom-badaeva|Доходный дом Бадаева|ATTRACTION|санкт-петербург|Санкт-Петербург|0|0|0|1|1|1|0|0|0|1|||0
ven_ms_7f925628d97a862b|saint-petersburg-dohodnyy-dom-baka|Доходный дом Бака|ATTRACTION|санкт-петербург|Санкт-Петербург|0|0|1|1|1|1|1|0|0|1|59.944112|30.360114|194
ven_ms_ace8e28cd0d0d0a3|saint-petersburg-dohodnyy-dom-bernshteyna|Доходный дом Бернштейна|ATTRACTION|санкт-петербург|Санкт-Петербург|0|0|0|1|1|1|0|0|0|1|||0
ven_ms_9ef530e53ee5b6de|saint-petersburg-dohodnyy-dom-bubyrya|Доходный дом Бубыря|ATTRACTION|санкт-петербург|Санкт-Петербург|0|0|0|1|1|1|0|0|0|1|||0
ven_ms_7a23cb268582e6f2|saint-petersburg-dohodnyy-dom-vege|Доходный дом Веге|ATTRACTION|санкт-петербург|Санкт-Петербург|0|0|0|1|1|1|0|0|0|1|||0
ven_ms_e1b057b241444915|saint-petersburg-dohodnyy-dom-grabbe|Доходный дом Граббе|ATTRACTION|санкт-петербург|Санкт-Петербург|0|0|0|1|1|1|0|0|0|1|||0
ven_ms_e0e8e1998041fc42|saint-petersburg-dohodnyy-dom-dernova-dom-s-bashney|Доходный дом Дернова (Дом с башней)|ATTRACTION|санкт-петербург|Санкт-Петербург|0|0|0|1|1|1|0|0|0|1|||0
ven_ms_174caf4555a6c879|saint-petersburg-dohodnyy-dom-eliseevyh-na-fontanke|Доходный дом Елисеевых (на Фонтанке)|ATTRACTION|санкт-петербург|Санкт-Петербург|0|0|0|1|1|1|0|0|0|1|||0
ven_ms_e4849e552259ddb5|saint-petersburg-dohodnyy-dom-ioffa-pyat-uglov|Доходный дом Иоффа (Пять углов)|ATTRACTION|санкт-петербург|Санкт-Петербург|0|0|0|1|1|1|0|0|0|1|||0
ven_ms_b1f9f0bbd698b5e4|saint-petersburg-dohodnyy-dom-kirillovyh|Доходный дом Кирилловых|ATTRACTION|санкт-петербург|Санкт-Петербург|0|0|0|1|1|1|0|0|0|1|||0
ven_ms_13f55c20803c1056|saint-petersburg-dohodnyy-dom-kleynmihel|Доходный дом Клейнмихель|ATTRACTION|санкт-петербург|Санкт-Петербург|0|0|0|1|1|1|0|0|0|1|||0
ven_ms_0bc265bd1ea27523|saint-petersburg-dohodnyy-dom-kolobovyh|Доходный дом Колобовых|ATTRACTION|санкт-петербург|Санкт-Петербург|0|0|0|1|1|1|0|0|0|1|||0
ven_ms_a7678d199e4ee090|saint-petersburg-dohodnyy-dom-lyalevicha|Доходный дом Лялевича|ATTRACTION|санкт-петербург|Санкт-Петербург|0|0|0|1|1|1|0|0|0|1|||0
ven_ms_9758ad2408f0aabc|saint-petersburg-dohodnyy-dom-meltsera|Доходный дом Мельцера|ATTRACTION|санкт-петербург|Санкт-Петербург|0|0|0|1|1|1|0|0|0|1|||0
ven_ms_fc9c9edcea53808d|saint-petersburg-dohodnyy-dom-muruzi|Доходный дом Мурузи|ATTRACTION|санкт-петербург|Санкт-Петербург|0|0|1|1|1|1|1|0|0|1|59.943112|30.349114|188
ven_ms_ada79c88fd0fba63|saint-petersburg-dohodnyy-dom-nikonova|Доходный дом Никонова|ATTRACTION|санкт-петербург|Санкт-Петербург|0|0|0|1|1|1|0|0|0|1|||0
ven_ms_2856cff9771a8a5f|saint-petersburg-dohodnyy-dom-polezhaeva|Доходный дом Полежаева|ATTRACTION|санкт-петербург|Санкт-Петербург|0|0|0|1|1|1|0|0|0|1|||0
ven_ms_a88f43ca3d428b7a|saint-petersburg-dohodnyy-dom-ratkova-rozhnova-na-pestelya|Доходный дом Ратькова-Рожнова (на Пестеля)|ATTRACTION|санкт-петербург|Санкт-Петербург|0|0|0|1|1|1|0|0|0|1|||0
ven_ms_41ecc799a49f2ede|saint-petersburg-dohodnyy-dom-rozenshteyna-dom-s-bashnyami|Доходный дом Розенштейна (Дом с башнями)|ATTRACTION|санкт-петербург|Санкт-Петербург|0|0|0|1|1|1|0|0|0|1|||0
ven_ms_16cf00f98a9b51a7|saint-petersburg-dohodnyy-dom-smirnova|Доходный дом Смирнова|ATTRACTION|санкт-петербург|Санкт-Петербург|0|0|0|1|1|1|0|0|0|1|||0
ven_ms_5ff3efdb00ed1b87|saint-petersburg-dohodnyy-dom-stanovogo|Доходный дом Станового|ATTRACTION|санкт-петербург|Санкт-Петербург|0|0|0|1|1|1|0|0|0|1|||0
ven_ms_c5b0c501b3836bf6|saint-petersburg-dohodnyy-dom-stepnova|Доходный дом Степнова|ATTRACTION|санкт-петербург|Санкт-Петербург|0|0|0|1|1|1|0|0|0|1|||0
ven_ms_18650c7a95de0cb9|saint-petersburg-dohodnyy-dom-tanskogo|Доходный дом Танского|ATTRACTION|санкт-петербург|Санкт-Петербург|0|0|0|1|1|1|0|0|0|1|||0
ven_ms_faad48aecd73cef6|saint-petersburg-dohodnyy-dom-hrenova|Доходный дом Хренова|ATTRACTION|санкт-петербург|Санкт-Петербург|0|0|0|1|1|1|0|0|0|1|||0
ven_ms_2fc2ddc1c0722d99|saint-petersburg-dohodnyy-dom-shreybera|Доходный дом Шрейбера|ATTRACTION|санкт-петербург|Санкт-Петербург|0|0|0|1|1|1|0|0|0|1|||0
ven_ms_845dd12c38f94a48|saint-petersburg-dohodnyy-dom-gertsoga-leyhtenbergskogo|Доходный дом герцога Лейхтенбергского|ATTRACTION|санкт-петербург|Санкт-Петербург|0|0|0|1|1|1|0|0|0|1|||0
ven_ms_9335ecfdc727fa6e|saint-petersburg-egipetskiy-dom-dom-zaharova|Египетский дом (Дом Захарова)|ATTRACTION|санкт-петербург|Санкт-Петербург|0|0|0|1|1|1|0|0|0|1|||0
ven_ms_6374a5ee8e6044c6|saint-petersburg-ekaterininskiy-dvorets|Екатерининский дворец|ATTRACTION|санкт-петербург|Санкт-Петербург|0|0|1|1|1|1|1|0|0|1|59.715911|30.395812|129
ven_ms_c76a1e8c45c39c87|saint-petersburg-elaginoostrovskiy-dvorets|Елагиноостровский дворец|ATTRACTION|санкт-петербург|Санкт-Петербург|0|0|0|1|1|1|0|0|0|1|||0
ven_ms_5947d8b04f1b3276|saint-petersburg-isaakievskiy-sobor|Исаакиевский собор|ATTRACTION|санкт-петербург|Санкт-Петербург|0|0|1|1|1|1|1|0|0|1|59.934111|30.306124|208
venue_inst_6c7a0117666f3aeb14ae1a71|isaakievskiy-sobor-3aeb14ae1a71|Исаакиевский собор|ATTRACTION|санкт-петербург|Санкт-Петербург|0|0|1|1|1|1|1|0|0|1|59.9341|30.3063|224
ven_ms_b49d1fcd0f67b4bc|saint-petersburg-kolomna|Коломна|ATTRACTION|санкт-петербург|Санкт-Петербург|0|0|0|1|1|1|1|0|0|1|59.9215|30.2885|0
venue_inst_f70acda2fcd77781ff68ac5a|kunstkamera-7781ff68ac5a|Кунсткамера|ATTRACTION|санкт-петербург|Санкт-Петербург|0|0|0|1|1|1|1|0|0|1|59.941412|30.304523|59
ven_ms_b6b60f535c074a1e|saint-petersburg-loft-proekt-etazhi|Лофт Проект Этажи|ATTRACTION|санкт-петербург|Санкт-Петербург|0|0|0|1|1|1|1|0|0|1|59.922114|30.355611|47
ven_ms_be96f46025f5273f|saint-petersburg-mariinskiy-dvorets|Мариинский дворец|ATTRACTION|санкт-петербург|Санкт-Петербург|0|0|0|1|1|1|0|0|0|1|||0
ven_ms_cefed4cf984511a7|saint-petersburg-marsovo-pole|Марсово поле|ATTRACTION|санкт-петербург|Санкт-Петербург|0|0|0|1|1|1|1|0|0|1|59.9435|30.3315|0
ven_ms_97d154fd6d9b8c8d|saint-petersburg-mihaylovskiy-zamok|Михайловский замок|ATTRACTION|санкт-петербург|Санкт-Петербург|0|0|1|1|1|1|1|0|0|1|59.940121|30.338522|225
ven_ms_5f4a96ef2e83dbf7|saint-petersburg-mramornyy-dvorets|Мраморный дворец|ATTRACTION|санкт-петербург|Санкт-Петербург|0|0|0|1|1|1|1|0|0|1|59.945142|30.326714|60
ven_ms_df8238e53460b98b|saint-petersburg-nikolaevskiy-dvorets-dvorets-truda|Николаевский дворец (Дворец Труда)|ATTRACTION|санкт-петербург|Санкт-Петербург|0|0|0|1|1|1|0|0|0|1|||0
ven_ms_01579187cfada713|saint-petersburg-novo-mihaylovskiy-dvorets|Ново-Михайловский дворец|ATTRACTION|санкт-петербург|Санкт-Петербург|0|0|0|1|1|1|0|0|0|1|||0
ven_ms_641753335894e04a|saint-petersburg-obschestvennoe-prostranstvo-dvor-gostinki|Общественное пространство «Двор Гостинки»|ATTRACTION|санкт-петербург|Санкт-Петербург|0|0|0|1|1|1|0|0|0|1|||0
ven_ms_c3af11c10438cc0f|saint-petersburg-okeanarium|Океанариум|ATTRACTION|санкт-петербург|Санкт-Петербург|0|0|0|1|1|1|1|0|0|1|59.8675|30.3215|0
ven_ms_8ebbf0bf7261c58c|saint-petersburg-osobnyak-brusnitsynyh|Особняк Брусницыных|ATTRACTION|санкт-петербург|Санкт-Петербург|0|0|0|1|1|1|0|0|0|1|||0
ven_ms_b76fd3d8af8f1ee9|saint-petersburg-osobnyak-ziva|Особняк Зива|ATTRACTION|санкт-петербург|Санкт-Петербург|0|0|0|1|1|1|0|0|0|1|||0
ven_ms_9666556674d98382|saint-petersburg-osobnyak-kelha|Особняк Кельха|ATTRACTION|санкт-петербург|Санкт-Петербург|0|0|1|1|1|1|1|0|0|1|59.944912|30.355814|160
ven_ms_fa6b17b6fef78e05|saint-petersburg-osobnyak-kochubeya-dom-s-mavrami|Особняк Кочубея (Дом с маврами)|ATTRACTION|санкт-петербург|Санкт-Петербург|0|0|0|1|1|1|0|0|0|1|||0
ven_ms_0152bc17c0d3f811|saint-petersburg-osobnyak-myasnikova|Особняк Мясникова|ATTRACTION|санкт-петербург|Санкт-Петербург|0|0|0|1|1|1|1|0|0|1|59.943514|30.362141|0
ven_ms_edb4582260e94038|saint-petersburg-osobnyak-novinskih|Особняк Новинских|ATTRACTION|санкт-петербург|Санкт-Петербург|0|0|0|1|1|1|0|0|0|1|||0
ven_ms_59f058ec5f393cfa|saint-petersburg-osobnyak-polovtsova-dom-arhitektora|Особняк Половцова (Дом архитектора)|ATTRACTION|санкт-петербург|Санкт-Петербург|0|0|0|1|1|1|1|0|0|1|59.933211|30.301412|0
ven_ms_5e3f4e0211c71f42|saint-petersburg-osobnyak-rumyantseva|Особняк Румянцева|ATTRACTION|санкт-петербург|Санкт-Петербург|0|0|0|1|1|1|0|0|0|1|||0
ven_ms_3939d01ce36b691c|saint-petersburg-osobnyak-trubetskih-naryshkinyh|Особняк Трубецких-Нарышкиных|ATTRACTION|санкт-петербург|Санкт-Петербург|0|0|0|1|1|1|0|0|0|1|||0
ven_ms_5986291857c677e7|saint-petersburg-osobnyak-forostovskogo|Особняк Форостовского|ATTRACTION|санкт-петербург|Санкт-Петербург|0|0|0|1|1|1|0|0|0|1|||0
ven_ms_932b46f83ddfc974|saint-petersburg-osobnyak-forsha-dacha-gausvald|Особняк Форша (Дача Гаусвальд)|ATTRACTION|санкт-петербург|Санкт-Петербург|0|0|0|1|1|1|0|0|0|1|||0
ven_ms_f5d2dad5bb6982ef|saint-petersburg-osobnyak-chaeva|Особняк Чаева|ATTRACTION|санкт-петербург|Санкт-Петербург|0|0|0|1|1|1|0|0|0|1|||0
ven_ms_456648ecfa161272|saint-petersburg-otkrytye-dvory-kolodtsy-ekskursii-po-dvoram|Открытые дворы-колодцы (экскурсии по дворам)|ATTRACTION|санкт-петербург|Санкт-Петербург|0|0|0|1|1|1|1|0|0|1|59.934|30.32|0
venue_inst_ed40d1aef8e8145de6e04a72|pavlovskiy-dvorec-145de6e04a72|Павловский дворец|ATTRACTION|санкт-петербург|Санкт-Петербург|0|0|0|1|1|1|1|0|0|1|59.685911|30.453912|114
ven_ms_df1beb69e01e9333|saint-petersburg-paradnaya-romashka-dom-eliseeva|Парадная «Ромашка» (Дом Елисеева)|ATTRACTION|санкт-петербург|Санкт-Петербург|0|0|0|1|1|1|0|0|0|1|||0
ven_ms_1561e1d2760573b5|saint-petersburg-petrovskaya-akvatoriya|Петровская Акватория|ATTRACTION|санкт-петербург|Санкт-Петербург|0|0|0|1|1|1|1|0|0|1|59.9355|30.3055|0
ven_ms_38cec32c8c240b0c|saint-petersburg-petropavlovskaya-krepost|Петропавловская крепость|ATTRACTION|санкт-петербург|Санкт-Петербург|0|0|1|1|1|1|1|0|0|1|59.950031|30.317542|199
ven_ms_786df198947e609d|saint-petersburg-peshehodnaya-malaya-konyushennaya|Пешеходная Малая Конюшенная|ATTRACTION|санкт-петербург|Санкт-Петербург|0|0|0|1|1|1|1|0|0|1|59.937|30.3255|0
ven_ms_0a43387ac219fb43|planetarii-1|Планетарий №1|ATTRACTION|санкт-петербург|Санкт-Петербург|0|0|0|1|1|1|1|0|0|1|59.9575|30.3345|0
ven_ms_eccf4e1fc613f49f|saint-petersburg-prioratskiy-dvorets|Приоратский дворец|ATTRACTION|санкт-петербург|Санкт-Петербург|0|0|1|1|1|1|1|0|0|1|59.558311|30.120812|142
ven_ms_6627e660f8e91473|saint-petersburg-pushkinskaya-10|Пушкинская 10|ATTRACTION|санкт-петербург|Санкт-Петербург|0|0|0|1|1|1|1|0|0|1|59.9285|30.3565|0
ven_ms_cc3a80b73211a12b|saint-petersburg-rotonda-na-gorohovoy|Ротонда на Гороховой|ATTRACTION|санкт-петербург|Санкт-Петербург|0|0|1|1|1|1|1|0|0|1|59.923121|30.324214|151
ven_ms_c63ce77d9694b917|saint-petersburg-sidreriya-sidr-i-nensi|Сидрерия «Сидр и Нэнси»|ATTRACTION|санкт-петербург|Санкт-Петербург|0|0|0|1|1|1|0|0|0|1|||0
ven_ms_3fec71a22046def2|saint-petersburg-smolenskoe-lyuteranskoe-kladbische|Смоленское лютеранское кладбище|ATTRACTION|санкт-петербург|Санкт-Петербург|0|0|0|1|1|1|1|0|0|1|59.95|30.265|0
ven_ms_7bf15cb8bb502c48|saint-petersburg-smotrovaya-lahta-tsentra|Смотровая Лахта Центра|ATTRACTION|санкт-петербург|Санкт-Петербург|0|0|0|1|1|1|1|0|0|1|59.987342|30.178311|41
ven_ms_9f691b52f86f0f34|saint-petersburg-spas-na-krovi|Спас на Крови|ATTRACTION|санкт-петербург|Санкт-Петербург|0|0|1|1|1|1|1|0|0|1|59.940112|30.328891|209
venue_inst_4ede171d2ef0995a65eafe4e|spas-na-krovi-995a65eafe4e|Спас на Крови|ATTRACTION|санкт-петербург|Санкт-Петербург|0|0|1|1|1|1|0|0|0|1|||185
ven_ms_a06110ae949b654e|saint-petersburg-stroganovskiy-dvorets|Строгановский дворец|ATTRACTION|санкт-петербург|Санкт-Петербург|0|0|0|1|1|1|0|0|0|1|||0
ven_ms_d9aeeb536e5c948a|saint-petersburg-tolstovskiy-dom|Толстовский дом|ATTRACTION|санкт-петербург|Санкт-Петербург|0|0|1|1|1|1|1|0|0|1|59.931114|30.340912|192
ven_ms_99c3e767a636727f|saint-petersburg-trete-mesto|Третье место|ATTRACTION|санкт-петербург|Санкт-Петербург|0|0|0|1|1|1|1|0|0|1|59.9345|30.335|0
ven_ms_8f6fc4aae968e3a7|saint-petersburg-usadba-demidovyh|Усадьба Демидовых|ATTRACTION|санкт-петербург|Санкт-Петербург|0|0|0|1|1|1|0|0|0|1|||0
ven_ms_e06b0e83d5511de2|saint-petersburg-usadba-e-r-dashkovoy-kiryanovo|Усадьба Е. Р. Дашковой (Кирьяново)|ATTRACTION|санкт-петербург|Санкт-Петербург|0|0|0|1|1|1|0|0|0|1|||0
ven_ms_ab798a0edd14b701|saint-petersburg-tsarskoselskiy-litsey|Царскосельский лицей|ATTRACTION|санкт-петербург|Санкт-Петербург|0|0|1|1|1|1|1|0|0|1|59.716912|30.397114|120
venue_691e1ef5558b4d7999e63912|cerkov-svyatogo-apostola-ioanna-yaani-kirik-691e1ef5558b4d7999e63912|Церковь святого апостола Иоанна- Яани Кирик|ATTRACTION|санкт-петербург|Санкт-Петербург|1|1|0|1|1|1|1|0|0|1|59.9240179|30.2866211|0
ven_ms_62176997a4e7a230|saint-petersburg-sheremetevskiy-dvorets-fontannyy-dom|Шереметевский дворец (Фонтанный дом)|ATTRACTION|санкт-петербург|Санкт-Петербург|0|0|0|1|1|1|0|0|0|1|||0
venue_inst_057cfde3274663986bf7a7df|yusupovskiy-dvorec-63986bf7a7df|Юсуповский дворец|ATTRACTION|санкт-петербург|Санкт-Петербург|0|0|0|1|1|1|1|0|0|1|59.929532|30.303912|36
ven_ms_f63daf33f2516dbd|smolensk-gromovaya-bashnya|Громовая башня|ATTRACTION|смоленск|Смоленск|0|0|1|1|1|1|1|1|1|1|54.779444|32.046944|443
ven_ms_6ba6e0d3cabd17aa|smolensk-istoriko-arhitekturnyy-kompleks-teremok-flenovo|Историко-архитектурный комплекс «Теремок» (Флёново)|ATTRACTION|смоленск|Смоленск|0|0|1|1|1|1|1|1|1|1|54.663889|32.111111|418
ven_ms_56caa65d155f8dd5|smolensk-smolenskaya-krepostnaya-stena|Смоленская крепостная стена|ATTRACTION|смоленск|Смоленск|0|0|1|1|1|1|1|1|1|1|54.778889|32.049444|441
ven_ms_0a0cd26d45174277|sochi-morskoy-vokzal-sochi|Морской вокзал Сочи|ATTRACTION|сочи|Сочи|0|0|1|1|1|1|1|1|1|1|43.580412|39.718854|405
ven_ms_4cfde73ae77c8164|stavropol-krepostnaya-gora|Крепостная гора|ATTRACTION|ставрополь|Ставрополь|0|0|1|1|1|1|1|1|1|1|45.048354|41.971245|421
ven_ms_4ca3170b63a7708e|syktyvkar-pozharnaya-kalancha|Пожарная каланча|ATTRACTION|сыктывкар|Сыктывкар|0|0|1|1|1|1|1|1|1|1|61.671111|50.838889|441
ven_ms_0a4436a97e2eec64|tver-dom-voroshilovskih-strelkov|Дом Ворошиловских стрелков|ATTRACTION|тверь|Тверь|0|0|0|1|1|1|1|0|0|1|56.861112|35.908912|0
ven_ms_e9959846de893057|tver-dom-kuptsa-arefeva|Дом купца Арефьева|ATTRACTION|тверь|Тверь|0|0|0|1|1|1|1|0|0|1|56.868112|35.905891|0
ven_ms_cae72432593178dd|tver-domotkanovo|Домотканово|ATTRACTION|тверь|Тверь|0|0|0|1|1|1|1|0|0|1|56.731112|35.942312|0
ven_ms_8da1b62dca3fbde5|tver-zhiloy-dom-shprengera|Жилой дом Шпренгера|ATTRACTION|тверь|Тверь|0|0|0|1|1|1|1|0|0|1|56.871112|35.898912|0
ven_ms_7b850f1409a708fe|tver-zdanie-avaevskogo-priyuta|Здание Аваевского приюта|ATTRACTION|тверь|Тверь|0|0|0|1|1|1|1|0|0|1|56.856112|35.918912|0
ven_ms_b2d72be3f1549cf3|tver-zdanie-dvoryanskogo-sobraniya|Здание Дворянского собрания|ATTRACTION|тверь|Тверь|0|0|0|1|1|1|1|0|0|1|56.858112|35.918912|0
ven_ms_5090f6d04f8d94bd|tver-zdanie-realnogo-uchilishcha|Здание бывшего Реального училища|ATTRACTION|тверь|Тверь|0|0|0|1|1|1|1|0|0|1|56.859112|35.901112|0
ven_ms_2621d312eb6ff597|tver-imperatorskiy-putevoy-dvorets|Императорский путевой дворец|ATTRACTION|тверь|Тверь|0|0|1|1|1|1|1|1|1|1|56.862145|35.901245|380
ven_ms_aea19cbcc7781bd8|tver-kinoteatr-zvezda|Кинотеатр «Звезда»|ATTRACTION|тверь|Тверь|0|0|0|1|1|1|1|0|0|1|56.861912|35.911112|0
ven_ms_d794b3a89f5e0f50|tver-smotrovaya-biznes-tsentr-tver|Смотровая у бизнес-центра «Тверь»|ATTRACTION|тверь|Тверь|0|0|0|1|1|1|1|0|0|1|56.851912|35.924912|0
ven_ms_68ae062268e5ed40|tver-staritsa|Старица|ATTRACTION|тверь|Тверь|0|0|0|1|1|1|1|0|0|1|56.511112|34.932312|0
ven_ms_3a5cf97f238bc3b8|tver-gostinyy-dvor|Тверской Гостиный двор|ATTRACTION|тверь|Тверь|0|0|0|1|1|1|1|0|0|1|56.858912|35.908912|0
ven_ms_a92c409b744fb1a8|tver-torzhok|Торжок|ATTRACTION|тверь|Тверь|0|0|0|1|1|1|1|0|0|1|57.039112|34.958912|0
ven_ms_eb28c6ee8164bf3b|tula-tul-skiy-kreml|Тульский Кремль|ATTRACTION|тула|Тула|0|0|1|1|1|1|1|1|1|1|54.195232|37.617454|407
ven_ms_589c238c05f7a6da|tyumen-rossiya-moya-istoriya|«Россия - моя история»|ATTRACTION|тюмень|Тюмень|0|0|0|1|1|1|1|0|0|1|57.1495|65.546|0
ven_ms_cabea83543c5666e|tyumen-andreevskoe-ozero|Андреевское озеро|ATTRACTION|тюмень|Тюмень|0|0|0|1|1|1|1|0|0|1|56.98|65.85|0
ven_ms_f00405f6965b30a2|tyumen-verhniy-bor|Верхний Бор|ATTRACTION|тюмень|Тюмень|0|0|0|1|1|1|1|0|0|1|57.251412|65.449102|0
ven_ms_85073ebc6ac8d907|tyumen-vodonapornaya-bashnya|Водонапорная башня|ATTRACTION|тюмень|Тюмень|0|0|0|1|1|1|1|0|0|1|57.1485|65.548|0
ven_ms_2d42a4b3ce7a3704|tyumen-gilevskaya-roshcha|Гилевская роща|ATTRACTION|тюмень|Тюмень|0|0|0|1|1|1|1|0|0|1|57.11|65.54|0
ven_ms_15ac57059222ec3f|tyumen-gorodskaya-duma|Городская дума|ATTRACTION|тюмень|Тюмень|0|0|0|1|1|1|1|0|0|1|57.1615|65.524|0
ven_ms_8b960d8d92088879|tyumen-gostinyy-dvor|Гостиный двор|ATTRACTION|тюмень|Тюмень|0|0|0|1|1|1|1|0|0|1|57.1605|65.525|0
ven_ms_c60e2a6dae03e1ee|tyumen-dvoryanskoe-sobranie|Дворянское собрание|ATTRACTION|тюмень|Тюмень|0|0|0|1|1|1|1|0|0|1|57.1575|65.5335|0
ven_ms_f195b63fadaea3d4|tyumen-dom-burkova|Дом Буркова|ATTRACTION|тюмень|Тюмень|0|0|0|1|1|1|1|0|0|1|57.156112|65.536912|0
ven_ms_cc5b68adaef29b9b|tyumen-dom-popovoy|Дом Поповой|ATTRACTION|тюмень|Тюмень|0|0|0|1|1|1|1|0|0|1|57.155|65.534|0
ven_ms_8185ee0ba0e39bc2|tyumen-dom-chiralova|Дом Чиралова|ATTRACTION|тюмень|Тюмень|0|0|0|1|1|1|1|0|0|1|57.1548|65.5335|0
ven_ms_3e1f919866788ec9|tyumen-dom-shaychika|Дом Шайчика|ATTRACTION|тюмень|Тюмень|0|0|0|1|1|1|1|0|0|1|57.1545|65.54|0
ven_ms_1137fe293e1660dc|tyumen-kommercheskoe-uchilishche|Коммерческое училище|ATTRACTION|тюмень|Тюмень|0|0|0|1|1|1|1|0|0|1|57.154|65.528|0
ven_ms_7d626b2821d332ac|tyumen-pamyatnik-bezdomnoy-sobake|Копилка бездомной собаки|ATTRACTION|тюмень|Тюмень|0|0|0|1|1|1|1|0|0|1|57.151912|65.544912|0
ven_ms_019a9520f08dde3c|tyumen-parohodnaya-kontora-kolmakova|Пароходная контора Колмакова|ATTRACTION|тюмень|Тюмень|0|0|0|1|1|1|1|0|0|1|57.1635|65.5375|0
ven_ms_cbc50151e3479786|tyumen-pervaya-vodokolonna|Первая водоразборная колонка|ATTRACTION|тюмень|Тюмень|0|0|0|1|1|1|1|0|0|1|57.163112|65.538912|0
ven_ms_fecafe20f4cf5dbb|tyumen-prikaznaya-izba|Приказная изба|ATTRACTION|тюмень|Тюмень|0|0|0|1|1|1|1|0|0|1|57.1588|65.5365|0
ven_ms_2b8cc370e95e3946|tyumen-tobolsk|Тобольск на 2 дня|ATTRACTION|тюмень|Тюмень|0|0|0|1|1|1|1|0|0|1|58.1975|68.2528|0
ven_ms_78776e8f376e7ea2|tyumen-pamyatnik-klyuch-tyumeni|Тюменский ключ|ATTRACTION|тюмень|Тюмень|0|0|0|1|1|1|1|0|0|1|57.149912|65.541212|0
ven_ms_09086a0cf6a07abe|tyumen-usadba-kolokolnikovyh|Усадьба Колокольниковых|ATTRACTION|тюмень|Тюмень|0|0|0|1|1|1|1|0|0|1|57.1578|65.5345|0
ven_ms_ba33903801d3bd1e|tyumen-usadba-masharova|Усадьба Машарова|ATTRACTION|тюмень|Тюмень|0|0|0|1|1|1|1|0|0|1|57.1575|65.534|0
ven_ms_bf89be1bb190dd80|tyumen-chaynaya-nalichniki|Чайная «Наличники»|ATTRACTION|тюмень|Тюмень|0|0|0|1|1|1|1|0|0|1|57.1559|65.5364|0
ven_ms_e078760175049568|tyumen-yalutorovsk|Ялуторовский острог|ATTRACTION|тюмень|Тюмень|0|0|0|1|1|1|1|0|0|1|56.654912|66.311112|0
ven_ms_aa042d21402ac94c|ufa-art-obyekt-tri-shurupa|Арт-объект «Три шурупа»|ATTRACTION|уфа|Уфа|0|0|0|1|1|1|1|0|0|1|54.726412|55.947901|0
ven_ms_f91b5a7f9872439a|ufa-gostinyy-dvor|Гостиный двор|ATTRACTION|уфа|Уфа|0|0|1|1|1|1|1|1|1|1|54.725845|55.943854|396
ven_ms_4bbdfb95822a75d0|ufa-dom-gubernatora|Дом Губернатора|ATTRACTION|уфа|Уфа|0|0|0|1|1|1|1|0|0|1|54.718901|55.944112|0
ven_ms_6994e9a17fa62094|ufa-dom-shamovyh|Дом Шамовых|ATTRACTION|уфа|Уфа|0|0|0|1|1|1|1|0|0|1|54.716112|55.959902|0
ven_ms_53b8a515d6678b41|ufa-dom-ponosovoy-mollo|Дом жилой Поносовой-Молло|ATTRACTION|уфа|Уфа|0|0|0|1|1|1|1|0|0|1|54.721202|55.936901|0
ven_ms_c76051b81dead037|ufa-dom-kommuna|Дом-коммуна|ATTRACTION|уфа|Уфа|0|0|0|1|1|1|1|0|0|1|54.724901|55.944112|0
ven_ms_8483f4dea29640cb|ufa-zdanie-dvoryanskogo-sobraniya|Здание Дворянского собрания|ATTRACTION|уфа|Уфа|0|0|0|1|1|1|1|0|0|1|54.723891|55.943431|0
ven_ms_62ce3609341f31c7|ufa-zdanie-krestyanskogo-pozemelnogo-banka|Здание Крестьянского поземельного банка|ATTRACTION|уфа|Уфа|0|0|0|1|1|1|1|0|0|1|54.719412|55.946312|0
ven_ms_8154fdb717dc5297|ufa-kongress-holl-toratau|Конгресс-холл «Торатау»|ATTRACTION|уфа|Уфа|0|0|0|1|1|1|1|0|0|1|54.718212|55.923901|0
ven_ms_a753f5084dc10544|ufa-muradymovskoe-ushchele|Мурадымовское ущелье|ATTRACTION|уфа|Уфа|0|0|0|1|1|1|1|0|0|1|52.587112|56.628112|0
ven_ms_687780e130a4f83b|ufa-osobnyak-kosterina-i-chernikova|Особняк Костерина и Черникова|ATTRACTION|уфа|Уфа|0|0|0|1|1|1|1|0|0|1|54.726112|55.945102|0
ven_ms_b936ffc1ee403440|ufa-rozovye-skaly-inzer|Розовые скалы и Инзер|ATTRACTION|уфа|Уфа|0|0|0|1|1|1|1|0|0|1|54.233112|57.612112|0
ven_ms_644349865eed798d|ufa-smotrovaya-u-pamyatnika-salavatu|Смотровая площадка у памятника Салавату Юлаеву|ATTRACTION|уфа|Уфа|0|0|0|1|1|1|1|0|0|1|54.718312|55.925102|0
ven_ms_4f35e3d87f9b7d5e|ufa-ufimskaya-demidovskaya-preemstvennost|Уфимская Демидовская преемственность|ATTRACTION|уфа|Уфа|0|0|0|1|1|1|1|0|0|1|54.721112|55.952901|0
ven_ms_9b7332ac0271a9f3|ufa-dom-soyuzov|Уфимский Дом Союзов|ATTRACTION|уфа|Уфа|0|0|0|1|1|1|1|0|0|1|54.725901|55.946811|0
ven_ms_8dc98ab3f70bb570|ufa-matcha-komnata|Чайная «Матча комната»|ATTRACTION|уфа|Уфа|0|0|0|1|1|1|1|0|0|1|54.729112|55.945891|0
ven_ms_a0e7e273023cb65e|ufa-toratau|Шихан Торатау|ATTRACTION|уфа|Уфа|0|0|0|1|1|1|1|0|0|1|53.554312|56.101112|0
ven_ms_c6fc2a479ee4fac1|chelyabinsk-roza-vetrov|«Доблестным сынам Отечества» / Роза ветров|ATTRACTION|челябинск|Челябинск|0|0|0|1|1|1|1|0|0|1|55.158912|61.453112|0
ven_ms_a1d78967abc340dd|chelyabinsk-po-chesnoku|«По Чесноку»|ATTRACTION|челябинск|Челябинск|0|0|0|1|1|1|1|0|0|1|55.161812|61.394212|0
ven_ms_5d835f5d62784a71|chelyabinsk-chtz|Ансамбль ЧТЗ|ATTRACTION|челябинск|Челябинск|0|0|0|1|1|1|1|0|0|1|55.159212|61.478112|0
ven_ms_2b42c8a24f4f9dff|chelyabinsk-vokzal-glavnyy|Вокзал Челябинск-Главный|ATTRACTION|челябинск|Челябинск|0|0|0|1|1|1|1|0|0|1|55.142212|61.415891|0
ven_ms_1fd2fd8cf0fc8590|chelyabinsk-dom-holodova|Деревянный дом Холодова|ATTRACTION|челябинск|Челябинск|0|0|0|1|1|1|1|0|0|1|55.163812|61.401212|0
ven_ms_4510f7118bd0b0a8|chelyabinsk-dom-dantsigera|Дом Данцигера|ATTRACTION|челябинск|Челябинск|0|0|0|1|1|1|1|0|0|1|55.161412|61.400512|0
ven_ms_9c219edd11f43cac|chelyabinsk-dom-oblispolkoma|Дом облисполкома|ATTRACTION|челябинск|Челябинск|0|0|0|1|1|1|1|0|0|1|55.159412|61.402012|0
ven_ms_1bb9cac18ace84a5|chelyabinsk-dom-pechati|Дом печати|ATTRACTION|челябинск|Челябинск|0|0|0|1|1|1|1|0|0|1|55.160812|61.392512|0
ven_ms_b862eb347a4d839f|chelyabinsk-gosbank|Здание Госбанка|ATTRACTION|челябинск|Челябинск|0|0|0|1|1|1|1|0|0|1|55.159812|61.401512|0
ven_ms_1f70d8b0b043e509|chelyabinsk-izumrudnyy-karer|Изумрудный (Смолинский) карьер|ATTRACTION|челябинск|Челябинск|0|0|0|1|1|1|1|0|0|1|55.092512|61.341212|0
ven_ms_7ac869f1aaad92ee|chelyabinsk-svechka|Кластер «Свечка»|ATTRACTION|челябинск|Челябинск|0|0|0|1|1|1|1|0|0|1|55.154912|61.397912|0
ven_ms_b9daaa376af819b6|chelyabinsk-kaslinskaya-64|Купольный пассаж на Каслинской|ATTRACTION|челябинск|Челябинск|0|0|0|1|1|1|1|0|0|1|55.155512|61.378112|0
ven_ms_e4cffdcebcfa9c33|chelyabinsk-uvildy|Озеро Увильды (Жемчужина уральских курортов)|ATTRACTION|челябинск|Челябинск|0|0|0|1|1|1|1|0|0|1|55.518912|60.501112|0
ven_ms_a8eeb04cb4cc24ce|chelyabinsk-organnyy-zal-rodina|Органный зал «Родина»|ATTRACTION|челябинск|Челябинск|0|0|0|1|1|1|1|0|0|1|55.167212|61.400512|0
ven_ms_9b5784da2003dc4e|chelyabinsk-osobnyak-arhipova|Особняк Архипова|ATTRACTION|челябинск|Челябинск|0|0|0|1|1|1|1|0|0|1|55.167812|61.403112|0
ven_ms_ba073a4f01d42fdc|chelyabinsk-passage-yaushevyh|Пассаж Яушевых|ATTRACTION|челябинск|Челябинск|0|0|0|1|1|1|1|0|0|1|55.168112|61.402312|0
ven_ms_c637588599e49aba|chelyabinsk-brudershaft|Пивоварня «Брудершафт»|ATTRACTION|челябинск|Челябинск|0|0|0|1|1|1|1|0|0|1|55.161912|61.394512|0
ven_ms_942cfa6443e59ed5|chelyabinsk-chelyabinsk-siti|Смотровая «Челябинск-Сити»|ATTRACTION|челябинск|Челябинск|0|0|0|1|1|1|1|0|0|1|55.161512|61.401212|0
ven_ms_3eb30e3ce214ae6f|chelyabinsk-taganay|Таганай / Двуглавая сопка|ATTRACTION|челябинск|Челябинск|0|0|0|1|1|1|1|0|0|1|55.221412|59.731901|0
ven_ms_4a420561ae0a8061|chelyabinsk-chelyabinskiy-verblyud|Челябинский верблюд|ATTRACTION|челябинск|Челябинск|0|0|0|1|1|1|1|0|0|1|55.161901|61.400811|0
ven_ms_6f52e36c59c45445|chelyabinsk-gorodskoy-bor|Челябинский городской бор|ATTRACTION|челябинск|Челябинск|0|0|0|1|1|1|1|0|0|1|55.138512|61.352112|0
ven_ms_d0638d09d4e21354|chelyabinsk-elevator|Элеватор Госбанка|ATTRACTION|челябинск|Челябинск|0|0|0|1|1|1|1|0|0|1|55.163412|61.400812|0
ven_ms_6547305248519998|chita-dvorets-shumovyh|Дворец Шумовых|ATTRACTION|чита|Чита|0|0|1|1|1|1|1|1|1|1|52.035556|113.503889|476
venue_67d16f3e29a51c180c6fc1dd|клуб-dom-71-67d16f3e29a51c180c6fc1dd|Клуб "DOM 71"|CLUB_BAR_RESTAURANT|абакан|Абакан|1|1|0|0|1|1|1|0|0|0|53.7213888|91.4564465|0
venue_6aa03955b94e0c947aefdbb9|ресторан-сидрерия-6aa03955b94e0c947aefdbb9|Ресторан "Сидрерия"|CLUB_BAR_RESTAURANT|адлер|Адлер|1|1|0|0|1|1|1|0|0|0|43.4181075|39.9224962|0
venue_6a48b2198452b40f40f9f367|efir-6a48b2198452b40f40f9f367|ЭФИР|CLUB_BAR_RESTAURANT|анапа|Анапа|0|0|0|1|1|1|1|0|0|1|44.89876760000001|37.315185|70
venue_67b865f84a8664eebe2926be|будем-кутить-67b865f84a8664eebe2926be|Будем кутить|CLUB_BAR_RESTAURANT|ангарск|Ангарск|1|1|0|0|1|1|1|0|0|0|52.50795814101906|103.8406171789881|0
venue_6a998f6d12f342d2be5affd3|ресторан-бар-plan-b-6a998f6d12f342d2be5affd3|Ресторан-бар «Plan B»|CLUB_BAR_RESTAURANT|арзамас|Арзамас|0|0|0|0|1|1|1|0|0|0|55.39731519999999|43.83113059999999|0
venue_665449c5b59c1037b9958220|клуб-м33-665449c5b59c1037b9958220|Клуб М33|CLUB_BAR_RESTAURANT|архангельск|Архангельск|1|1|0|0|1|1|1|0|0|0|64.532766|40.599689|0
venue_67b46638ead4b391ea21750b|рок-клуб-колесо-67b46638ead4b391ea21750b|Рок-клуб "Колесо"|CLUB_BAR_RESTAURANT|архангельск|Архангельск|1|1|0|0|1|1|0|0|0|0|||0
venue_643050877f537eb172cc0676|руки-вверх-бар-643050877f537eb172cc0676|Руки ВВерх! Бар|CLUB_BAR_RESTAURANT|архангельск|Архангельск|1|1|0|0|1|1|1|0|0|0|64.5417961|40.5348812|0
venue_64da5d24796bee7648080eab|руки-вверх-бар-64da5d24796bee7648080eab|Руки ВВерх! Бар|CLUB_BAR_RESTAURANT|архангельск|Архангельск|1|1|0|0|1|1|1|0|0|0|64.5417961|40.5348812|6
venue_5d31ac313f02d026eaa14a8d|клуб-монако-5d31ac313f02d026eaa14a8d|Клуб "Монако"|CLUB_BAR_RESTAURANT|астрахань|Астрахань|1|1|0|0|1|1|1|0|0|0|46.3297607|48.05035620000001|0
venue_67614b736a63c42abf1f1413|nirvana-art-bar-67614b736a63c42abf1f1413|НИРВАНА Арт-бар|CLUB_BAR_RESTAURANT|астрахань|Астрахань|0|0|0|1|1|1|1|0|0|1|46.358613|48.0696529|25
venue_5a7db090d35286001c4bc0b3|центр-культуры-и-досуга-5a7db090d35286001c4bc0b3|Центр культуры и досуга|CLUB_BAR_RESTAURANT|барабинск|Барабинск|0|0|0|0|1|1|1|0|0|0|55.3514321|78.3402175|0
venue_5c444cafd13c3c000c798c7f|hairy-lemon-pub-5c444cafd13c3c000c798c7f|HAIRY LEMON PUB|CLUB_BAR_RESTAURANT|барнаул|Барнаул|1|1|0|1|1|1|1|0|0|1|53.33641900000001|83.686283|0
venue_6409cb9e75bb5ba593731d03|hairy-lemon-pub-6409cb9e75bb5ba593731d03|Hairy Lemon Pub|CLUB_BAR_RESTAURANT|барнаул|Барнаул|1|1|0|0|1|1|1|0|0|0|53.33641900000001|83.686283|0
venue_679a3f2cd8bb3b8643c1ccca|lil-brazil-679a3f2cd8bb3b8643c1ccca|Lil Brazil|CLUB_BAR_RESTAURANT|барнаул|Барнаул|1|1|0|1|1|1|1|0|0|1|53.335112|83.7754999|0
venue_65c0d6476a07682b57ce5481|бар-lil-brazil-65c0d6476a07682b57ce5481|Бар "Lil Brazil"|CLUB_BAR_RESTAURANT|барнаул|Барнаул|1|1|0|0|1|1|1|0|0|0|53.3352555|83.7753894|0
venue_5b369c57d35286001de811c7|бар-питер-5b369c57d35286001de811c7|Бар "Питер"|CLUB_BAR_RESTAURANT|барнаул|Барнаул|1|1|0|0|1|1|1|0|0|0|53.3389817|83.68937559999995|0
venue_6626a624908117cbfe1bfa3d|бар-808-6626a624908117cbfe1bfa3d|Бар 808|CLUB_BAR_RESTAURANT|барнаул|Барнаул|0|0|0|0|1|1|1|0|0|0|53.352064|83.7634353|0
venue_5bfb8f1b35c7ee000b55fe9c|дворец-культуры-моторостроителеи-дк-мотор-5bfb8f1b35c7ee000b55fe9c|Дворец культуры Моторостроителей (ДК Мотор)|CLUB_BAR_RESTAURANT|барнаул|Барнаул|1|1|0|0|1|1|1|0|0|0|53.3833616|83.71135099999992|0
venue_68563d6b4fd0647526f418ae|опера-68563d6b4fd0647526f418ae|Опера|CLUB_BAR_RESTAURANT|барнаул|Барнаул|0|0|0|0|1|1|1|0|0|0|53.32890310000001|83.7963584|0
venue_5c01023e2495c9000c941aa4|restoran-barnaul-5c01023e2495c9000c941aa4|Ресторан "Барнаул"|CLUB_BAR_RESTAURANT|барнаул|Барнаул|1|1|0|1|1|1|1|0|0|1|53.347279|83.761214|0
venue_6a3141823ce62df64b020cec|урбан-паб-6a3141823ce62df64b020cec|Урбан паб|CLUB_BAR_RESTAURANT|барнаул|Барнаул|1|1|0|0|1|1|1|0|0|0|53.35073999999999|83.66365420000001|0
venue_68b03a8b6876551ce5081b43|цирк-актион-68b03a8b6876551ce5081b43|Цирк Актион|CLUB_BAR_RESTAURANT|барнаул|Барнаул|1|1|0|0|1|1|1|0|0|0|53.3265359|83.6852724|0
venue_657c1510da11fb43ed1ece3f|batumi-tennis-club-657c1510da11fb43ed1ece3f|Batumi Tennis Club|CLUB_BAR_RESTAURANT|батуми|Батуми|0|0|0|1|1|1|0|0|0|1|||0
venue_5a01bf21515e3500184f9989|клуб-часы-5a01bf21515e3500184f9989|клуб Часы|CLUB_BAR_RESTAURANT|белгород|Белгород|1|1|0|0|1|1|1|0|0|0|50.63275489999999|36.57112499999994|0
venue_64a51da61bc820605d50af8a|место-событии-64a51da61bc820605d50af8a|Место Событий|CLUB_BAR_RESTAURANT|березники|Березники|1|1|1|0|1|1|1|0|0|0|59.40534940000001|56.8209264|253
venue_6a4cba68b3ba8306b17a8462|ресто-бар-панорама-6a4cba68b3ba8306b17a8462|Ресто-бар Панорама|CLUB_BAR_RESTAURANT|бииск|Бийск|1|1|0|0|1|1|1|0|0|0|52.5313031|85.2323866|0
venue_6204b120c21ae5231ab837fb|klub-music-bar-jigger-pony-6204b120c21ae5231ab837fb|Клуб Music Bar Jigger Pony|CLUB_BAR_RESTAURANT|благовещенск-амурская-область|Благовещенск (Амурская область)|0|0|0|1|1|1|1|0|0|1|50.2679024|127.5371696|0
venue_5b594607519f7b001e4fde20|клуб-deus-5b594607519f7b001e4fde20|Клуб "Deus"|CLUB_BAR_RESTAURANT|брянск|Брянск|1|1|0|0|1|1|1|0|0|0|53.236187|34.36738289999994|0
venue_660e7311146bd037cba61732|koncert-holl-cenzura-660e7311146bd037cba61732|Концерт-холл "Цензура"|CLUB_BAR_RESTAURANT|брянск|Брянск|1|1|0|1|1|1|1|0|0|1|53.2541819|34.3776092|34
venue_6a43fb7010e8f956a1d196c0|kraftov-bar-6a43fb7010e8f956a1d196c0|Крафтовъ Бар|CLUB_BAR_RESTAURANT|бузулук|Бузулук|0|0|0|1|1|1|1|0|0|1|52.7876413|52.262051|0
venue_6a8d52cdf91b5f109aa79cc0|клуб-амстердам-6a8d52cdf91b5f109aa79cc0|Клуб Амстердам|CLUB_BAR_RESTAURANT|великие-луки|Великие Луки|1|1|0|0|1|1|1|0|0|0|56.3447537|30.5196904|0
venue_5d70ddeb2fa47e82de5e82ce|mix-club-5d70ddeb2fa47e82de5e82ce|MIX Club|CLUB_BAR_RESTAURANT|владивосток|Владивосток|1|1|0|1|1|1|1|0|0|1|43.1166704|131.89973269999996|0
venue_6629e1f90b13df74caee4eeb|stand-up-club-by-edwin-group-6629e1f90b13df74caee4eeb|Stand Up Club by Edwin Group|CLUB_BAR_RESTAURANT|владивосток|Владивосток|0|0|0|1|1|1|1|0|0|1|43.112873225757575|131.90431237220764|0
venue_6aaa95baf435ab1ec8a7b56f|джаз-бар-контрабанда-6aaa95baf435ab1ec8a7b56f|Джаз-бар КОНТРАБАНДА|CLUB_BAR_RESTAURANT|владивосток|Владивосток|1|1|0|0|1|1|1|0|0|0|43.117721|131.883719|0
venue_68637334c550af6b72c6f184|restoran-gastroli-grill-68637334c550af6b72c6f184|Ресторан Gastroli Grill|CLUB_BAR_RESTAURANT|владивосток|Владивосток|1|1|0|1|1|1|1|0|0|1|43.1556255|131.9129525|0
venue_69ca49c23874605909f2ba22|бар-бурбон-69ca49c23874605909f2ba22|Бар "Бурбон"|CLUB_BAR_RESTAURANT|владимир|Владимир|1|1|0|0|1|1|1|0|0|0|56.1280121|40.4012018|0
venue_614978d7e5633b2d9038bd91|drugoi-bar-2-0-614978d7e5633b2d9038bd91|Другой Бар 2.0|CLUB_BAR_RESTAURANT|владимир|Владимир|1|1|0|1|1|1|1|0|0|1|56.12269250785249|40.383308124990805|0
venue_5d23956932783eac58f47651|клуб-zzzed-5d23956932783eac58f47651|Клуб "Zzzed"|CLUB_BAR_RESTAURANT|владимир|Владимир|1|1|0|0|1|1|1|0|0|0|56.125698|40.39349889999994|0
venue_64ff05070a798121f6e9592d|концертныи-бар-цех-64ff05070a798121f6e9592d|Концертный бар "Цех"|CLUB_BAR_RESTAURANT|владимир|Владимир|1|1|0|0|1|1|1|0|0|0|56.1262492|40.3925656|0
venue_684134b3ae00e3c2143e0cfa|параллель-56-684134b3ae00e3c2143e0cfa|Параллель 56|CLUB_BAR_RESTAURANT|владимир|Владимир|1|1|1|0|1|1|1|0|0|0|56.16144469898555|40.35604476928711|143
venue_5790877d9cb5386e6c6db983|ресторан-пивоварня-maxbrau-5790877d9cb5386e6c6db983|Ресторан-пивоварня «MaxBräu»|CLUB_BAR_RESTAURANT|владимир|Владимир|1|1|0|0|1|1|1|0|0|0|56.12788279999999|40.3896446|0
venue_613c977666f206060cf292b3|restoran-pivovarnya-maks-broi-613c977666f206060cf292b3|Ресторан-пивоварня Макс Брой|CLUB_BAR_RESTAURANT|владимир|Владимир|1|1|0|1|1|1|1|0|0|1|56.1281549|40.3895334|0
venue_630868f7aad7e459438688b4|ferrum-rock-n-roll-club-630868f7aad7e459438688b4|FERRUM ROCK'n'ROLL CLUB|CLUB_BAR_RESTAURANT|волгоград|Волгоград|1|1|0|1|1|1|1|0|0|1|48.708048|44.5133034|0
venue_64ff07d4cfce408e05f31188|ferrum-rock-n-roll-club-64ff07d4cfce408e05f31188|Ferrum Rock'n'Roll Club|CLUB_BAR_RESTAURANT|волгоград|Волгоград|1|1|0|0|1|1|1|0|0|0|48.7004196|44.5049998|0
venue_695192841e1531ddd8aaab65|berds-695192841e1531ddd8aaab65|БЁРДС|CLUB_BAR_RESTAURANT|волгоград|Волгоград|0|0|0|1|1|1|1|0|0|1|48.6762433|44.47576189999999|15
venue_67c06c94b2afa4c9ce856565|bar-belaya-loshad-67c06c94b2afa4c9ce856565|Бар "Белая Лошадь"|CLUB_BAR_RESTAURANT|волгоград|Волгоград|0|0|0|1|1|1|1|0|0|1|48.70951849999999|44.5178728|0
venue_6a8f497543a9cba04c1118fe|бар-бердс-6a8f497543a9cba04c1118fe|Бар "Бёрдс"|CLUB_BAR_RESTAURANT|волгоград|Волгоград|0|0|0|0|1|1|1|0|0|0|48.676181|44.475737|6
venue_5d9e728deccaa57f1d56c99a|бар-друзья-5d9e728deccaa57f1d56c99a|Бар "Друзья"|CLUB_BAR_RESTAURANT|волгоград|Волгоград|1|1|0|0|1|1|1|0|0|0|48.7080355|44.52271930000006|0
venue_5bb561235f7657000c63a345|друзья-бар-5bb561235f7657000c63a345|Друзья Бар|CLUB_BAR_RESTAURANT|волгоград|Волгоград|1|1|0|0|1|1|1|0|0|0|48.7080355|44.52271930000006|0
venue_6ab7b5b70145cabbf31b231a|руки-вверх-бар-6ab7b5b70145cabbf31b231a|Руки ВВерх! Бар|CLUB_BAR_RESTAURANT|волгоград|Волгоград|1|1|0|0|1|1|1|0|0|0|48.81020820000001|44.57060850000001|0
venue_687e27f183a8491b3637c1b1|russkii-zamok-687e27f183a8491b3637c1b1|Русский замок|CLUB_BAR_RESTAURANT|волгоград|Волгоград|0|0|0|1|1|1|1|0|0|1|48.7310707|44.5232919|76
venue_60626bef3827312e3f2c979d|rocksin-club-60626bef3827312e3f2c979d|Rocksin Club|CLUB_BAR_RESTAURANT|волгодонск|Волгодонск|0|0|0|1|1|1|1|0|0|1|47.5287454|42.1942689|0
venue_68fb4dd4385a6851ff5bf9f9|ночнои-клуб-раи-68fb4dd4385a6851ff5bf9f9|Ночной клуб «Рай»|CLUB_BAR_RESTAURANT|волгодонск|Волгодонск|1|1|0|0|1|1|1|0|0|0|47.544294604869805|42.130185844620236|0
venue_6a0d6be4196d317959924839|kirha-svyatogo-kresta-eglise-sainte-croix-6a0d6be4196d317959924839|Кирха Святого Креста Eglise Sainte Croix|CLUB_BAR_RESTAURANT|вологда|Вологда|0|0|0|1|1|1|1|0|0|1|59.21492670000001|39.8967985|0
venue_6400750748523a08d3f0d1e1|topwinesad-6400750748523a08d3f0d1e1|TopWineСад|CLUB_BAR_RESTAURANT|воронеж|Воронеж|0|0|0|1|1|1|1|0|0|1|51.6675014|39.1977783|21
venue_69d4bf5c673a6c92c3ed09ba|барак-о-мама-69d4bf5c673a6c92c3ed09ba|Барак О'Мама|CLUB_BAR_RESTAURANT|воронеж|Воронеж|1|1|0|0|1|1|1|0|0|0|51.667718|39.2083953|0
venue_64fd5d9c93d91b42232e4595|voronezhskii-stendap-klub-64fd5d9c93d91b42232e4595|Воронежский Стендап-Клуб|CLUB_BAR_RESTAURANT|воронеж|Воронеж|1|1|0|1|1|1|1|0|0|1|51.6666413|39.2068096|0
venue_5bedde942172ec000cfb7f26|klub-12-5bedde942172ec000cfb7f26|Клуб "12"|CLUB_BAR_RESTAURANT|воронеж|Воронеж|1|1|0|1|1|1|1|0|0|1|51.6512497|39.12149640000007|9
venue_6943eec5aaaac59e3ebb2d03|klub-aura-6943eec5aaaac59e3ebb2d03|Клуб "АУРА"|CLUB_BAR_RESTAURANT|воронеж|Воронеж|0|0|0|1|1|1|1|0|0|1|51.6651153|39.2048536|0
venue_6a8f4a9d5c2adba2f5aeb769|клуб-сто-ручьев-6a8f4a9d5c2adba2f5aeb769|Клуб "Сто Ручьёв"|CLUB_BAR_RESTAURANT|воронеж|Воронеж|1|1|0|0|1|1|1|0|0|0|51.6578926|39.1929966|0
venue_57a3b6c79cb538314cddd988|клуб-сто-ручьев-57a3b6c79cb538314cddd988|Клуб Сто Ручьёв|CLUB_BAR_RESTAURANT|воронеж|Воронеж|1|1|0|0|1|1|1|0|0|0|51.658022|39.19312600000001|0
venue_63860af0984ace5fa4e5cc50|ресторан-pinta-haus-63860af0984ace5fa4e5cc50|Ресторан "Pinta Haus"|CLUB_BAR_RESTAURANT|воронеж|Воронеж|1|1|0|0|1|1|1|0|0|0|51.6763414|39.2030104|0
venue_637784cee1770717bd33b16d|fort-637784cee1770717bd33b16d|Форт|CLUB_BAR_RESTAURANT|воронеж|Воронеж|1|1|0|0|1|1|1|0|0|1|51.673875|39.1844642|0
venue_6a997fe76143206391c8856b|гранд-кафе-изюм-6a997fe76143206391c8856b|Гранд-кафе "Изюм"|CLUB_BAR_RESTAURANT|гатчина|Гатчина|0|0|0|0|1|1|1|0|0|0|59.5582029898075|30.11125087738037|0
venue_6a61bffc5f0b7a240179f421|кафе-лава-6a61bffc5f0b7a240179f421|кафе "Лава"|CLUB_BAR_RESTAURANT|гатчина|Гатчина|0|0|0|0|1|1|1|0|0|0|59.5647609|30.1215574|0
venue_69a6af7462199a00e280867b|развлекательныи-комплекс-лагуна-бар-клуб-ресторан-пляж-69a6af7462199a00e280867b|Развлекательный комплекс Лагуна (Бар Клуб Ресторан Пляж)|CLUB_BAR_RESTAURANT|геленджик|Геленджик|0|0|0|0|1|1|1|0|0|0|44.5668041|38.0743184|0
venue_601bf7befb21609a1dbee7aa|бар-hard-машина-601bf7befb21609a1dbee7aa|Бар "HARD Машина"|CLUB_BAR_RESTAURANT|глазов|Глазов|1|1|0|0|1|1|1|0|0|0|58.13959149999999|52.6663705|0
venue_6a3cefe34df65d618442244b|klub-black-tie-6a3cefe34df65d618442244b|Клуб «Black Tie»|CLUB_BAR_RESTAURANT|димитровград|Димитровград|0|0|0|1|1|1|1|0|0|1|54.23298541696052|49.55582857131958|0
venue_61058268e44661d576ad6aa5|wild-club-61058268e44661d576ad6aa5|WILD CLUB|CLUB_BAR_RESTAURANT|егорьевск|Егорьевск|1|1|0|1|1|1|1|0|0|1|55.3778687|39.0335413|0
venue_676dcdfed47fb5394e42f61e|concert4u-676dcdfed47fb5394e42f61e|CONCERT4U|CLUB_BAR_RESTAURANT|еиск|Ейск|0|0|0|0|1|1|1|0|0|1|46.70884393612572|38.27506363391876|22
venue_6980b249705a0eaa201b0a27|center-club-6980b249705a0eaa201b0a27|Center Club|CLUB_BAR_RESTAURANT|екатеринбург|Екатеринбург|1|1|0|0|1|1|1|0|0|0|56.8448417|60.5915151|0
venue_69d88a874c194071d8c03d52|hide-in-85-69d88a874c194071d8c03d52|Hide in 85|CLUB_BAR_RESTAURANT|екатеринбург|Екатеринбург|0|0|0|1|1|1|1|0|0|1|56.78948159999999|60.5034747|54
venue_61dd156e4d13d18aeb8abf60|nebar-61dd156e4d13d18aeb8abf60|Nebar|CLUB_BAR_RESTAURANT|екатеринбург|Екатеринбург|0|0|0|1|1|1|1|0|0|1|56.82970899999999|60.59248119999999|0
venue_608f07f8105de93339a6c710|standup-spot-608f07f8105de93339a6c710|StandUp Spot|CLUB_BAR_RESTAURANT|екатеринбург|Екатеринбург|1|1|0|1|1|1|1|0|0|1|56.83656149999999|60.5944628|34
venue_5fce0b6109ba7fa38eedd6cc|бар-самоцвет-5fce0b6109ba7fa38eedd6cc|Бар "Самоцвет"|CLUB_BAR_RESTAURANT|екатеринбург|Екатеринбург|1|1|0|0|1|1|1|0|0|0|56.833666|60.5939071|74
venue_661775ff1b2771226bfe0282|бар-ставников-661775ff1b2771226bfe0282|Бар "Ставников"|CLUB_BAR_RESTAURANT|екатеринбург|Екатеринбург|1|1|0|0|1|1|1|0|0|0|56.83417790000001|60.6117627|0
venue_6987a131f44a5b7414d0fd41|bar-negodyai-6987a131f44a5b7414d0fd41|Бар «Негодяи»|CLUB_BAR_RESTAURANT|екатеринбург|Екатеринбург|0|0|0|1|1|1|1|0|0|1|56.8365704|60.59066920000001|0
venue_69ac4de7d472fe6ad46e560a|вечно-молодои-69ac4de7d472fe6ad46e560a|Вечно Молодой|CLUB_BAR_RESTAURANT|екатеринбург|Екатеринбург|1|1|0|0|1|1|1|0|0|0|56.83315469999999|60.6032534|3
venue_6aa307ffe6de5c0d7c52cea4|клуб-нирвана-6aa307ffe6de5c0d7c52cea4|Клуб "Нирвана"|CLUB_BAR_RESTAURANT|екатеринбург|Екатеринбург|0|0|0|0|1|1|1|0|0|0|56.84860510000001|60.6118983|0
venue_64b6dae56750ff0536542a1e|nirvana-club-64b6dae56750ff0536542a1e|Нирвана club|CLUB_BAR_RESTAURANT|екатеринбург|Екатеринбург|1|1|0|1|1|1|1|0|0|1|56.8430993|60.64540859999999|0
venue_5cb872663ef8f5000bc634bd|restoran-maksimilians-5cb872663ef8f5000bc634bd|Ресторан «Максимилианс»|CLUB_BAR_RESTAURANT|екатеринбург|Екатеринбург|1|1|0|1|1|1|1|0|0|1|56.8276281|60.615926299999956|0
venue_6528ea21a1914a840bbf2a15|руки-вверх-бар-6528ea21a1914a840bbf2a15|Руки ВВерх! Бар|CLUB_BAR_RESTAURANT|екатеринбург|Екатеринбург|1|1|0|0|1|1|1|0|0|0|56.82970899999999|60.59248119999999|0
venue_69cab291cea9457d93d24b25|бар-кусты-69cab291cea9457d93d24b25|бар "Кусты"|CLUB_BAR_RESTAURANT|екатеринбург|Екатеринбург|0|0|0|0|1|1|1|0|0|0|56.834657007572204|60.59692534941994|0
venue_66ff8b7d281c742f3f70c2b3|бар-коммуна-66ff8b7d281c742f3f70c2b3|бар Коммуна|CLUB_BAR_RESTAURANT|екатеринбург|Екатеринбург|0|0|0|0|1|1|1|0|0|0|56.8313476|60.6127658|0
venue_65b0ebf586044e5f9aed0dee|бар-критик-65b0ebf586044e5f9aed0dee|бар Критик|CLUB_BAR_RESTAURANT|екатеринбург|Екатеринбург|1|1|0|0|1|1|1|0|0|0|56.8374532|60.6153964|0
venue_6a914d6fe446bd7047d5860d|ресторан-угли-6a914d6fe446bd7047d5860d|ресторан «Угли»|CLUB_BAR_RESTAURANT|екатеринбург|Екатеринбург|0|0|0|0|1|1|1|0|0|0|56.82624418551126|60.63994698036078|0
venue_6a7e020cbcbe769c2c4c40fc|клуб-fenix-6a7e020cbcbe769c2c4c40fc|Клуб "Fenix"|CLUB_BAR_RESTAURANT|елец|Елец|1|1|0|0|1|1|1|0|0|0|52.6063596|38.47895949999999|0
venue_670d68760c6d1248f9e2a433|луна-2077-670d68760c6d1248f9e2a433|Луна 2077|CLUB_BAR_RESTAURANT|железнодорожныи|Железнодорожный|0|0|0|0|1|1|1|0|0|0|55.743536|38.024336|0
venue_6a1ab55383658563b927191c|bar-druzhba-6a1ab55383658563b927191c|Бар "Дружба"|CLUB_BAR_RESTAURANT|златоуст|Златоуст|0|0|0|1|1|1|1|0|0|1|55.14761810548976|59.66617216589865|0
venue_6536335b2eb00eb0b2b6e31b|klub-asgard-6536335b2eb00eb0b2b6e31b|Клуб Asgard|CLUB_BAR_RESTAURANT|иваново|Иваново|1|1|0|1|1|1|1|0|0|1|56.996316287941475|41.044585195965865|11
venue_6972b1f537d63c5d81512497|рок-бар-веселыи-джокер-6972b1f537d63c5d81512497|Рок Бар "Весёлый Джокер"|CLUB_BAR_RESTAURANT|иваново|Иваново|1|1|0|0|1|1|1|0|0|0|56.9998344|40.9710328|0
venue_6962a20d283f35184a166fa8|ruki-vverh-bar-6962a20d283f35184a166fa8|Руки Вверх Бар|CLUB_BAR_RESTAURANT|иваново|Иваново|1|1|0|1|1|1|1|0|0|1|56.999918|40.9764134|0
venue_6a11dc8a8fc0d29e5337f8ca|klub-irishcafe-6a11dc8a8fc0d29e5337f8ca|клуб irishcafe|CLUB_BAR_RESTAURANT|иваново|Иваново|0|0|0|1|1|1|1|0|0|1|56.9748004|40.9757738|0
venue_5b5200b14e674c000cfa8ad2|бар-свет-5b5200b14e674c000cfa8ad2|Бар СВЕТ|CLUB_BAR_RESTAURANT|ижевск|Ижевск|1|1|0|0|1|1|1|0|0|0|56.8475185|53.21025129999998|0
venue_6571cd3c6a79f2b9bdf792ad|barrok-6571cd3c6a79f2b9bdf792ad|Баррок|CLUB_BAR_RESTAURANT|ижевск|Ижевск|1|1|0|1|1|1|1|0|0|1|56.83182528352117|53.18965000000131|0
venue_64b7de7172884cf13b02a41c|клуб-ресторан-эстрада-64b7de7172884cf13b02a41c|Клуб Ресторан Эстрада|CLUB_BAR_RESTAURANT|иркутск|Иркутск|1|1|0|0|1|1|1|0|0|0|52.27769499999999|104.283211|0
venue_5ba469f12b0835000c255391|концерт-холл-5ba469f12b0835000c255391|Концерт-холл|CLUB_BAR_RESTAURANT|иркутск|Иркутск|1|1|0|0|1|1|1|0|0|0|52.22268266640455|104.3261317093702|13
venue_6a3a85d9d52b7aae63d063c9|restoran-butin-gril-i-rebra-6a3a85d9d52b7aae63d063c9|Ресторан "БУТИН гриль и рёбра"|CLUB_BAR_RESTAURANT|иркутск|Иркутск|1|1|0|1|1|1|1|0|0|1|52.2780697|104.2822397|0
venue_659e37761d432183db51fb7a|klub-soprano-659e37761d432183db51fb7a|клуб Soprano|CLUB_BAR_RESTAURANT|иркутск|Иркутск|1|1|0|1|1|1|1|0|0|1|52.2852273|104.3398265|0
venue_5873b85ed352860018db86dd|бар-ресторан-первыи-5873b85ed352860018db86dd|Бар-ресторан "Первый"|CLUB_BAR_RESTAURANT|истра|Истра|1|1|0|0|1|1|1|0|0|0|55.913404|36.8647009|0
venue_6a22c19500299abe82e65c2d|бар-берлогин-6a22c19500299abe82e65c2d|бар БЕРЛОГИН|CLUB_BAR_RESTAURANT|истра|Истра|1|1|0|0|1|1|1|0|0|0|55.85483689877315|36.92973464727402|0
venue_5b859483a4b8e4001e5c3e69|клуб-stone-5b859483a4b8e4001e5c3e69|Клуб "Stone"|CLUB_BAR_RESTAURANT|иошкар-ола|Йошкар-Ола|1|1|0|0|1|1|1|0|0|0|56.63867699999999|47.88873109999997|0
venue_59a52b51515e350019c4da82|korston-club-hotel-корстон-59a52b51515e350019c4da82|Korston Club Hotel (Корстон)|CLUB_BAR_RESTAURANT|казань|Казань|0|0|0|0|1|1|1|0|0|0|55.79380267862736|49.14982795715332|0
venue_5cb4c16c3d0e4c000ce85bb3|stand-up-club-kazan-5cb4c16c3d0e4c000ce85bb3|Stand Up Club Kazan|CLUB_BAR_RESTAURANT|казань|Казань|1|1|0|0|1|1|1|0|0|1|55.7913314|49.11230249999994|28
venue_6a1d6812de36341cebe2dc01|bar-ne-lez-v-butylku-6a1d6812de36341cebe2dc01|Бар «Не лезь в бутылку»|CLUB_BAR_RESTAURANT|казань|Казань|1|1|0|1|1|1|1|0|0|1|55.79200299999999|49.1118983|0
venue_64bfd82a8be920077c8c56f1|bar-triniti-64bfd82a8be920077c8c56f1|Бар Тринити|CLUB_BAR_RESTAURANT|казань|Казань|1|1|0|1|1|1|1|0|0|1|55.7915818|49.1119423|14
venue_687e23a8a13f949a37a1fe5a|метро-пушкинская-club-ex-bash-687e23a8a13f949a37a1fe5a|Метро Пушкинская Club (ex. Bash)|CLUB_BAR_RESTAURANT|казань|Казань|1|1|0|0|1|1|1|0|0|0|55.7918913|49.1242014|0
venue_69ef341676d987d39e41d646|pelmeniya-69ef341676d987d39e41d646|Пельмения|CLUB_BAR_RESTAURANT|казань|Казань|0|0|1|1|1|1|1|0|0|1|55.81558949999999|49.1405439|425
venue_68942cf3614fccbfc8d29b46|rezidencya-68942cf3614fccbfc8d29b46|Резиденцъя|CLUB_BAR_RESTAURANT|казань|Казань|0|0|0|1|1|1|1|0|0|1|55.7914719|49.11193859999999|54
venue_67abd755ed8fdb488b8579c0|restoran-pelmeniya-67abd755ed8fdb488b8579c0|Ресторан "Пельмения"|CLUB_BAR_RESTAURANT|казань|Казань|1|1|0|1|1|1|1|0|0|1|55.7905123|49.1146401|0
venue_698c57ca6b2a7a8fc58176c6|ресторан-тимерхан-698c57ca6b2a7a8fc58176c6|Ресторан «Тимерхан»|CLUB_BAR_RESTAURANT|казань|Казань|1|1|0|0|1|1|1|0|0|0|55.8418946483308|49.10268040309516|0
venue_629310d2b0a8b47d0a47e0e7|restoran-maksimilians-629310d2b0a8b47d0a47e0e7|Ресторан Максимилианс|CLUB_BAR_RESTAURANT|казань|Казань|1|1|0|1|1|1|1|0|0|1|55.7786447|49.1298561|0
venue_669e1b2702f21f8446dd5be6|солома-669e1b2702f21f8446dd5be6|Солома|CLUB_BAR_RESTAURANT|казань|Казань|0|0|0|0|1|1|1|0|0|0|55.7883313|49.1037184|20
venue_69495206c6506b9302beab89|стендап-бар-comedy-crew-69495206c6506b9302beab89|Стендап-бар Comedy Crew|CLUB_BAR_RESTAURANT|казань|Казань|1|1|0|0|1|1|1|0|0|0|55.788942|49.1230185|0
venue_678d4c2b82a4d3e63049cf1f|ща-678d4c2b82a4d3e63049cf1f|ЩА|CLUB_BAR_RESTAURANT|казань|Казань|0|0|1|0|1|1|1|0|0|0|55.79129039999999|49.1368411|368
venue_6a2084a2bf15fae2045fe902|yaht-klub-lokomotiv-6a2084a2bf15fae2045fe902|Яхт-клуб Локомотив|CLUB_BAR_RESTAURANT|казань|Казань|0|0|0|1|1|1|1|0|0|1|55.7879454|49.0951633|0
venue_6a4e55097c28dc5b2401ea58|tutto-osteria-6a4e55097c28dc5b2401ea58|Tutto Osteria|CLUB_BAR_RESTAURANT|калининград|Калининград|0|0|0|0|1|1|1|0|0|0|54.7216205|20.496708|42
venue_6a85d6afe5c5d68a2d7543b2|аура-отель-6a85d6afe5c5d68a2d7543b2|Аура Отель|CLUB_BAR_RESTAURANT|калининград|Калининград|0|0|0|0|1|1|1|0|0|0|55.0117804|20.6191808|27
venue_6996c1b880aacc674e11df7c|bar-bastion-6996c1b880aacc674e11df7c|Бар «Бастион»|CLUB_BAR_RESTAURANT|калининград|Калининград|1|1|0|1|1|1|1|0|0|1|54.681126|20.487255|0
venue_6996c195d93dd16069e1bcb4|бастион-бар-6996c195d93dd16069e1bcb4|Бастион бар|CLUB_BAR_RESTAURANT|калининград|Калининград|0|0|0|0|1|1|1|0|0|0|54.681126|20.487255|0
venue_62fe3113e6012d48d35ea2d0|клуб-склад-62fe3113e6012d48d35ea2d0|Клуб "Склад"|CLUB_BAR_RESTAURANT|калининград|Калининград|1|1|0|0|1|1|1|0|0|0|54.705657|20.544535|0
venue_69cf6872395af07b5cef8b52|стендап-клуб-локация-69cf6872395af07b5cef8b52|Стендап-клуб «Локация»|CLUB_BAR_RESTAURANT|калининград|Калининград|1|1|0|0|1|1|1|0|0|0|54.7181648|20.5385138|0
venue_68485a2b6021929848c3b728|терраса-ресторана-flora-68485a2b6021929848c3b728|Терраса ресторана Flora|CLUB_BAR_RESTAURANT|калининград|Калининград|0|0|0|0|1|1|1|0|0|0|55.7813317|37.6331619|64
venue_69b96a022dd1ba49d3db10fe|ялта-клуб-69b96a022dd1ba49d3db10fe|ЯЛТА Клуб|CLUB_BAR_RESTAURANT|калининград|Калининград|1|1|0|0|1|1|1|0|0|0|54.70430159486122|20.55414855480194|0
venue_55f97b839cb53860a27a115d|бар-мажор-55f97b839cb53860a27a115d|Бар Мажор|CLUB_BAR_RESTAURANT|калуга|Калуга|1|1|0|0|1|1|1|0|0|0|54.5138279|36.258701299999984|0
venue_67403489441764fbf96433ba|бар-jawsspot-jawsspotkem-67403489441764fbf96433ba|Бар Jawsspot Jawsspotkem|CLUB_BAR_RESTAURANT|кемерово|Кемерово|1|1|0|0|1|1|1|0|0|0|55.348823|86.12589600000001|0
venue_69038b0f9cae07a9f76c36c4|knizhnyi-klub-nasledie-69038b0f9cae07a9f76c36c4|Книжный клуб Наследие|CLUB_BAR_RESTAURANT|кемерово|Кемерово|1|1|0|1|1|1|1|0|0|1|55.3490745|86.1241024|0
venue_5b7d012c06a3a2000c29257a|ночнои-клуб-nebo-5b7d012c06a3a2000c29257a|Ночной клуб «Nebo»|CLUB_BAR_RESTAURANT|кемерово|Кемерово|1|1|0|0|1|1|1|0|0|0|55.3607328|86.06536649999998|0
venue_62938d1fba6a1b1554067fd5|restoran-hofbrau-62938d1fba6a1b1554067fd5|ресторан Hofbrau|CLUB_BAR_RESTAURANT|кемерово|Кемерово|1|1|0|1|1|1|1|0|0|1|55.33474700000001|86.176649|0
venue_63ecfdb9bdcfaf73a69b4d84|клуб-камелот-63ecfdb9bdcfaf73a69b4d84|клуб КАМЕЛОТ|CLUB_BAR_RESTAURANT|керчь|Керчь|1|1|0|0|1|1|1|0|0|0|45.3470921|36.4716953|0
venue_5514168d9cb53866e444f5d2|gaudi-5514168d9cb53866e444f5d2|GAUDI|CLUB_BAR_RESTAURANT|киров-кировская-область|Киров (Кировская область)|1|1|1|0|1|1|1|0|0|0|58.602985|49.671483999999964|721
venue_59f759ee515e35001a7cddcf|клуб-mr-green-59f759ee515e35001a7cddcf|Клуб Mr.Green|CLUB_BAR_RESTAURANT|киров-кировская-область|Киров (Кировская область)|1|1|0|0|1|1|1|0|0|0|58.6190121|49.68302840000001|0
venue_64ba48c9af141154d6b833b8|рв-бар-64ba48c9af141154d6b833b8|РВ бар|CLUB_BAR_RESTAURANT|киров-кировская-область|Киров (Кировская область)|1|1|0|0|1|1|1|0|0|0|58.59539199999999|49.667886|0
venue_67c0748c52134114559405f9|rok-bar-atmosfera-67c0748c52134114559405f9|Рок-бар "Атмосфера"|CLUB_BAR_RESTAURANT|киров-кировская-область|Киров (Кировская область)|0|0|0|1|1|1|1|0|0|1|58.613335|49.6688536|0
venue_6a8f45a510e3d38f5fc3b386|рок-бар-атмосфера-6a8f45a510e3d38f5fc3b386|Рок-бар "Атмосфера"|CLUB_BAR_RESTAURANT|киров-кировская-область|Киров (Кировская область)|0|0|0|0|1|1|1|0|0|0|58.613335|49.6688536|0
venue_678a0c58c5a7584b261dcf10|rok-bar-prb-678a0c58c5a7584b261dcf10|Рок-бар «PRB»|CLUB_BAR_RESTAURANT|киров-кировская-область|Киров (Кировская область)|1|1|0|1|1|1|1|0|0|1|58.603744|49.6832866|0
venue_5aba5c7a519f7b001bc32f98|ресторан-гриль-бар-шале-5aba5c7a519f7b001bc32f98|Ресторан гриль-бар "Шале"|CLUB_BAR_RESTAURANT|клин|Клин|1|1|0|0|1|1|1|0|0|0|56.3245126|36.73101339999994|0
venue_5bc064ddaf3758000b2276f4|bar-garazh-5bc064ddaf3758000b2276f4|Бар Гараж|CLUB_BAR_RESTAURANT|комсомольск-на-амуре|Комсомольск-на-Амуре|1|1|0|1|1|1|1|0|0|1|50.5879877|137.07841570000005|0
venue_5a522130515e35001d5412c5|концерт-бар-inlife-5a522130515e35001d5412c5|Концерт-бар "InLife"|CLUB_BAR_RESTAURANT|комсомольск-на-амуре|Комсомольск-на-Амуре|1|1|0|0|1|1|1|0|0|0|50.5455879|136.99726110000006|0
venue_69af3f496be12eb082a25376|концерт-бар-полночь-69af3f496be12eb082a25376|Концерт-бар "Полночь"|CLUB_BAR_RESTAURANT|комсомольск-на-амуре|Комсомольск-на-Амуре|1|1|0|0|1|1|1|0|0|0|50.5507871|137.0267998|6
venue_655e515662304d88fb1e6651|duplex-655e515662304d88fb1e6651|DUPLEX|CLUB_BAR_RESTAURANT|королев|Королёв|0|0|0|1|1|1|1|0|0|1|55.91415115205493|37.80344574398885|18
venue_6380628b9056eb66b1799f31|restobar-gril-39-6380628b9056eb66b1799f31|Рестобар гриль 39|CLUB_BAR_RESTAURANT|королев|Королёв|1|1|0|1|1|1|1|0|0|1|55.9171704|37.80573589999999|0
venue_6472397e7f7c61753daaa29a|standup-bar-krasnodar-6472397e7f7c61753daaa29a|Standup Bar Krasnodar|CLUB_BAR_RESTAURANT|краснодар|Краснодар|1|1|1|1|1|1|1|0|0|1|45.0333024|38.9741401|133
venue_6513d67a9a8c93c812ee850a|the-rock-bar-small-stage-6513d67a9a8c93c812ee850a|The Rock Bar Small Stage|CLUB_BAR_RESTAURANT|краснодар|Краснодар|1|1|0|1|1|1|1|0|0|1|45.02892856089696|38.97234013993442|63
venue_6a40e831382263e4df7b4157|vpiska-твоего-города-6a40e831382263e4df7b4157|VPISKA твоего города|CLUB_BAR_RESTAURANT|краснодар|Краснодар|1|1|0|0|1|1|1|0|0|0|45.0281272|38.9721702|0
venue_5dcbd280f469b98a298d163c|bar-serzhant-pepper-5dcbd280f469b98a298d163c|Бар Сержант Пеппер|CLUB_BAR_RESTAURANT|краснодар|Краснодар|1|1|0|1|1|1|1|0|0|1|45.0292902|38.974694699999986|0
venue_69b8156f11ef8b1f70c1c34a|сплетни-by-anna-asti-69b8156f11ef8b1f70c1c34a|Сплетни by Anna Asti|CLUB_BAR_RESTAURANT|краснодар|Краснодар|1|1|1|0|1|1|1|0|0|0|45.0282191|38.97183649999999|187
venue_695cfc1a0a4d1cc86f048edc|stendap-bar-mayakovskii-695cfc1a0a4d1cc86f048edc|Стендап-бар «Маяковский»|CLUB_BAR_RESTAURANT|краснодар|Краснодар|1|1|0|1|1|1|1|0|0|1|45.0396535|38.9603937|0
venue_67dd8097b3376571678180a0|бар-винзавод-67dd8097b3376571678180a0|бар Винзавод|CLUB_BAR_RESTAURANT|краснодар|Краснодар|0|0|1|0|1|1|1|0|0|0|45.0208745|38.9680296|160
venue_6514221e7887dd3cfdf6b520|klub-schaste-6514221e7887dd3cfdf6b520|клуб Счастье|CLUB_BAR_RESTAURANT|краснодар|Краснодар|1|1|0|1|1|1|1|0|0|1|45.02986219868278|38.97447109222412|0
venue_6aa316fe28559a6bfdadccc1|бар-64-6-6aa316fe28559a6bfdadccc1|Бар "64/6"|CLUB_BAR_RESTAURANT|красноярск|Красноярск|1|1|0|0|1|1|1|0|0|0|56.0181304|92.8580866|0
venue_6a3e58a9ca3fa442035ad6a9|bar-tamburin-6a3e58a9ca3fa442035ad6a9|Бар Тамбурин|CLUB_BAR_RESTAURANT|красноярск|Красноярск|1|1|0|1|1|1|1|0|0|1|56.012358653289276|92.88349181810526|0
venue_6a7bcb1cc2e048c7f6477bdf|двор-ресторана-0-75-6a7bcb1cc2e048c7f6477bdf|Двор ресторана «0,75»|CLUB_BAR_RESTAURANT|красноярск|Красноярск|0|0|0|0|1|1|1|0|0|0|56.0119705|92.8654632|15
venue_6a99d79a8066302bae25a682|клуб-сорока-6a99d79a8066302bae25a682|Клуб "Сорока"|CLUB_BAR_RESTAURANT|красноярск|Красноярск|1|1|0|0|1|1|1|0|0|0|56.0241707|92.8262778|0
venue_60451c795d312eeff1cfea0a|klub-ermitazh-60451c795d312eeff1cfea0a|Клуб "Эрмитаж"|CLUB_BAR_RESTAURANT|красноярск|Красноярск|1|1|0|1|1|1|1|0|0|1|56.0099968|92.8781941|0
venue_6061782b5a7855aa797d423b|klub-64-6-6061782b5a7855aa797d423b|Клуб 64/6|CLUB_BAR_RESTAURANT|красноярск|Красноярск|1|1|0|1|1|1|1|0|0|1|56.01801949999999|92.85782069999999|0
venue_694ec766565515e217c34742|stendap-klub-hedlainer-694ec766565515e217c34742|Стендап-клуб Хэдлайнер|CLUB_BAR_RESTAURANT|красноярск|Красноярск|1|1|0|1|1|1|1|0|0|1|56.0401621|92.9012929|0
venue_6999f3b491f407e6b5e10c2a|клуб-grand-house-6999f3b491f407e6b5e10c2a|Клуб "Grand House"|CLUB_BAR_RESTAURANT|курган|Курган|1|1|0|0|1|1|1|0|0|0|55.4388152|65.3520219|0
venue_679b66e04a9fbe6db4ec274b|klub-bar-svoboda-679b66e04a9fbe6db4ec274b|Клуб-бар Свобода|CLUB_BAR_RESTAURANT|курган|Курган|1|1|0|1|1|1|1|0|0|1|55.4388152|65.3520219|0
venue_5c63d76a8cb8bc000bbcd31d|restoklub-gosti-5c63d76a8cb8bc000bbcd31d|Рестоклуб "Гости"|CLUB_BAR_RESTAURANT|курган|Курган|1|1|0|1|1|1|1|0|0|1|55.4370359|65.3564781|0
venue_60bce7da61713e7f275aaea6|red-stone-jazz-club-60bce7da61713e7f275aaea6|Red Stone Jazz Club|CLUB_BAR_RESTAURANT|курск|Курск|1|1|0|0|1|1|1|0|0|0|51.731284|36.180225|0
venue_6ab56a9cff10ffda155c9f41|клуб-атмосфера-6ab56a9cff10ffda155c9f41|Клуб "АтмосферА"|CLUB_BAR_RESTAURANT|курск|Курск|1|1|0|0|1|1|1|0|0|0|51.7268819|36.1859879|0
venue_669247aa18c71d12afa693df|klub-atmosfera-669247aa18c71d12afa693df|Клуб Атмосфера|CLUB_BAR_RESTAURANT|курск|Курск|1|1|0|1|1|1|1|0|0|1|51.7268819|36.1859879|0
venue_6a3853585d0b7930d0d74bc6|restoran-otelya-atlant-6a3853585d0b7930d0d74bc6|Ресторан отеля "Атлант"|CLUB_BAR_RESTAURANT|лазаревское|Лазаревское|0|0|0|1|1|1|1|0|0|1|43.9015423|39.3330287|0
venue_685d6aa091edda6a11447a48|клуб-12-685d6aa091edda6a11447a48|«Клуб 12»|CLUB_BAR_RESTAURANT|липецк|Липецк|1|1|0|0|1|1|1|0|0|0|52.57485484738429|39.61398963030007|0
venue_659fc5faa9240e175283bd3c|клуб-underground-659fc5faa9240e175283bd3c|клуб Underground|CLUB_BAR_RESTAURANT|липецк|Липецк|1|1|0|0|1|1|1|0|0|0|52.6069184|39.5007543|0
venue_6a5f2a62647259096efb7ad9|золотои-бастион-6a5f2a62647259096efb7ad9|Золотой Бастион|CLUB_BAR_RESTAURANT|люберцы|Люберцы|1|1|0|0|1|1|1|0|0|0|55.6830058|37.8656616|0
venue_68a85d818abc7333db72a668|клуб-free-zone-68a85d818abc7333db72a668|Клуб "Free Zone"|CLUB_BAR_RESTAURANT|мариуполь|Мариуполь|1|1|0|0|1|1|1|0|0|0|47.0890115|37.5289323|0
venue_690352a71990c1ced924aeaa|дк-железнодорожников-690352a71990c1ced924aeaa|ДК Железнодорожников|CLUB_BAR_RESTAURANT|могоча|Могоча|1|1|0|0|1|1|1|0|0|0|53.7360124|119.7610008|0
venue_690673c4969fae5bcae375d3|comedy-34-690673c4969fae5bcae375d3|COMEDY 34|CLUB_BAR_RESTAURANT|moskva|Москва|1|1|1|0|1|1|1|0|0|0|55.7713753|37.6325577|569
venue_61e58a9a7322baa944268c94|comedy-hub-club-61e58a9a7322baa944268c94|Comedy Hub Club|CLUB_BAR_RESTAURANT|moskva|Москва|1|1|0|1|1|1|1|0|0|1|55.7646046|37.6548665|0
venue_699498e3853d81471e1819b3|comedy-hub-club-699498e3853d81471e1819b3|Comedy Hub Club|CLUB_BAR_RESTAURANT|moskva|Москва|1|1|0|1|1|1|1|0|0|1|55.76460550557276|37.65486180782318|0
venue_6863e4f5f21530c9c9a44182|dex-6863e4f5f21530c9c9a44182|DEX|CLUB_BAR_RESTAURANT|moskva|Москва|1|0|0|1|1|1|1|0|0|1|55.7195416|37.6863287|0
venue_6a1846d8a87fac3902fad623|hype-terrace-6a1846d8a87fac3902fad623|HYPE TERRACE|CLUB_BAR_RESTAURANT|moskva|Москва|1|1|1|1|1|1|1|0|0|1|55.740054|37.6102076|402
venue_5c06b4586c18e4000c6f5331|igor-butman-jazz-club-5c06b4586c18e4000c6f5331|Igor Butman Jazz Club|CLUB_BAR_RESTAURANT|moskva|Москва|0|0|0|0|1|1|1|0|0|0|55.74299200000001|37.65315899999996|0
venue_5be3f91b6cc8f6000b0945a0|klub-izi-5be3f91b6cc8f6000b0945a0|Izi Moscow|CLUB_BAR_RESTAURANT|moskva|Москва|1|1|0|1|1|1|1|0|0|1|55.77123|37.660252000000014|0
venue_624c69d8b949160eb15f1bbb|kozlov-club-unplugged-624c69d8b949160eb15f1bbb|Kozlov Club Unplugged|CLUB_BAR_RESTAURANT|moskva|Москва|1|1|0|1|1|1|1|0|0|1|55.7629619|37.6349646|0
venue_6a059c9fe41deb2c9232e7c1|lxv-6a059c9fe41deb2c9232e7c1|LXV|CLUB_BAR_RESTAURANT|moskva|Москва|1|1|0|1|1|1|1|0|0|1|55.7474907|37.5412388|0
venue_585bdb6cd352860016f8a2c3|live-stars-585bdb6cd352860016f8a2c3|Live Stars|CLUB_BAR_RESTAURANT|moskva|Москва|1|1|0|1|1|1|1|0|0|1|55.740982|37.610325999999986|31
venue_5e136c4bb47376fe75d2b06d|lyustra-bar-5e136c4bb47376fe75d2b06d|Lюстра бар|CLUB_BAR_RESTAURANT|moskva|Москва|1|1|0|1|1|1|1|0|0|1|55.689797|37.575687000000016|0
venue_58b69bf1515e3500159b31aa|mezzo-forte-club-58b69bf1515e3500159b31aa|MEZZO FORTE CLUB|CLUB_BAR_RESTAURANT|moskva|Москва|1|1|0|1|1|1|1|0|0|1|55.82458519240316|37.632060942803406|0
venue_6784f31812f44e6e3ca8293a|oblako-6784f31812f44e6e3ca8293a|OBLAKO|CLUB_BAR_RESTAURANT|moskva|Москва|0|0|0|1|1|1|1|0|0|1|55.7683778|37.59323|26
venue_687766c9096b2d88142be22a|summer-punch-687766c9096b2d88142be22a|SUMMER PUNCH|CLUB_BAR_RESTAURANT|moskva|Москва|1|1|0|0|1|1|1|0|0|0|55.76225909999999|37.6127645|50
venue_65bcee119af2ca46755100b1|signature-art-65bcee119af2ca46755100b1|Signature Art|CLUB_BAR_RESTAURANT|moskva|Москва|1|1|0|0|1|1|1|0|0|0|55.7464041|37.6408889|8
venue_661a5c82841a754339719911|twenty-one-club-661a5c82841a754339719911|Twenty One Club|CLUB_BAR_RESTAURANT|moskva|Москва|1|1|0|0|1|1|1|0|0|0|55.751794|37.585316|0
venue_63372307d8253c4d0b571994|twentyoneclub-63372307d8253c4d0b571994|TwentyOneClub|CLUB_BAR_RESTAURANT|moskva|Москва|1|1|1|1|1|1|1|0|0|1|55.75195525781753|37.587561019374036|473
venue_5a8d6c7d519f7b001c288911|unlock-cafe-5a8d6c7d519f7b001c288911|UNLOCK Cafe|CLUB_BAR_RESTAURANT|moskva|Москва|1|1|0|0|1|1|1|0|0|0|55.755823|37.63385399999993|0
venue_6a7e685e52755f6a3d798310|евгенич-на-цветном-бульваре-6a7e685e52755f6a3d798310|«Евгенич» на цветном бульваре|CLUB_BAR_RESTAURANT|moskva|Москва|1|1|0|0|1|1|1|0|0|0|55.76974019999999|37.6206801|79
venue_656da7f5bb7e095fb9acee27|antikafe-belyi-list-656da7f5bb7e095fb9acee27|Антикафе "Белый Лист"|CLUB_BAR_RESTAURANT|moskva|Москва|1|1|0|1|1|1|1|0|0|1|55.7303736|37.62640880000001|18
venue_68b361ffd35f667d0511b41b|антикафе-циферблат-68b361ffd35f667d0511b41b|Антикафе «Циферблат»|CLUB_BAR_RESTAURANT|moskva|Москва|1|1|0|0|1|1|1|0|0|0|55.76210049301646|37.625818848609924|0
venue_65d4680de36ffeb2b248404a|арт-кафе-бхакти-65d4680de36ffeb2b248404a|Арт Кафе Бхакти|CLUB_BAR_RESTAURANT|москва|Москва|0|0|0|0|1|1|1|0|0|0|55.6731278|37.6189138|0
venue_62ebd8c289e7728857e4b46d|bauns-62ebd8c289e7728857e4b46d|БАУНС|CLUB_BAR_RESTAURANT|moskva|Москва|1|1|0|1|1|1|1|0|0|1|55.781429|37.582707|29
venue_68b8a00880954da41a30a061|bar-krai-68b8a00880954da41a30a061|Бар "КРАЙ"|CLUB_BAR_RESTAURANT|moskva|Москва|1|1|0|1|1|1|1|0|0|1|55.746361|37.6675502|0
venue_68306600d8b62d461d93d399|bar-escobar-68306600d8b62d461d93d399|Бар Escobar|CLUB_BAR_RESTAURANT|moskva|Москва|1|1|1|1|1|1|1|0|0|1|55.74762863248333|37.67878174781799|133
venue_69ff0d2a06f911b5a91a2c45|бар-барчук-69ff0d2a06f911b5a91a2c45|Бар «БарЧук»|CLUB_BAR_RESTAURANT|moskva|Москва|1|1|0|0|1|1|1|0|0|0|55.7516411|37.6066464|0
venue_6a97f993cc040528256f4d76|бар-санта-муэрте-6a97f993cc040528256f4d76|Бар «Санта Муэрте»|CLUB_BAR_RESTAURANT|moskva|Москва|1|1|0|0|1|1|1|0|0|0|55.7622217|37.6331199|0
venue_66c1cb5a5c13fc89c4d95c54|бар-гадкии-коиот-66c1cb5a5c13fc89c4d95c54|Бар Гадкий Койот|CLUB_BAR_RESTAURANT|moskva|Москва|1|1|0|0|1|1|1|0|0|0|55.7622185|37.6127479|0
venue_6a52acbdbed52659547a9f99|бар-кривое-колено-6a52acbdbed52659547a9f99|Бар Кривое колено|CLUB_BAR_RESTAURANT|moskva|Москва|1|1|0|0|1|1|1|0|0|0|55.76193075128553|37.635755668386096|3
venue_6a4b9c8ec4010c93b611ad6d|bar-sdvig-6a4b9c8ec4010c93b611ad6d|Бар СДВиГ|CLUB_BAR_RESTAURANT|москва|Москва|1|0|0|1|1|1|1|0|0|1|55.7730865|37.632882|87
venue_649092af214b874d38084e90|бар-столярка-649092af214b874d38084e90|Бар Столярка|CLUB_BAR_RESTAURANT|москва|Москва|0|0|0|0|1|1|1|0|0|0|55.7847494|37.7075699|84
venue_5f6cac23566357b937fb02d4|большевик-лофт-5f6cac23566357b937fb02d4|Большевик Лофт|CLUB_BAR_RESTAURANT|moskva|Москва|1|1|0|0|1|1|1|0|0|0|55.7814929|37.5721214|8
venue_69ef3a3cc9e191cbb8a8bc59|vei-vo-klub-restoran-69ef3a3cc9e191cbb8a8bc59|ВЕЙ ВО! — клуб-ресторан|CLUB_BAR_RESTAURANT|москва|Москва|0|0|1|1|1|1|1|0|0|1|55.7580301|37.5559454|1251
venue_673c85bc1b167d343c2bca16|gadkii-koiot-673c85bc1b167d343c2bca16|Гадкий Койот|CLUB_BAR_RESTAURANT|москва|Москва|0|0|0|1|1|1|1|0|0|1|55.7622185|37.6127479|0
venue_69036b3d88263f70479d39c2|grimerka-gastro-club-karaoke-bar-69036b3d88263f70479d39c2|Гримёрка Gastro Club & Karaoke Bar|CLUB_BAR_RESTAURANT|moskva|Москва|1|1|0|1|1|1|1|0|0|1|55.7610399|37.62437389999999|35
venue_676bd7b0b3a64ffc56390245|davai-lama-676bd7b0b3a64ffc56390245|ДАВАЙ ЛАМА|CLUB_BAR_RESTAURANT|moskva|Москва|1|1|0|1|1|1|1|0|0|1|55.76623|37.610796|39
venue_59d7a15c515e35001954b440|джаз-клуб-эссе-59d7a15c515e35001954b440|Джаз клуб "Эссе"|CLUB_BAR_RESTAURANT|москва|Москва|0|0|0|0|1|1|1|0|0|0|55.74138800961435|37.6288270088844|0
venue_623457215d2b1afd72c3ec48|dzhem-klub-myuzik|Джем Клуб Мьюзик|CLUB_BAR_RESTAURANT|moskva|Москва|1|1|0|1|1|1|1|0|0|1|55.76831379999999|37.631509|0
venue_69d69747011628b5bf1c59bb|evgenich-na-cvetnom-69d69747011628b5bf1c59bb|Евгенич на Цветном|CLUB_BAR_RESTAURANT|москва|Москва|0|0|0|1|1|1|1|0|0|1|55.76975377401527|37.620722341975444|31
venue_699969fa9b2b7599baf0055e|klub-isida-699969fa9b2b7599baf0055e|КЛУБ "ИСИДА"|CLUB_BAR_RESTAURANT|moskva|Москва|1|1|0|1|1|1|1|0|0|1|55.745742|37.54787|0
venue_680fb092df6e7d4b5f224ee0|кальян-бар-try-680fb092df6e7d4b5f224ee0|Кальян-бар TRY|CLUB_BAR_RESTAURANT|moskva|Москва|1|1|1|0|1|1|1|0|0|0|55.7568287|37.6469968|124
venue_5c7e5b49ebee33000baa6a47|kafe-pushkarev-5c7e5b49ebee33000baa6a47|Кафе Пушкарев|CLUB_BAR_RESTAURANT|moskva|Москва|1|1|0|1|1|1|1|0|0|1|55.7690876|37.627778300000045|4
venue_557c82c89cb53870bca56b50|klub-glastonberry-557c82c89cb53870bca56b50|Клуб "GLASTONBERRY"|CLUB_BAR_RESTAURANT|moskva|Москва|1|1|0|1|1|1|1|0|0|1|55.72280600000001|37.67510100000004|0
venue_56a7f0b39cb5380b1ceff925|klub-vysockii-56a7f0b39cb5380b1ceff925|Клуб "Высоцкий"|CLUB_BAR_RESTAURANT|moskva|Москва|1|1|0|1|1|1|1|0|0|1|55.7445489|37.6511043|0
venue_644b8bf342cf3a9b664abfa5|клуб-огород-644b8bf342cf3a9b664abfa5|Клуб "Огород"|CLUB_BAR_RESTAURANT|москва|Москва|0|0|0|0|1|1|1|0|0|0|55.7730888|37.6328531|0
venue_68c6ab00ce352a60fdd74be4|klub-svoboda-68c6ab00ce352a60fdd74be4|Клуб "Свобода"|CLUB_BAR_RESTAURANT|moskva|Москва|1|1|0|1|1|1|1|0|0|1|55.7993648|37.5320297|0
venue_68a2318e570b3d4ed42c170b|klub-eclipse-68a2318e570b3d4ed42c170b|Клуб Eclipse|CLUB_BAR_RESTAURANT|moskva|Москва|1|1|1|1|1|1|1|0|0|1|55.7813654|37.6924372|546
venue_63199b04885e79253688d680|klub-pravda-63199b04885e79253688d680|Клуб «Правда»|CLUB_BAR_RESTAURANT|moskva|Москва|1|1|0|0|1|1|1|0|0|1|55.686372|37.620497|13
venue_69cb2b76dc037ab2dc250b3c|klub-solo-69cb2b76dc037ab2dc250b3c|Клуб «Соло»|CLUB_BAR_RESTAURANT|moskva|Москва|1|1|0|1|1|1|1|0|0|1|55.7332131|37.639984|0
venue_590854a3515e350016705a52|klub-alekseya-kozlova-590854a3515e350016705a52|Клуб Алексея Козлова|CLUB_BAR_RESTAURANT|moskva|Москва|1|1|0|1|1|1|1|0|0|1|55.7577855|37.634088399999996|0
venue_6a073f4df09265fb5ab4cfdf|клуб-цеппелин-n-5-6a073f4df09265fb5ab4cfdf|Клуб Цеппелин N°5|CLUB_BAR_RESTAURANT|москва|Москва|0|0|0|0|1|1|1|0|0|0|55.7587115|37.6826816|0
venue_69b2ef1361e83a88964cd4dc|klub-chizh-i-kompaniya-69b2ef1361e83a88964cd4dc|Клуб Чиж и Компания|CLUB_BAR_RESTAURANT|moskva|Москва|1|1|0|1|1|1|1|0|0|1|55.772343236265414|37.68301457976126|0
venue_58451cc3515e35001574ac08|клуб-ресторан-петрович-58451cc3515e35001574ac08|Клуб-ресторан "Петрович"|CLUB_BAR_RESTAURANT|moskva|Москва|1|1|1|0|1|1|1|0|0|0|55.763045|37.6366749|267
venue_6274591a07af0f9a09e83b4a|книжныи-клуб-магазин-гиперион-6274591a07af0f9a09e83b4a|Книжный клуб-магазин «Гиперион»|CLUB_BAR_RESTAURANT|москва|Москва|0|0|0|0|1|1|1|0|0|0|55.75510468623973|37.64538783582651|0
venue_6421614f88eef91336f3768e|книжныи-клуб-магазин-гиперион-6421614f88eef91336f3768e|Книжный клуб-магазин «Гиперион»|CLUB_BAR_RESTAURANT|москва|Москва|0|0|0|0|1|1|1|0|0|0|55.75495664551453|37.64524316044847|0
venue_63429ede137b2e27807b9e20|koncertnyi-zal-centralnogo-oficerskogo-kluba-vks-63429ede137b2e27807b9e20|Концертный зал Центрального Офицерского Клуба ВКС|CLUB_BAR_RESTAURANT|moskva|Москва|1|1|0|1|1|1|1|0|0|1|55.71883810000001|37.6271672|0
venue_5d8466a311138758cec65717|krytaya-krysha-univermaga-cvetnoi-5d8466a311138758cec65717|Крытая крыша универмага Цветной|CLUB_BAR_RESTAURANT|москва|Москва|0|0|0|1|1|1|1|0|0|1|55.7710991|37.61994679999998|0
venue_6471c4705f88ee32794e6a52|lebedinoe-ozero-6471c4705f88ee32794e6a52|Лебединое озеро|CLUB_BAR_RESTAURANT|москва|Москва|0|0|0|1|1|1|1|0|0|1|55.723992399902166|37.59548306465149|0
venue_68651dc7274401dda3623d6d|милк-moscow-imagine-live-club-68651dc7274401dda3623d6d|МИЛК - Moscow Imagine Live Club|CLUB_BAR_RESTAURANT|moskva|Москва|1|1|1|0|1|1|1|0|0|0|55.75915380000001|37.6457661|400
venue_68d4062e38b75e8343b393ca|modnaya-sreda-1823-68d4062e38b75e8343b393ca|Модная среда 1823|CLUB_BAR_RESTAURANT|москва|Москва|1|1|0|1|1|1|1|0|0|1|55.80258897793698|37.594785988878385|31
venue_59146d9a515e350018d22df9|москва-красная-площадь-59146d9a515e350018d22df9|Москва, Красная площадь|CLUB_BAR_RESTAURANT|moskva|Москва|1|1|0|0|1|1|1|0|0|0|55.7536207|37.62255989999994|0
venue_6a4e645cfedc3176d2985298|moskovskaya-oblast-gorodskoi-okrug-serpuhov-puschino-park-zelenaya-zona-6a4e645cfedc3176d2985298|Московская область, городской округ Серпухов, Пущино, парк Зелёная зона|CLUB_BAR_RESTAURANT|москва|Москва|0|0|0|0|1|1|1|0|0|1|55.7568721|37.6150527|0
venue_619e5b64ea00f1d20616a529|mumii-troll-music-bar-619e5b64ea00f1d20616a529|Мумий Тролль music bar|CLUB_BAR_RESTAURANT|moskva|Москва|0|0|1|1|1|1|1|0|0|1|55.7521704|37.5921043|277
venue_6978769ff9c1f97bb9d57e76|мясницкая-ул-42-6978769ff9c1f97bb9d57e76|Мясницкая ул., 42|CLUB_BAR_RESTAURANT|moskva|Москва|1|1|0|0|1|1|1|0|0|0|55.766431|37.63758500000001|0
venue_66084c7e86523b54385dfcb8|nastoikin-66084c7e86523b54385dfcb8|НАСТОЙКИН|CLUB_BAR_RESTAURANT|moskva|Москва|1|0|1|1|1|1|1|0|0|1|55.7704886|37.6418657|366
venue_5fa533f784ca4110366607d3|новая-искренность-5fa533f784ca4110366607d3|Новая Искренность|CLUB_BAR_RESTAURANT|москва|Москва|0|0|0|0|1|1|1|0|0|0|55.762015|37.6333069|0
venue_6a74f7420bb53201e7f89731|особняк-1-этаж-6a74f7420bb53201e7f89731|Особняк 1 этаж|CLUB_BAR_RESTAURANT|москва|Москва|0|0|0|0|1|1|1|0|0|0|55.757077|37.6589298|0
venue_6a4441fa893f3a4b38a7ba10|park-gorkogo-proekt-pionerskii-6a4441fa893f3a4b38a7ba10|Парк Горького (Проект "Пионерский")|CLUB_BAR_RESTAURANT|moskva|Москва|0|0|0|1|1|1|1|0|0|1|55.730374258972944|37.605098076520896|61
venue_689b2d37bfd08ada819f6d02|pivnoi-restoran-kalashnyi-689b2d37bfd08ada819f6d02|Пивной ресторан «Калашный»|CLUB_BAR_RESTAURANT|moskva|Москва|1|1|0|1|1|1|1|0|0|1|55.7540387|37.6022522|0
venue_6a43e799aff3f86a6df7132e|plyazhnyi-klub-50-letiya-oktyabrya-6a43e799aff3f86a6df7132e|Пляжный клуб «50-летия Октября»|CLUB_BAR_RESTAURANT|москва|Москва|0|0|0|1|1|1|1|0|0|1|55.683989560183306|37.50286647898388|42
venue_6a444187609b2ba3bb0128da|проект-пионерскии-6a444187609b2ba3bb0128da|Проект "Пионерский"|CLUB_BAR_RESTAURANT|москва|Москва|0|0|0|0|1|1|1|0|0|0|55.73028036734071|37.60477612688151|61
venue_5fd888c44afc23b6b01a7cf0|ресторан-кобзарь-5fd888c44afc23b6b01a7cf0|Ресторан "Кобзарь"|CLUB_BAR_RESTAURANT|москва|Москва|0|0|0|0|1|1|1|0|0|0|55.72696269999999|37.7718186|0
venue_5bc1c6c79e1e84000b849bea|ресторан-колизеи-холл-5bc1c6c79e1e84000b849bea|Ресторан "Колизей Холл"|CLUB_BAR_RESTAURANT|moskva|Москва|1|1|0|0|1|1|1|0|0|0|55.81949293361512|37.63678469084209|0
venue_67c58233565c667e21e0b503|ресторан-незагорами-67c58233565c667e21e0b503|Ресторан "Незагорами"|CLUB_BAR_RESTAURANT|moskva|Москва|1|1|0|0|1|1|1|0|0|0|55.7362808|37.6662052|0
venue_5d25c4dabfd2b5d2fd8c334f|ресторан-экспедиция-5d25c4dabfd2b5d2fd8c334f|Ресторан "Экспедиция"|CLUB_BAR_RESTAURANT|moskva|Москва|1|1|0|0|1|1|1|0|0|0|55.7515864|37.64152760000002|0
venue_5fe0832fd70bff140af94cb5|ресторан-клуб-magnus-locus-5fe0832fd70bff140af94cb5|Ресторан & клуб Magnus Locus|CLUB_BAR_RESTAURANT|moskva|Москва|1|1|0|0|1|1|1|0|0|0|55.7740966|37.6326896|0
venue_65532010f827f709ca156104|restoran-senpoliya-65532010f827f709ca156104|Ресторан «Сенполия»|CLUB_BAR_RESTAURANT|москва|Москва|0|0|0|1|1|1|1|0|0|1|55.73037|37.6186596|0
venue_64c3096574272ea4e70824a2|ресторан-клуб-шагал-64c3096574272ea4e70824a2|Ресторан-клуб "Шагал"|CLUB_BAR_RESTAURANT|moskva|Москва|1|1|0|0|1|1|1|0|0|0|55.679371|37.567942|0
venue_6291c7dc6b867f33f09498b4|ritm-blyuz-kafe-6291c7dc6b867f33f09498b4|Ритм Блюз Кафе|CLUB_BAR_RESTAURANT|moskva|Москва|1|1|0|1|1|1|1|0|0|1|55.751113|37.606839|0
venue_62c3251809bbc001a29628d2|руки-вверх-бар-отрадное-62c3251809bbc001a29628d2|Руки ВВерх! Бар Отрадное|CLUB_BAR_RESTAURANT|moskva|Москва|1|1|0|0|1|1|1|0|0|0|55.8654643|37.6030713|24
venue_6234b4769cbd5cf182d32d3f|руки-вверх-бар-на-таганке-6234b4769cbd5cf182d32d3f|Руки ВВерх! Бар на Таганке|CLUB_BAR_RESTAURANT|moskva|Москва|1|1|1|0|1|1|1|0|0|0|55.7387014|37.6751309|1728
venue_5e5d035b5cb39e498234e1b6|руки-вверх-бар-5e5d035b5cb39e498234e1b6|Руки Вверх Бар|CLUB_BAR_RESTAURANT|moskva|Москва|1|1|0|0|1|1|1|0|0|0|55.7676865|37.6010328|0
venue_6943ed1e2e7020ebc9b90dc0|сплетни-бар-by-anna-asti-6943ed1e2e7020ebc9b90dc0|Сплетни Бар by Anna Asti|CLUB_BAR_RESTAURANT|moskva|Москва|1|1|0|0|1|1|1|0|0|0|55.7615339|37.61728950000001|0
venue_6943bfe4801005879ed94eaf|spletni-bar-by-anna-asty-6943bfe4801005879ed94eaf|Сплетни Бар by Anna Asty|CLUB_BAR_RESTAURANT|москва|Москва|0|0|0|1|1|1|1|0|0|1|55.7615339|37.61728950000001|0
venue_68f8d39c58f8d3dfc4a0f9e9|sputnik-bar-restoran-68f8d39c58f8d3dfc4a0f9e9|Спутник Бар-Ресторан|CLUB_BAR_RESTAURANT|moskva|Москва|1|1|1|1|1|1|1|0|0|1|55.744142|37.656923|214
venue_67ea812a4df2eeea3fb1189d|территория-open-air-club-67ea812a4df2eeea3fb1189d|Территория Open Air Club|CLUB_BAR_RESTAURANT|москва|Москва|0|0|0|0|1|1|1|0|0|0|55.75016107556709|37.49711959544687|0
venue_5757dab69cb5386570cadfd9|usadba-kuskovo-bolshoi-dvorec-5757dab69cb5386570cadfd9|Усадьба "Кусково" Большой дворец|CLUB_BAR_RESTAURANT|москва|Москва|0|0|0|1|1|1|1|0|0|1|55.734944|37.808962000000065|0
venue_6a9814a63e77261ca44cd121|фон-лаундж-6a9814a63e77261ca44cd121|Фон Лаундж|CLUB_BAR_RESTAURANT|москва|Москва|0|0|0|0|1|1|1|0|0|0|55.6527951|37.7675789|0
venue_69d1463cf13e2d484af3a42f|fudmoll-privoz-69d1463cf13e2d484af3a42f|Фудмолл ПРИВОЗ|CLUB_BAR_RESTAURANT|moskva|Москва|0|0|1|1|1|1|1|0|0|1|55.6868554|37.8520826|900
venue_6343b81338ebeb4da081a82c|центральныи-офицерскии-клуб-воздушно-космических-сил-6343b81338ebeb4da081a82c|Центральный офицерский клуб Воздушно-космических сил|CLUB_BAR_RESTAURANT|moskva|Москва|1|1|0|0|1|1|1|0|0|0|55.71883810000001|37.6271672|0
venue_64c3cfde65660135aec56a2a|штопор-рок-бар-64c3cfde65660135aec56a2a|ШТОПОР рок-бар|CLUB_BAR_RESTAURANT|moskva|Москва|1|1|1|0|1|1|1|0|0|0|55.71479317973496|37.6775228778026|139
venue_5c07fe8c467e7d000c553458|shkola-sushi-lover|Школа Sushi Lover|CLUB_BAR_RESTAURANT|moskva|Москва|1|1|0|1|1|1|1|0|0|1|55.778889197110345|37.6906362687524|0
venue_6a09a1cdf8f59a8439ab3cb5|eklips-6a09a1cdf8f59a8439ab3cb5|Эклипс|CLUB_BAR_RESTAURANT|moskva|Москва|1|1|0|1|1|1|1|0|0|1|55.7813654|37.6924372|4
venue_6a67b0378fbe13dcbf777bb8|бар-титры-6a67b0378fbe13dcbf777bb8|бар «Титры»|CLUB_BAR_RESTAURANT|moskva|Москва|1|1|0|0|1|1|1|0|0|0|55.7519729|37.5972879|0
venue_68b9e5078dd48ba1921eea89|бар-модники-68b9e5078dd48ba1921eea89|бар Модники|CLUB_BAR_RESTAURANT|москва|Москва|0|0|0|0|1|1|1|0|0|0|55.7577706|37.6341534|0
venue_69d4150f3e1a687591e33d16|бар-триггер-69d4150f3e1a687591e33d16|бар Триггер|CLUB_BAR_RESTAURANT|moskva|Москва|1|1|0|0|1|1|1|0|0|0|55.6800244|37.6252659|0
venue_5749db099cb538617cba11cb|клуб-алиби-5749db099cb538617cba11cb|клуб "Алиби"|CLUB_BAR_RESTAURANT|moskva|Москва|1|1|0|0|1|1|1|0|0|0|55.76770879999999|37.63462060000006|0
venue_67531b74f536648016df5906|м-кропоткинская-выход-из-метро-No2-у-ресторана-иль-патио-вас-встретит-гид-с-табличкои-любимыи-город-67531b74f536648016df|м. Кропоткинская, выход из метро №2, у ресторана Иль Патио вас встретит гид с табличкой Любимый город|CLUB_BAR_RESTAURANT|moskva|Москва|1|1|0|0|1|1|1|0|0|0|55.7449141833854|37.603309750556946|101
venue_6a5a1d49da250dddfebdd53d|м-площадь-революции-выход-No10-сразу-на-выходе-из-метро-у-ресторана-старая-башня-вас-встретит-гид-с-табличкои-любимыи-го|м. Площадь Революции, выход №10, сразу на выходе из метро у ресторана Старая Башня вас встретит гид с табличкой Любимый город|CLUB_BAR_RESTAURANT|москва|Москва|0|0|1|0|1|1|1|0|0|0|55.75677080000001|37.6204223|125
venue_696e5192b9827212a77d8bdc|ресторан-мандарин-696e5192b9827212a77d8bdc|ресторан "Мандарин"|CLUB_BAR_RESTAURANT|moskva|Москва|1|1|0|0|1|1|1|0|0|0|55.739644|37.667521|0
venue_6a68addb999f2acc8af670d4|ресторан-чито-ра-6a68addb999f2acc8af670d4|ресторан Чито Ра|CLUB_BAR_RESTAURANT|москва|Москва|0|0|0|0|1|1|1|0|0|0|55.783359313349706|37.596330642700195|0
venue_6932e6410d509a740fbfff99|бартон-6932e6410d509a740fbfff99|Бартон|CLUB_BAR_RESTAURANT|набережные-челны|Набережные Челны|1|1|0|0|1|1|1|0|0|0|55.726982|52.40217269999999|0
venue_59c16e23519f7b001bf557ff|клуб-opera-59c16e23519f7b001bf557ff|Клуб "OPERA"|CLUB_BAR_RESTAURANT|набережные-челны|Набережные Челны|0|0|0|0|1|1|1|0|0|0|55.7490053|52.44431220000001|0
venue_62c705e486c05a292f94aec3|klub-opera-62c705e486c05a292f94aec3|Клуб Опера|CLUB_BAR_RESTAURANT|набережные-челны|Набережные Челны|0|0|0|1|1|1|1|0|0|1|55.7490053|52.4443122|0
venue_65e1d85dfa596b40751ef843|ruki-vverh-bar-65e1d85dfa596b40751ef843|Руки ВВерх! Бар|CLUB_BAR_RESTAURANT|набережные-челны|Набережные Челны|1|1|0|1|1|1|1|0|0|1|55.7522549|52.40997789999999|0
venue_680787169132331e2d1ba811|moet-lounge-and-night-club-680787169132331e2d1ba811|MOËT LOUNGE AND NIGHT CLUB|CLUB_BAR_RESTAURANT|нефтекамск|Нефтекамск|0|0|0|0|1|1|1|0|0|0|56.08468629999999|54.243322|0
venue_69bbfe1f2ee525bbfd1dab84|klub-moet-69bbfe1f2ee525bbfd1dab84|клуб МОЁТ|CLUB_BAR_RESTAURANT|нефтекамск|Нефтекамск|0|0|0|1|1|1|1|0|0|1|56.0846955|54.2433434|0
venue_667ad7e498f6c8ba26ad7eb0|арт-бар-убежище-667ad7e498f6c8ba26ad7eb0|Арт-бар «Убежище»|CLUB_BAR_RESTAURANT|нижневартовск|Нижневартовск|1|1|0|0|1|1|1|0|0|0|60.93269400000001|76.550134|0
venue_6a662766d21d65ee3e3cdcdb|бар-молодость-простит-6a662766d21d65ee3e3cdcdb|бар "Молодость простит"|CLUB_BAR_RESTAURANT|нижневартовск|Нижневартовск|0|0|0|0|1|1|1|0|0|0|60.92513|76.58380310000001|0
venue_68ed3b80541b8b32f86b6534|клуб-cult-68ed3b80541b8b32f86b6534|клуб CULT|CLUB_BAR_RESTAURANT|нижневартовск|Нижневартовск|1|1|0|0|1|1|1|0|0|0|60.95467600000001|76.5963288|0
venue_638dd11ebc4e88024d5e5ad4|butch-dutch-638dd11ebc4e88024d5e5ad4|BUTCH & DUTCH|CLUB_BAR_RESTAURANT|нижнии-новгород|Нижний Новгород|1|1|0|0|1|1|1|0|0|0|56.216826|43.86661400000001|90
venue_69296ad532106e70221acac5|improve-club-69296ad532106e70221acac5|Improve Club|CLUB_BAR_RESTAURANT|нижнии-новгород|Нижний Новгород|1|1|1|1|1|1|1|0|0|1|56.325190491506326|43.99265930902197|231
venue_6947e49b062aade66864a09e|импров-клуб-6947e49b062aade66864a09e|«Импров клуб»|CLUB_BAR_RESTAURANT|нижнии-новгород|Нижний Новгород|0|0|0|0|1|1|1|0|0|0|56.324984|43.99276709999999|0
ven_ms_ee7e355d3af0b762|nizhny-novgorod-fonoteca-bar|Арт-бар «Фонотека»|CLUB_BAR_RESTAURANT|нижнии-новгород|Нижний Новгород|0|0|1|1|1|1|1|1|1|1|56.319874|43.996841|203
venue_614c6b73a032e042277250a3|бар-хитрыи-лис-614c6b73a032e042277250a3|Бар "Хитрый Лис"|CLUB_BAR_RESTAURANT|нижнии-новгород|Нижний Новгород|1|1|0|0|1|1|1|0|0|0|56.3298433|43.9904017|0
venue_639eb90892f0849701d37d7c|бар-синии-кот-639eb90892f0849701d37d7c|Бар “Синий Кот“|CLUB_BAR_RESTAURANT|нижнии-новгород|Нижний Новгород|1|1|0|0|1|1|1|0|0|0|56.306606|43.980685|0
venue_6a65f2048044b395dc3cb902|гастро-лаундж-бара-тауэр-6a65f2048044b395dc3cb902|Гастро-лаундж-бара «Тауэр»|CLUB_BAR_RESTAURANT|нижнии-новгород|Нижний Новгород|1|1|0|0|1|1|1|0|0|0|56.3243748|43.9978916|0
venue_57ffb7f29cb538642412254a|kinofaktura-57ffb7f29cb538642412254a|КИНОФАКТУРА|CLUB_BAR_RESTAURANT|нижнии-новгород|Нижний Новгород|1|1|0|1|1|1|1|0|0|1|56.32206300000001|44.012222000000065|35
venue_64ff05b00a798121f6e95a5f|klub-nenavist-64ff05b00a798121f6e95a5f|Клуб "Nenavist’"|CLUB_BAR_RESTAURANT|нижнии-новгород|Нижний Новгород|1|1|0|1|1|1|1|0|0|1|56.32778140000001|43.9835107|0
ven_ms_51948f7705b320c8|nizhny-novgorod-lepi-testo|Лепи Тесто|CLUB_BAR_RESTAURANT|нижнии-новгород|Нижний Новгород|0|0|1|1|1|1|1|1|1|1|56.321045|44.001243|181
ven_ms_45955c776b72d9c6|nizhny-novgorod-bezuhov-cafe|Литературное кафе «Безухов»|CLUB_BAR_RESTAURANT|нижнии-новгород|Нижний Новгород|0|0|1|1|1|1|1|1|1|1|56.329241|43.992224|173
venue_5d8d3403e967a93d866d8a6b|mayakovka-10-5d8d3403e967a93d866d8a6b|Маяковка, 10|CLUB_BAR_RESTAURANT|нижнии-новгород|Нижний Новгород|1|1|0|0|1|1|1|0|0|1|56.3293838|43.993236600000046|106
ven_ms_f683c7e658ad3244|nizhny-novgorod-mednye-truby-bar|Медные Трубы|CLUB_BAR_RESTAURANT|нижнии-новгород|Нижний Новгород|0|0|1|1|1|1|1|1|1|1|56.326102|43.983115|272
ven_ms_8055564737ca4a09|nizhny-novgorod-mitrich-restaurant|Ресторан «Mitrich»|CLUB_BAR_RESTAURANT|нижнии-новгород|Нижний Новгород|0|0|1|1|1|1|1|1|1|1|56.324541|44.020114|165
venue_6a0ac9b290e7dd8544ec3092|restoran-mukka-6a0ac9b290e7dd8544ec3092|Ресторан «Mukka»|CLUB_BAR_RESTAURANT|нижнии-новгород|Нижний Новгород|0|0|0|0|1|1|1|0|0|1|56.319153|44.0105192|0
ven_ms_3c83601784128202|nizhny-novgorod-red-wall-restaurant|Ресторан «Red Wall»|CLUB_BAR_RESTAURANT|нижнии-новгород|Нижний Новгород|0|0|1|1|1|1|1|1|1|1|56.330312|43.99845|195
venue_636b6b94dfbfc04ad0b90a4e|ресторан-рибс-636b6b94dfbfc04ad0b90a4e|Ресторан РИБС|CLUB_BAR_RESTAURANT|нижнии-новгород|Нижний Новгород|1|1|0|0|1|1|1|0|0|0|56.3166193|44.0188794|0
ven_ms_7523a7f905d11eb8|nizhny-novgorod-yale-restaurant|Ресторан современной русской кухни «Yale»|CLUB_BAR_RESTAURANT|нижнии-новгород|Нижний Новгород|0|0|1|1|1|1|1|1|1|1|56.326884|43.984534|207
venue_655ee8c3e0565283ae27fd10|ruki-vverh-bar-655ee8c3e0565283ae27fd10|Руки ВВерх! Бар|CLUB_BAR_RESTAURANT|нижнии-новгород|Нижний Новгород|1|1|0|1|1|1|1|0|0|1|56.3278501|43.9822759|0
ven_ms_08f53bfbc6b2285d|nizhny-novgorod-seledka-i-kofe|Селёдка и Кофе|CLUB_BAR_RESTAURANT|нижнии-новгород|Нижний Новгород|0|0|1|1|1|1|1|1|1|1|56.327572|43.987747|164
venue_66a2c3bca4ed8762ca8566c3|stendap-klub-66a2c3bca4ed8762ca8566c3|Стендап клуб|CLUB_BAR_RESTAURANT|нижнии-новгород|Нижний Новгород|1|1|0|1|1|1|1|0|0|1|56.3293838|43.9932366|6
ven_ms_afcc1bf4fe45404a|nizhny-novgorod-pyatkin-traktir|Трактир «Пяткинъ»|CLUB_BAR_RESTAURANT|нижнии-новгород|Нижний Новгород|0|0|1|1|1|1|1|1|1|1|56.329432|43.990112|182
ven_ms_cda1b632c23e2934|nizhny-novgorod-yula-pizza|Юла Pizza|CLUB_BAR_RESTAURANT|нижнии-новгород|Нижний Новгород|0|0|1|1|1|1|1|1|1|1|56.322998|44.004512|201
venue_6a2aed51ef0461d4615a1a04|gora-bar-6a2aed51ef0461d4615a1a04|«Гора» бар|CLUB_BAR_RESTAURANT|нижнии-тагил|Нижний Тагил|1|1|0|1|1|1|1|0|0|1|57.9067428|59.95596529999999|0
venue_626c16031c5bed7622067050|ресторан-огни-востока-626c16031c5bed7622067050|ресторан Огни Востока|CLUB_BAR_RESTAURANT|нижнии-тагил|Нижний Тагил|0|0|0|0|1|1|1|0|0|0|57.9111097|59.98884529999999|0
venue_69f8b68239ae51e5933fb533|bar-nashe-mesto-69f8b68239ae51e5933fb533|Бар "Наше место"|CLUB_BAR_RESTAURANT|новокузнецк|Новокузнецк|1|1|0|1|1|1|1|0|0|1|53.76350617495746|87.1392148733139|0
venue_68a064a5bcaadf6ca79e0829|karaoke-bar-sekretnoe-mesto-68a064a5bcaadf6ca79e0829|Караоке Бар "Секретное место"|CLUB_BAR_RESTAURANT|новокузнецк|Новокузнецк|1|1|0|1|1|1|1|0|0|1|53.7699382|87.1374611|0
venue_6954771144102a8d79348a29|пуриани-6954771144102a8d79348a29|Пуриани|CLUB_BAR_RESTAURANT|новокузнецк|Новокузнецк|0|0|0|0|1|1|1|0|0|0|53.75850445911195|87.1384874594301|31
venue_67cf03c47ce379b6beead154|rok-bar-bardak-67cf03c47ce379b6beead154|Рок-бар "БардаК"|CLUB_BAR_RESTAURANT|новокузнецк|Новокузнецк|1|1|0|1|1|1|1|0|0|1|53.755667|87.13606899999999|0
venue_6a3bfd771aa7c973ed28e874|karaoke-bar-barbara-6a3bfd771aa7c973ed28e874|Караоке-бар "Барбара"|CLUB_BAR_RESTAURANT|новороссииск|Новороссийск|0|0|0|1|1|1|1|0|0|1|44.69306906826399|37.78118848800659|52
venue_65364255c04caca59a159a58|standup-room-65364255c04caca59a159a58|standup room|CLUB_BAR_RESTAURANT|новосибирск|Новосибирск|1|1|0|0|1|1|1|0|0|0|55.03005779999999|82.91478920000002|61
venue_5e5e2e42795149b45c0023a7|бла-бла-бар-5e5e2e42795149b45c0023a7|Бла Бла Бар|CLUB_BAR_RESTAURANT|новосибирск|Новосибирск|1|1|1|0|1|1|1|0|0|0|55.029283|82.92628599999999|480
venue_67e7a67aa7e7cf04813e1372|klub-fasol-67e7a67aa7e7cf04813e1372|Клуб FASOLЬ|CLUB_BAR_RESTAURANT|новосибирск|Новосибирск|1|1|0|1|1|1|1|0|0|1|54.98807961592851|82.91464447975159|0
venue_67e7a67a9ced0b9277f162c0|klub-fasol-67e7a67a9ced0b9277f162c0|Клуб FASOLЬ|CLUB_BAR_RESTAURANT|новосибирск|Новосибирск|1|1|0|1|1|1|1|0|0|1|54.98807961592851|82.91464447975159|0
venue_5e4aab0353a70bb81db303cb|klub-uzdechka-5e4aab0353a70bb81db303cb|Клуб Уzдечка|CLUB_BAR_RESTAURANT|новосибирск|Новосибирск|1|1|0|1|1|1|1|0|0|1|55.040419|82.92536199999999|46
venue_5b766e99153f5c001e6d0007|maksimilians-5b766e99153f5c001e6d0007|Максимилианс|CLUB_BAR_RESTAURANT|новосибирск|Новосибирск|1|1|0|1|1|1|1|0|0|1|55.0492293|82.88240970000004|36
venue_652fbc7faf15e05d6251cade|нюра-бар-652fbc7faf15e05d6251cade|Нюра Бар|CLUB_BAR_RESTAURANT|новосибирск|Новосибирск|1|1|0|0|1|1|1|0|0|0|55.043974|82.91342499999999|0
venue_698dea168d74eda203420b18|ресторан-горыныч-698dea168d74eda203420b18|Ресторан Горыныч|CLUB_BAR_RESTAURANT|новосибирск|Новосибирск|0|0|0|0|1|1|1|0|0|0|55.0173838|82.94114479999999|0
venue_634ea4e2684f7300dd9d708c|ресторанныи-комплекс-gusi-634ea4e2684f7300dd9d708c|Ресторанный комплекс GUSI|CLUB_BAR_RESTAURANT|новосибирск|Новосибирск|0|0|0|0|1|1|1|0|0|0|54.8578215|83.11227439999999|0
venue_65e17f5ad7ee6930b8980ab7|rok-bar-dom-rm-65e17f5ad7ee6930b8980ab7|Рок бар ДОМ RM|CLUB_BAR_RESTAURANT|новосибирск|Новосибирск|1|1|0|1|1|1|1|0|0|1|55.0486251|82.92295330000002|0
venue_6417347e72bf5c6f42b06790|ruinpab-tipografiya-6417347e72bf5c6f42b06790|Руинпаб Типография|CLUB_BAR_RESTAURANT|новосибирск|Новосибирск|1|1|1|0|1|1|1|0|0|1|55.0225447|82.9230395|441
venue_63319042eeca85ff7329b371|ruki-vverh-bar-63319042eeca85ff7329b371|Руки ВВерх! Бар|CLUB_BAR_RESTAURANT|новосибирск|Новосибирск|1|1|0|1|1|1|1|0|0|1|55.0343253|82.91873079999999|0
venue_69e09ba78799c9a8bee075b5|rok-bar-moe-pokolenie-69e09ba78799c9a8bee075b5|Рок-бар "МОЁ ПОКОЛЕНИЕ"|CLUB_BAR_RESTAURANT|новочеркасск|Новочеркасск|0|0|0|1|1|1|1|0|0|1|47.4180812|40.1232737|0
venue_6aa419040f42a8c8a167566e|ресторан-точка-6aa419040f42a8c8a167566e|Ресторан «Точка»|CLUB_BAR_RESTAURANT|обнинск|Обнинск|1|1|0|0|1|1|1|0|0|0|55.1074604|36.5913611|0
venue_61a85efb372d5d97ec80c1ed|rok-bar-bah-61a85efb372d5d97ec80c1ed|Рок-бар «Бах»|CLUB_BAR_RESTAURANT|обнинск|Обнинск|1|1|0|1|1|1|1|0|0|1|55.096122|36.6155589|0
venue_6926cfe2582ca79226315d61|клуб-фишка-6926cfe2582ca79226315d61|Клуб [фишка]|CLUB_BAR_RESTAURANT|октябрьскии-республика-башкортостан|Октябрьский (Республика Башкортостан)|0|0|0|0|1|1|1|0|0|0|54.4923622|53.4734816|47
venue_68bdbe0321235acdf40609e2|rock-club-68bdbe0321235acdf40609e2|Rock Club|CLUB_BAR_RESTAURANT|омск|Омск|1|1|0|1|1|1|1|0|0|1|54.9829174|73.3961908|0
venue_6694e45914c3935bacd46f1e|бар-андер-6694e45914c3935bacd46f1e|Бар Андер|CLUB_BAR_RESTAURANT|омск|Омск|1|1|0|0|1|1|1|0|0|0|54.966179|73.384145|0
venue_69d9f34f1251d078bcbb2d22|гости-бар-69d9f34f1251d078bcbb2d22|ГОСТИ.БАР|CLUB_BAR_RESTAURANT|омск|Омск|1|1|0|0|1|1|1|0|0|0|54.98433065860785|73.3745151758194|0
venue_68b5e5269b0fe3191aa6a62b|гастробар-библиотека-68b5e5269b0fe3191aa6a62b|Гастробар "Библиотека"|CLUB_BAR_RESTAURANT|омск|Омск|1|1|0|0|1|1|1|0|0|0|54.96814819999999|73.3828073|0
venue_56aba38b9cb53824f8bf58db|klub-angar-56aba38b9cb53824f8bf58db|Клуб "Ангар"|CLUB_BAR_RESTAURANT|омск|Омск|1|1|0|1|1|1|1|0|0|1|54.998269|73.347669|0
venue_5a11abfb515e35001907092a|malibu-restoran-klub-5a11abfb515e35001907092a|Малибу, ресторан-клуб|CLUB_BAR_RESTAURANT|омск|Омск|1|1|0|1|1|1|1|0|0|1|54.99496|73.36572799999999|0
venue_6a5a084c380e798f56089b66|стендап-клуб-6a5a084c380e798f56089b66|Стендап клуб|CLUB_BAR_RESTAURANT|омск|Омск|1|1|0|0|1|1|1|0|0|0|54.9972463|73.3652377|0
venue_5d31909a6534e21caecc9dcf|bar-viking-5d31909a6534e21caecc9dcf|бар «Викинг»|CLUB_BAR_RESTAURANT|омск|Омск|1|1|0|1|1|1|1|0|0|1|54.9668497|73.38294399999995|0
venue_6a58da92ca1ccff2f8c96557|бар-караоке-богема-6a58da92ca1ccff2f8c96557|Бар - караоке Богема|CLUB_BAR_RESTAURANT|оренбург|Оренбург|0|0|0|0|1|1|1|0|0|0|51.8316461|55.15419550000001|24
venue_65d6f2af2d144b055737aa8c|на-борту-лаинера-65d6f2af2d144b055737aa8c|На Борту Лайнера|CLUB_BAR_RESTAURANT|оренбург|Оренбург|1|1|0|0|1|1|1|0|0|0|51.817432|55.1735323|37
venue_66fc85ea78436c97f1d95005|бар-rock-star-66fc85ea78436c97f1d95005|Бар Rock-Star|CLUB_BAR_RESTAURANT|орел|Орёл|1|1|0|0|1|1|1|0|0|0|52.9778569|36.1007136|0
venue_60f5892218439dbbb3d7ce54|караоке-бар-rock-star-60f5892218439dbbb3d7ce54|Караоке-Бар "Rock-Star"|CLUB_BAR_RESTAURANT|орел|Орёл|1|1|0|0|1|1|1|0|0|0|52.97801104950415|36.100617036250384|0
venue_5e0f4e23fbb228358ab1417b|klub-gerc-5e0f4e23fbb228358ab1417b|Клуб "Герц"|CLUB_BAR_RESTAURANT|орел|Орёл|1|1|0|1|1|1|1|0|0|1|52.9747409|36.08256410000001|0
venue_6320d85b26969d4f3cbdb97c|rock-cafe-131-2-6320d85b26969d4f3cbdb97c|Rock cafe 13½|CLUB_BAR_RESTAURANT|пенза|Пенза|1|1|0|1|1|1|1|0|0|1|53.2009311|45.0220418|0
venue_65422be9eafbb2dd36c46b79|bar-montana-65422be9eafbb2dd36c46b79|Бар "Montana"|CLUB_BAR_RESTAURANT|пенза|Пенза|1|1|0|1|1|1|1|0|0|1|53.22158599999999|44.934257|0
venue_66e6fe87c8d6799148b523dd|ресторан-холл-frau-gross-66e6fe87c8d6799148b523dd|Ресторан-холл "Frau Gross"|CLUB_BAR_RESTAURANT|пенза|Пенза|1|1|0|0|1|1|1|0|0|0|53.22116339999999|44.8882942|0
venue_6277eaa6fa6bbf619711486c|рок-кафе-131-2-6277eaa6fa6bbf619711486c|Рок Кафе 13½|CLUB_BAR_RESTAURANT|пенза|Пенза|1|1|0|0|1|1|1|0|0|0|53.2036602|45.0221117|0
venue_66398a854da58a6fcbc8a083|vmyaso-66398a854da58a6fcbc8a083|"Вмясо"|CLUB_BAR_RESTAURANT|пермь|Пермь|0|0|0|1|1|1|1|0|0|1|58.01274100000001|56.244411|0
venue_63c82da02d4134947b1ac60b|musiclub-63c82da02d4134947b1ac60b|Musiclub|CLUB_BAR_RESTAURANT|пермь|Пермь|1|1|0|0|1|1|1|0|0|0|57.9988123|56.2435468|0
venue_67cf116765b74a1f2a475700|е-бар-67cf116765b74a1f2a475700|Ё-бар|CLUB_BAR_RESTAURANT|пермь|Пермь|1|1|0|0|1|1|1|0|0|0|58.0146179|56.2802593|0
venue_5f70aa378edc0334e1033869|е-бар-5f70aa378edc0334e1033869|Ё-бар|CLUB_BAR_RESTAURANT|пермь|Пермь|1|1|0|0|1|1|1|0|0|0|58.014655828749255|56.28031424370849|0
venue_676f8f8888daf97948e2f30a|bar-25-17-676f8f8888daf97948e2f30a|Бар 25/17|CLUB_BAR_RESTAURANT|пермь|Пермь|1|1|0|1|1|1|1|0|0|1|58.0125523|56.25061609999999|0
venue_681b3465b470cf79514615b2|partizan-681b3465b470cf79514615b2|Партизан|CLUB_BAR_RESTAURANT|пермь|Пермь|0|0|0|1|1|1|1|0|0|1|58.00561|56.2448|0
venue_6a5396a1b14160097783fc42|пермскии-стендап-клуб-6a5396a1b14160097783fc42|Пермский Стендап Клуб|CLUB_BAR_RESTAURANT|пермь|Пермь|1|1|0|0|1|1|1|0|0|0|58.06116670570025|56.60377060278198|0
venue_6a905bb5759d874c5cc91046|пермскии-стендап-клуб-6a905bb5759d874c5cc91046|Пермский стендап-клуб|CLUB_BAR_RESTAURANT|пермь|Пермь|1|1|0|0|1|1|1|0|0|0|58.061142|56.603829|0
venue_5c7d0808a5c32c000b8cac6c|restoran-kama-5c7d0808a5c32c000b8cac6c|Ресторан Кама|CLUB_BAR_RESTAURANT|пермь|Пермь|1|1|0|1|1|1|1|0|0|1|58.01152489999999|56.24813889999996|0
venue_66e0065ca997b9f20c8e9ef5|руки-вверх-бар-66e0065ca997b9f20c8e9ef5|Руки Вверх Бар|CLUB_BAR_RESTAURANT|пермь|Пермь|1|1|0|0|1|1|1|0|0|0|58.01075239999999|56.2494866|0
venue_6ab57e258051e5b1cad47dd3|арт-кафе-культура-6ab57e258051e5b1cad47dd3|Арт-кафе "Культура"|CLUB_BAR_RESTAURANT|петрозаводск|Петрозаводск|1|1|0|0|1|1|1|0|0|0|61.788645|34.3691131|0
venue_6a9800f9fa49208e0a7f58d8|рок-клуб-качума-6a9800f9fa49208e0a7f58d8|Рок-Клуб КАЧУМА|CLUB_BAR_RESTAURANT|петрозаводск|Петрозаводск|1|1|0|0|1|1|1|0|0|0|61.81529401774835|34.299331027658404|0
venue_65b22f064068652dd0585f7f|бар-33-45-65b22f064068652dd0585f7f|Бар 33/45|CLUB_BAR_RESTAURANT|петропавловск-камчатскии|Петропавловск-Камчатский|1|1|0|0|1|1|1|0|0|0|53.0291046|158.6393173|0
venue_5de7e70c0f49f1eff57ecf2e|12-atm-klub-restoran|12 АТМ клуб-ресторан|CLUB_BAR_RESTAURANT|подольск|Подольск|1|1|0|1|1|1|1|0|0|1|55.4364072|37.561445700000036|0
venue_5e496328714688fc6ade928e|ресторан-клуб-12-атм-5e496328714688fc6ade928e|Ресторан-клуб "12 АТМ"|CLUB_BAR_RESTAURANT|подольск|Подольск|0|0|1|0|1|1|1|0|0|0|55.4364072|37.5614457|188
venue_5c41dd8c9b03e8000b8bccd8|t-i-r-club-5c41dd8c9b03e8000b8bccd8|T.I.R.club|CLUB_BAR_RESTAURANT|псков|Псков|1|1|0|0|1|1|1|0|0|0|57.816057|28.346550999999977|0
venue_66e6fb3d6a89c41d85b657ae|бар-нора-66e6fb3d6a89c41d85b657ae|Бар "Нора"|CLUB_BAR_RESTAURANT|псков|Псков|1|1|0|0|1|1|1|0|0|0|57.79727199999999|28.3813629|0
venue_6244a4f4250b6694cf64e526|bar-nora-6244a4f4250b6694cf64e526|бар Нора|CLUB_BAR_RESTAURANT|псков|Псков|1|1|0|1|1|1|1|0|0|1|57.79727199999999|28.3813629|0
venue_6787cb98e2499952cb12dc15|biker-s-bar-the-underground|Biker's Bar The Underground|CLUB_BAR_RESTAURANT|пятигорск|Пятигорск|0|0|1|1|1|1|1|0|0|1|44.0583379|42.9626403|315
venue_6052322e89d864b051f5034a|esse-jazz-club-6052322e89d864b051f5034a|Esse Jazz Club|CLUB_BAR_RESTAURANT|ростов-на-дону|Ростов-на-Дону|0|0|0|0|1|1|1|0|0|0|47.2275486|39.7118983|0
venue_61c9d4d4c308674d1dbc39a9|pod3emka-club-61c9d4d4c308674d1dbc39a9|Pod3emka Club|CLUB_BAR_RESTAURANT|ростов-на-дону|Ростов-на-Дону|0|0|0|1|1|1|1|0|0|1|47.2497786|39.76334689999999|0
venue_5804e7849cb538780c12249b|klub-med-5804e7849cb538780c12249b|Клуб "МЁД"|CLUB_BAR_RESTAURANT|ростов-на-дону|Ростов-на-Дону|1|1|0|1|1|1|1|0|0|1|47.23349|39.73574199999996|0
venue_5c8fea4a9e8a72016a888b8b|klub-podzemka-5c8fea4a9e8a72016a888b8b|Клуб «Подземка»|CLUB_BAR_RESTAURANT|ростов-на-дону|Ростов-на-Дону|1|1|0|1|1|1|1|0|0|1|47.249771|39.763439999999946|0
venue_694bf4d9073f37b53c4db88f|restoran-dve-rulki-694bf4d9073f37b53c4db88f|Ресторан Две Рульки|CLUB_BAR_RESTAURANT|ростов-на-дону|Ростов-на-Дону|1|1|0|1|1|1|1|0|0|1|47.2925186|39.7131413|0
venue_69c18ecb899abb8e2f3d1236|арт-клуб-перекресток-69c18ecb899abb8e2f3d1236|Арт-клуб Перекрёсток|CLUB_BAR_RESTAURANT|рыбинск|Рыбинск|1|1|0|0|1|1|1|0|0|0|58.0428672|38.8368996|0
venue_67ece17db3a5333a583f1543|4912-67ece17db3a5333a583f1543|4912|CLUB_BAR_RESTAURANT|рязань|Рязань|1|1|0|0|1|1|1|0|0|0|54.6326189|39.7462033|0
venue_64ff04be0484c768b118509b|art-club-ploschadka-64ff04be0484c768b118509b|Art Club Площадка|CLUB_BAR_RESTAURANT|рязань|Рязань|1|1|0|1|1|1|1|0|0|1|54.6322473|39.702741|0
venue_63f5d16f528d9f6b60099150|art-club-ploschadka-63f5d16f528d9f6b60099150|Art club Площадка|CLUB_BAR_RESTAURANT|рязань|Рязань|1|1|0|1|1|1|1|0|0|1|54.6322473|39.702741|0
venue_63dbc30654ecb40daf8f2c1c|art-klub-ploschadka-63dbc30654ecb40daf8f2c1c|Арт-клуб Площадка|CLUB_BAR_RESTAURANT|рязань|Рязань|1|1|0|1|1|1|1|0|0|1|54.6322473|39.702741|0
venue_69bac987827a45bb11fdbb4b|klub-komedii-89-69bac987827a45bb11fdbb4b|Клуб Комедии 89|CLUB_BAR_RESTAURANT|рязань|Рязань|1|1|0|1|1|1|1|0|0|1|54.6215634|39.7488223|0
venue_6a5a02448ce6117c8edfd3c5|ресторан-галеон-6a5a02448ce6117c8edfd3c5|Ресторан Галеон|CLUB_BAR_RESTAURANT|рязань|Рязань|1|1|0|0|1|1|1|0|0|0|54.6100583|39.7147314|0
venue_6a8019d63a2dd60b10ecee0c|цирк-шапито-феникс-6a8019d63a2dd60b10ecee0c|Цирк шапито "Феникс"|CLUB_BAR_RESTAURANT|рязань|Рязань|0|0|0|0|1|1|1|0|0|0|54.63195649999999|39.6982725|0
venue_5ffedf8d7be3f3dd83ae6f45|kowalski-club-5ffedf8d7be3f3dd83ae6f45|Kowalski Club|CLUB_BAR_RESTAURANT|самара|Самара|1|1|0|0|1|1|1|0|0|0|53.1873829|50.09055499999999|0
venue_62f69c70736bc860d71fe3b4|no-name-bar-62f69c70736bc860d71fe3b4|NO NAME BAR|CLUB_BAR_RESTAURANT|самара|Самара|1|1|0|1|1|1|1|0|0|1|53.196678|50.115469|0
venue_5bf2d21c42b450000ca488ac|бар-вечно-молодои-5bf2d21c42b450000ca488ac|БАР ВЕЧНО МОЛОДОЙ|CLUB_BAR_RESTAURANT|самара|Самара|0|0|0|0|1|1|1|0|0|0|53.184666|50.101656100000014|0
venue_69eb201f49fc49804ca40a9c|бар-в-гостях-у-любочки-69eb201f49fc49804ca40a9c|Бар "В гостях у Любочки"|CLUB_BAR_RESTAURANT|самара|Самара|1|1|0|0|1|1|1|0|0|0|53.21348709999999|50.1880021|0
venue_69df5248e9e36fb16c55ac75|бар-тулум-69df5248e9e36fb16c55ac75|Бар "Тулум"|CLUB_BAR_RESTAURANT|самара|Самара|1|1|0|0|1|1|1|0|0|0|53.1846389|50.10161129999999|0
venue_69d7e4baaff5c279beeba341|bar-bez-nazvaniya-69d7e4baaff5c279beeba341|Бар Без Названия|CLUB_BAR_RESTAURANT|самара|Самара|1|1|0|1|1|1|1|0|0|1|53.1965295|50.11539029999999|0
venue_63750493585e52709047f5cc|bar-kuibyshev-63750493585e52709047f5cc|Бар Куйбышев|CLUB_BAR_RESTAURANT|самара|Самара|1|1|0|1|1|1|1|0|0|1|53.1941692|50.0929578|0
venue_69ea0098ffc0fc1486d4c9ec|бар-ресторан-доски-69ea0098ffc0fc1486d4c9ec|Бар-ресторан "ДОСКИ"|CLUB_BAR_RESTAURANT|самара|Самара|0|0|0|0|1|1|1|0|0|0|53.2034975|50.1473966|0
venue_62bcaf885d38eb32c7c17526|белуга-на-волге-62bcaf885d38eb32c7c17526|Белуга на Волге|CLUB_BAR_RESTAURANT|самара|Самара|0|0|0|0|1|1|1|0|0|0|53.2023053550737|50.09733438491821|40
venue_5a97d14d515e35001b2ae66d|джазовая-студия-движение-5a97d14d515e35001b2ae66d|Джазовая студия Движение|CLUB_BAR_RESTAURANT|самара|Самара|1|1|0|0|1|1|1|0|0|0|53.215169|50.24600910000004|0
venue_6a9a950819361363381acb79|зомби-бар-6a9a950819361363381acb79|Зомби бар|CLUB_BAR_RESTAURANT|самара|Самара|0|0|0|0|1|1|1|0|0|0|53.19024049999999|50.10328519999999|0
venue_668d4ba9957827f2137198d7|kutezh-intelligentnyi-bar-668d4ba9957827f2137198d7|Кутёж - интеллигентный бар|CLUB_BAR_RESTAURANT|самара|Самара|0|0|0|1|1|1|1|0|0|1|53.18764535472789|50.08866341896652|0
venue_67ee9514c7dd067520eb58f5|кутеж-бар-летнии-двор-67ee9514c7dd067520eb58f5|Кутёж бар - летний двор|CLUB_BAR_RESTAURANT|самара|Самара|0|0|0|0|1|1|1|0|0|0|53.1875519|50.088696|0
venue_61bf009e826c0f89308b1c14|resto-bar-ryumochka-61bf009e826c0f89308b1c14|Ресто-бар "Рюмочка"|CLUB_BAR_RESTAURANT|самара|Самара|0|0|0|1|1|1|1|0|0|1|53.18746900000001|50.090185|0
venue_5e1f6222678367a150fe0d89|ресторан-перчини-5e1f6222678367a150fe0d89|Ресторан "Перчини"|CLUB_BAR_RESTAURANT|самара|Самара|1|1|0|0|1|1|1|0|0|0|53.2062587|50.1097276|0
venue_69ea0e5b039dba3f64dcbb66|ресторан-перчини-на-ново-вокзальнои-69ea0e5b039dba3f64dcbb66|Ресторан "Перчини" на Ново-Вокзальной|CLUB_BAR_RESTAURANT|самара|Самара|1|1|0|0|1|1|1|0|0|0|53.24416170000001|50.2104943|0
venue_6a8f4889e2a0d1e8e741cc5b|руки-вверх-бар-6a8f4889e2a0d1e8e741cc5b|Руки ВВерх! Бар|CLUB_BAR_RESTAURANT|самара|Самара|1|1|0|0|1|1|1|0|0|0|53.2036977|50.1062788|0
venue_6424536c34d6394cf73d8a45|руки-вверх-бар-6424536c34d6394cf73d8a45|Руки Вверх Бар!|CLUB_BAR_RESTAURANT|самара|Самара|1|1|0|0|1|1|1|0|0|0|53.20368269999999|50.1062478|0
venue_6a8a0894ae2cc522b5c26e9b|русскии-ресторан-6a8a0894ae2cc522b5c26e9b|Русский ресторан|CLUB_BAR_RESTAURANT|самара|Самара|0|0|0|0|1|1|1|0|0|0|53.2224485|50.1914459|0
venue_63f0404ba5f7d83ec6ae736a|sinii-pushkin-bar-shnurova|"Синий Пушкин" бар Шнурова|CLUB_BAR_RESTAURANT|санкт-петербург|Санкт-Петербург|1|1|0|1|1|1|1|0|0|1|59.93587639999999|30.3498874|0
venue_5949a546515e3500159013f6|action-club-ex-backstage-5949a546515e3500159013f6|Action Club (ex. Backstage)|CLUB_BAR_RESTAURANT|санкт-петербург|Санкт-Петербург|1|1|0|0|1|1|1|0|0|0|59.91917265962981|30.352607779204845|0
venue_651add1494d93df66a01813b|action-club|Action club|CLUB_BAR_RESTAURANT|санкт-петербург|Санкт-Петербург|1|1|0|1|1|1|1|0|0|1|59.919353142159366|30.35258263349533|0
venue_62dfa7a1188b79eab48cddef|arthall-62dfa7a1188b79eab48cddef|ArtHall|CLUB_BAR_RESTAURANT|санкт-петербург|Санкт-Петербург|1|1|1|0|1|1|1|0|0|0|59.95813428354331|30.309506803692692|213
venue_62e8ee3a488a24273d782a4c|arthall-62e8ee3a488a24273d782a4c|ArtHall|CLUB_BAR_RESTAURANT|санкт-петербург|Санкт-Петербург|0|0|0|1|1|1|1|0|0|1|59.95814450790351|30.309466123580933|28
venue_67cf035851d4d6f8e12139c2|be-italian-67cf035851d4d6f8e12139c2|Be Italian|CLUB_BAR_RESTAURANT|санкт-петербург|Санкт-Петербург|1|1|0|0|1|1|1|0|0|0|59.94915260000001|30.3030698|0
venue_5c9a6683ed5068000c1f45ce|fish-fabrique-5c9a6683ed5068000c1f45ce|FISH FABRIQUE|CLUB_BAR_RESTAURANT|санкт-петербург|Санкт-Петербург|1|1|1|0|1|1|1|0|0|0|59.9292513|30.359287799999947|155
venue_66745759ad75e08719193221|fish-fabrique-nouvelle-66745759ad75e08719193221|Fish Fabrique Nouvelle|CLUB_BAR_RESTAURANT|санкт-петербург|Санкт-Петербург|1|1|1|0|1|1|1|0|0|0|59.9291274|30.3591623|123
venue_63d245c0cf850e128fd98aeb|ibiza-63d245c0cf850e128fd98aeb|Ibiza|CLUB_BAR_RESTAURANT|санкт-петербург|Санкт-Петербург|1|1|0|1|1|1|1|0|0|1|59.9353528|30.3359891|11
venue_68bc201c0474e7c4c2cf3d4a|jfc-jazz-club-68bc201c0474e7c4c2cf3d4a|JFC Jazz CLub|CLUB_BAR_RESTAURANT|санкт-петербург|Санкт-Петербург|1|1|1|0|1|1|1|0|0|0|59.94868589999999|30.3560513|419
venue_5b2c774dd35286001daa6bdf|jagger-club-5b2c774dd35286001daa6bdf|Jagger Club|CLUB_BAR_RESTAURANT|санкт-петербург|Санкт-Петербург|1|1|0|1|1|1|1|0|0|1|59.85332929999999|30.30357589999994|0
venue_6a4e929f2ceece53f327f7c9|plyaski-bar-6a4e929f2ceece53f327f7c9|PLЯSKИ бар|CLUB_BAR_RESTAURANT|санкт-петербург|Санкт-Петербург|1|1|1|0|1|1|1|0|0|1|59.93811996699026|30.370677668806707|293
venue_67e97b832be82da5daba7160|project-67e97b832be82da5daba7160|PROJECT|CLUB_BAR_RESTAURANT|санкт-петербург|Санкт-Петербург|1|1|0|1|1|1|1|0|0|1|59.9354837|30.3361752|0
venue_68166ae8257b2d99e2313347|palma-68166ae8257b2d99e2313347|Palma|CLUB_BAR_RESTAURANT|санкт-петербург|Санкт-Петербург|1|1|1|1|1|1|1|0|0|1|59.88510573945926|30.368347316980362|259
venue_68e409fea058787f4dc9c5ba|sound-club-68e409fea058787f4dc9c5ba|SOUND CLUB|CLUB_BAR_RESTAURANT|санкт-петербург|Санкт-Петербург|1|1|0|0|1|1|1|0|0|0|59.924247|30.2423953|0
venue_68f6170c8beec92c673dc992|sound-club-68f6170c8beec92c673dc992|Sound Club|CLUB_BAR_RESTAURANT|санкт-петербург|Санкт-Петербург|1|1|0|0|1|1|1|0|0|0|59.924247|30.2423953|14
venue_670feefad4ced7a4e82991a8|stage-standup-club-krasnyi-zal-670feefad4ced7a4e82991a8|Stage StandUp Club Красный зал|CLUB_BAR_RESTAURANT|санкт-петербург|Санкт-Петербург|1|1|0|1|1|1|1|0|0|1|59.93827852815301|30.358572006225586|81
venue_5c8cc1949e8a72016b04200c|stage-standup-club-osnovnoi-zal-5c8cc1949e8a72016b04200c|Stage StandUp Club Основной зал|CLUB_BAR_RESTAURANT|санкт-петербург|Санкт-Петербург|1|1|0|1|1|1|1|0|0|1|59.9391529|30.360277999999994|38
venue_5d72d3cbcccd321d1725438b|stage-standup-club-chernyi-zal-5d72d3cbcccd321d1725438b|Stage StandUp Club Черный зал |CLUB_BAR_RESTAURANT|санкт-петербург|Санкт-Петербург|1|1|0|1|1|1|1|0|0|1|59.93840957230688|30.35892132588765|0
venue_6033d5062d26b0e811c9b88f|temple-of-deer-6033d5062d26b0e811c9b88f|TEMPLE OF DEER|CLUB_BAR_RESTAURANT|санкт-петербург|Санкт-Петербург|0|0|1|1|1|1|1|0|0|1|59.954988775206324|30.37196159362793|246
venue_6009c4462b7ecc1335ac7299|unity-sennaya-6009c4462b7ecc1335ac7299|Unity_Sennaya|CLUB_BAR_RESTAURANT|санкт-петербург|Санкт-Петербург|1|1|1|1|1|1|1|0|0|1|59.93144650000001|30.3131734|665
venue_68b365a471e231d96ddc5452|арт-клуб-книги-и-кофе-68b365a471e231d96ddc5452|Арт-клуб «Книги и кофе»|CLUB_BAR_RESTAURANT|санкт-петербург|Санкт-Петербург|1|1|0|0|1|1|1|0|0|0|59.94465269999999|30.3431316|0
venue_68e506fc0944bd606692c2f2|bar-medved-68e506fc0944bd606692c2f2|Бар "Медведь"|CLUB_BAR_RESTAURANT|санкт-петербург|Санкт-Петербург|1|1|0|1|1|1|1|0|0|1|59.9373899|30.3223928|0
venue_6526558b40fd5b7b06d6b34e|bar-sumbur|Бар SUMBUR|CLUB_BAR_RESTAURANT|санкт-петербург|Санкт-Петербург|1|1|1|1|1|1|1|0|0|1|59.94325219999999|30.3418153|248
venue_696e2cc1d4fef5f8f3f383d5|бар-глиттер-696e2cc1d4fef5f8f3f383d5|Бар «Глиттер»|CLUB_BAR_RESTAURANT|санкт-петербург|Санкт-Петербург|1|1|1|0|1|1|1|0|0|0|59.922953|30.348849|284
ven_ms_3da39db5862febda|saint-petersburg-bar-evgenich|Бар «Евгенич»|CLUB_BAR_RESTAURANT|санкт-петербург|Санкт-Петербург|0|0|0|1|1|0|1|0|0|1|59.931811|30.342112|13
venue_66b24ca0e9e754809f716d17|bar-peterburgchiki-66b24ca0e9e754809f716d17|Бар «ПетербургЧИКИ»|CLUB_BAR_RESTAURANT|санкт-петербург|Санкт-Петербург|1|1|0|1|1|1|1|0|0|1|59.92366346673993|30.348758880809648|0
venue_660529c16ac09421ebf90c55|бар-сегодня-вечером-660529c16ac09421ebf90c55|Бар «Сегодня вечером»|CLUB_BAR_RESTAURANT|санкт-петербург|Санкт-Петербург|0|0|0|0|1|1|1|0|0|0|60.0280373|30.3320795|0
ven_ms_6c79ce7c49b0ecbb|saint-petersburg-bar-siniy-pushkin-shnurov|Бар «Синий Пушкин» (Шнуров)|CLUB_BAR_RESTAURANT|санкт-петербург|Санкт-Петербург|0|0|0|1|1|0|1|0|0|1|59.936511|30.351214|27
venue_65fc22f37855df92cd888a55|bar-konservator-65fc22f37855df92cd888a55|Бар Консерватор|CLUB_BAR_RESTAURANT|санкт-петербург|Санкт-Петербург|0|0|0|1|1|1|1|0|0|1|59.9245512|30.31024339999999|0
venue_6752117ab53547fbb80b8d98|бар-птичья-личность-6752117ab53547fbb80b8d98|Бар Птичья Личность|CLUB_BAR_RESTAURANT|санкт-петербург|Санкт-Петербург|0|0|0|0|1|1|1|0|0|0|59.92886179999999|30.3441675|0
venue_640ad3b52c32b9ec7abc0025|bar-spletni-640ad3b52c32b9ec7abc0025|Бар Сплетни|CLUB_BAR_RESTAURANT|санкт-петербург|Санкт-Петербург|1|1|0|1|1|1|1|0|0|1|59.94080129999999|30.3252957|0
venue_647f69ae935ea2f5ff32f550|бар-клуб-мкв-музыка-кофе-и-вина-647f69ae935ea2f5ff32f550|Бар клуб «МКВ» (Музыка кофе и вина)|CLUB_BAR_RESTAURANT|санкт-петербург|Санкт-Петербург|0|0|0|0|1|1|1|0|0|0|59.9342883|30.3390522|0
venue_5e060e43194d42086913e0d0|гаражсараи-5e060e43194d42086913e0d0|ГаражСарай|CLUB_BAR_RESTAURANT|санкт-петербург|Санкт-Петербург|1|1|0|0|1|1|1|0|0|0|59.946855899245776|30.26785289648342|34
venue_5e31c52d14158e70979005e8|гауптвахта-на-сеннои-5e31c52d14158e70979005e8|Гауптвахта на Сенной|CLUB_BAR_RESTAURANT|санкт-петербург|Санкт-Петербург|0|0|1|0|1|1|1|0|0|0|59.92606300000001|30.3197771|242
venue_60ad083cdc935ef30aaa67d6|gorodskoi-prichal-universitetskaya-nab-13-60ad083cdc935ef30aaa67d6|Городской причал "Университетская наб. 13"|CLUB_BAR_RESTAURANT|санкт-петербург|Санкт-Петербург|1|1|1|1|1|1|1|0|0|1|59.93929745040185|30.29834949631882|226
venue_6a884d78c2d35f22ea670f6c|двор-No9-6a884d78c2d35f22ea670f6c|Двор №9|CLUB_BAR_RESTAURANT|санкт-петербург|Санкт-Петербург|1|1|1|0|1|1|1|0|0|0|59.93558700000001|30.3207053|183
venue_66b3573c2db974aba923ad44|dzhaz-klub-igorya-butmana-66b3573c2db974aba923ad44|Джаз-клуб Игоря Бутмана|CLUB_BAR_RESTAURANT|санкт-петербург|Санкт-Петербург|1|1|0|1|1|1|1|0|0|1|59.9393867|30.3273058|0
venue_6a108a01082f79161f0ad824|императорскии-морскои-яхт-клуб-санкт-петербурга-6a108a01082f79161f0ad824|Императорский Морской яхт-клуб Санкт-Петербурга|CLUB_BAR_RESTAURANT|санкт-петербург|Санкт-Петербург|0|0|0|0|1|1|1|0|0|0|59.97653309193125|30.242314338684082|0
venue_595eba63515e350015dff9ef|kafedralnyi-sobor-sv-petra-i-pavla-petrikirhe-595eba63515e350015dff9ef|Кафедральный собор св. Петра и Павла (Петрикирхе)|CLUB_BAR_RESTAURANT|санкт-петербург|Санкт-Петербург|1|1|0|1|1|1|1|0|0|1|59.93589549999999|30.32421279999994|0
venue_658767bd0120ba10c650c36d|клуб-cult-658767bd0120ba10c650c36d|Клуб "Cult"|CLUB_BAR_RESTAURANT|санкт-петербург|Санкт-Петербург|1|1|1|0|1|1|1|0|0|0|59.930418|30.3599759|132
venue_63c112cd333ddda8b5d08a1f|клуб-аврора-63c112cd333ddda8b5d08a1f|Клуб "Аврора"|CLUB_BAR_RESTAURANT|санкт-петербург|Санкт-Петербург|1|1|0|0|1|1|1|0|0|0|59.95618708166768|30.342747226921603|0
venue_583ebddbd35286001504f465|klub-kosmonavt-583ebddbd35286001504f465|Клуб "Космонавт"|CLUB_BAR_RESTAURANT|санкт-петербург|Санкт-Петербург|1|1|0|1|1|1|1|0|0|1|59.913996|30.32379500000002|0
venue_68dc07030407af1653876c7b|клуб-ритмы-68dc07030407af1653876c7b|Клуб «Ритмы»|CLUB_BAR_RESTAURANT|санкт-петербург|Санкт-Петербург|1|1|0|0|1|1|1|0|0|0|59.9237202|30.2444788|0
venue_570fd0ce9cb5387a6e12bfa5|klub-route-148-570fd0ce9cb5387a6e12bfa5|Клуб «Роут 148»|CLUB_BAR_RESTAURANT|санкт-петербург|Санкт-Петербург|0|0|1|1|1|1|1|0|0|1|59.89464100000001|30.328704000000016|255
venue_69e108a0ca607ce900489954|klub-a2-69e108a0ca607ce900489954|Клуб А2|CLUB_BAR_RESTAURANT|санкт-петербург|Санкт-Петербург|1|1|0|1|1|1|1|0|0|1|59.96930039999999|30.3155316|0
venue_62d65bb25e66b48e387e68b6|klub-saund-62d65bb25e66b48e387e68b6|Клуб Саунд|CLUB_BAR_RESTAURANT|санкт-петербург|Санкт-Петербург|1|1|0|1|1|1|1|0|0|1|59.924247|30.2423953|0
venue_6009d4be32bdbb849fe65d8a|кофе-и-книги-6009d4be32bdbb849fe65d8a|Кофе и Книги|CLUB_BAR_RESTAURANT|санкт-петербург|Санкт-Петербург|1|1|0|0|1|1|1|0|0|0|59.94463679999999|30.3431354|28
venue_6628e2ad0fbaf66fa7006d6f|крыша-ласточки-6628e2ad0fbaf66fa7006d6f|Крыша Ласточки|CLUB_BAR_RESTAURANT|санкт-петербург|Санкт-Петербург|0|0|0|0|1|1|1|0|0|0|59.92014026305747|30.363292694091797|22
venue_5cf06898b4611d000d217e71|лютеранская-церковь-св-екатерины-5cf06898b4611d000d217e71|Лютеранская церковь Св. Екатерины|CLUB_BAR_RESTAURANT|санкт-петербург|Санкт-Петербург|0|0|0|0|1|1|1|0|0|0|59.94166124542614|30.28951790476458|0
venue_60fa8c575a70a49bb601859e|maltiiskaya-kapella-voroncovskogo-dvorca-60fa8c575a70a49bb601859e|Мальтийская Капелла Воронцовского дворца|CLUB_BAR_RESTAURANT|санкт-петербург|Санкт-Петербург|1|1|1|1|1|1|1|0|0|1|59.9325212|30.3321185|1592
venue_69bb17741502cbbf041b0ae5|место-встречи-на-экскурсию-по-рубинштеина-у-входа-в-ресторан-frank-69bb17741502cbbf041b0ae5|Место встречи на экскурсию по Рубинштейна (у входа в ресторан Frank)|CLUB_BAR_RESTAURANT|санкт-петербург|Санкт-Петербург|0|0|0|0|1|1|1|0|0|0|59.92886179999999|30.3441675|47
venue_6aa92eb4f5760c508f84c2aa|наш-бар-6aa92eb4f5760c508f84c2aa|Наш Бар|CLUB_BAR_RESTAURANT|санкт-петербург|Санкт-Петербург|1|1|0|0|1|1|1|0|0|0|59.936834|30.363978|0
venue_619e31cd8ccc41e7806bb17e|особняк-пальма-619e31cd8ccc41e7806bb17e|Особняк Пальма|CLUB_BAR_RESTAURANT|санкт-петербург|Санкт-Петербург|1|1|0|0|1|1|1|0|0|0|59.92834809999999|30.3003881|0
venue_693ae0a3bf32c29a56724c48|otel-ambassador-restoran-nad-oblakami-693ae0a3bf32c29a56724c48|Отель Амбассадор Ресторан Над облаками|CLUB_BAR_RESTAURANT|санкт-петербург|Санкт-Петербург|0|0|0|1|1|1|1|0|0|1|59.9245512|30.31024339999999|0
venue_6a56c2e92e6d2a0e38a95502|панорамныи-итальянскии-ресторан-luce-6a56c2e92e6d2a0e38a95502|Панорамный итальянский ресторан "Luce"|CLUB_BAR_RESTAURANT|санкт-петербург|Санкт-Петербург|0|0|1|0|1|1|1|0|0|0|59.936260028806444|30.3340472058115|691
venue_69f0363a768ff1d22791d9fa|prosto-bar-69f0363a768ff1d22791d9fa|Просто бар|CLUB_BAR_RESTAURANT|санкт-петербург|Санкт-Петербург|1|1|0|1|1|1|1|0|0|1|59.92626370000001|30.35469509999999|0
venue_679aad06f6052e9086e274c1|рестобар-глагол-679aad06f6052e9086e274c1|Рестобар "Глагол"|CLUB_BAR_RESTAURANT|санкт-петербург|Санкт-Петербург|1|1|0|0|1|1|1|0|0|0|59.9667078|30.3129371|58
venue_669261b3f1f0adc505f077d5|ресторан-f11-sky-bar-669261b3f1f0adc505f077d5|Ресторан "F11 Sky bar"|CLUB_BAR_RESTAURANT|санкт-петербург|Санкт-Петербург|1|1|0|0|1|1|1|0|0|0|59.91475929999999|30.2964499|19
venue_66981df82d71ff42cc3274bd|ресторан-tillander-66981df82d71ff42cc3274bd|Ресторан "Tillander"|CLUB_BAR_RESTAURANT|санкт-петербург|Санкт-Петербург|1|1|0|0|1|1|1|0|0|0|59.9338758|30.3132942|0
venue_66b75095b5a25380d486d49c|ресторан-грелка-гуделка-66b75095b5a25380d486d49c|Ресторан "Грелка-гуделка"|CLUB_BAR_RESTAURANT|санкт-петербург|Санкт-Петербург|1|1|0|0|1|1|1|0|0|0|60.07799300000001|30.319794|41
venue_6a76f9fe776c73fff65af29f|ресторан-история-6a76f9fe776c73fff65af29f|Ресторан "История"|CLUB_BAR_RESTAURANT|санкт-петербург|Санкт-Петербург|1|1|0|0|1|1|1|0|0|0|59.9533176|30.3575949|0
venue_6494563a11c674e1d1ca1295|restoran-krysha-18-6494563a11c674e1d1ca1295|Ресторан "Крыша 18"|CLUB_BAR_RESTAURANT|санкт-петербург|Санкт-Петербург|1|1|0|1|1|1|1|0|0|1|59.9595655|30.3338571|0
venue_6a83148a50d067bcce57f4e3|ресторан-огородники-6a83148a50d067bcce57f4e3|Ресторан "Огородники"|CLUB_BAR_RESTAURANT|санкт-петербург|Санкт-Петербург|0|0|0|0|1|1|1|0|0|0|60.0048603|30.3484204|0
venue_61c417191137212511130243|restoran-cherish-61c417191137212511130243|Ресторан Cherish|CLUB_BAR_RESTAURANT|санкт-петербург|Санкт-Петербург|0|0|0|1|1|1|1|0|0|1|59.95752109999999|30.3213828|0
venue_6a7c7a634256df6649470361|ресторан-kira-6a7c7a634256df6649470361|Ресторан KIRA|CLUB_BAR_RESTAURANT|санкт-петербург|Санкт-Петербург|0|0|0|0|1|1|1|0|0|0|59.93912830000001|30.3899175|31
venue_68bec4568ce8181419c2c309|ресторан-wine-dine-68bec4568ce8181419c2c309|Ресторан Wine&Dine|CLUB_BAR_RESTAURANT|санкт-петербург|Санкт-Петербург|0|0|0|0|1|1|1|0|0|0|59.95752040000001|30.3335449|0
venue_62431435421497c270c16fda|ресторан-cherish-62431435421497c270c16fda|Ресторан «Cherish»|CLUB_BAR_RESTAURANT|санкт-петербург|Санкт-Петербург|0|0|1|0|1|1|1|0|0|0|59.95752109999999|30.3213828|224
venue_698c51c7d7fee2e4f68a2fd2|ресторан-игристые-698c51c7d7fee2e4f68a2fd2|Ресторан «Игристые»|CLUB_BAR_RESTAURANT|санкт-петербург|Санкт-Петербург|0|0|1|0|1|1|1|0|0|0|59.927163|30.3166514|674
venue_6a73478d9f7bae6455b1df04|ресторан-ф11-6a73478d9f7bae6455b1df04|Ресторан «Ф11»|CLUB_BAR_RESTAURANT|санкт-петербург|Санкт-Петербург|0|0|0|0|1|1|1|0|0|0|59.91442941521497|30.296591781579334|0
venue_6a99b7d4eb28ca6bbec07346|ресторан-царскии-двор-6a99b7d4eb28ca6bbec07346|Ресторан «Царский двор»|CLUB_BAR_RESTAURANT|санкт-петербург|Санкт-Петербург|1|1|0|0|1|1|1|0|0|0|59.86405399999999|30.3347429|47
venue_69bc07ca36d9f5ee2d0c234b|ritmy-69bc07ca36d9f5ee2d0c234b|Ритмы|CLUB_BAR_RESTAURANT|санкт-петербург|Санкт-Петербург|1|1|0|1|1|1|1|0|0|1|59.923067043829825|30.2435202541319|16
venue_62bd47cfffd8ac7cba05a4cb|руки-вверх-бар-62bd47cfffd8ac7cba05a4cb|Руки ВВерх! Бар|CLUB_BAR_RESTAURANT|санкт-петербург|Санкт-Петербург|0|0|0|0|1|1|1|0|0|0|59.88904619999999|30.3186626|0
venue_605219dbbf90b5646360f214|руки-вверх-бар-605219dbbf90b5646360f214|Руки Вверх Бар|CLUB_BAR_RESTAURANT|санкт-петербург|Санкт-Петербург|1|1|0|1|1|1|1|0|0|1|59.9326038|30.3258118|29
venue_6a3e535b67a87c7cf2741db9|stendap-klub-na-griboedova-6a3e535b67a87c7cf2741db9|Стендап-клуб на Грибоедова|CLUB_BAR_RESTAURANT|санкт-петербург|Санкт-Петербург|1|1|0|1|1|1|1|0|0|1|59.93087779236556|30.321674197912216|0
venue_6a08667c76e98b045744ed4f|танцплощадка-6a08667c76e98b045744ed4f|Танцплощадка|CLUB_BAR_RESTAURANT|санкт-петербург|Санкт-Петербург|0|0|0|0|1|1|1|0|0|0|59.9393306|30.3253663|0
venue_647c8312c6d2d97a336e5e13|treningovyi-centr-izmailovskii-647c8312c6d2d97a336e5e13|Тренинговый центр Измайловский|CLUB_BAR_RESTAURANT|санкт-петербург|Санкт-Петербург|1|1|0|1|1|1|1|0|0|1|59.91901500375564|30.308398782832466|0
venue_6a57bab16e8b8737cbccfc65|фанкивеик-6a57bab16e8b8737cbccfc65|ФанкиВейк|CLUB_BAR_RESTAURANT|санкт-петербург|Санкт-Петербург|0|0|0|0|1|1|1|0|0|0|59.96696969999999|30.2487271|20
venue_6a3ac31080a74fb7228f8f85|feromon-grazhdanka-6a3ac31080a74fb7228f8f85|Феромон Гражданка|CLUB_BAR_RESTAURANT|санкт-петербург|Санкт-Петербург|1|1|0|1|1|1|1|0|0|1|60.03429189999999|30.4210318|10
venue_6a86dbba1e56066763687dab|хаски-бар-6a86dbba1e56066763687dab|Хаски Бар|CLUB_BAR_RESTAURANT|санкт-петербург|Санкт-Петербург|0|0|0|0|1|1|1|0|0|0|59.91370699999999|30.3135552|0
venue_6a808acbf79c114bc9127c95|хоуми-бар-6a808acbf79c114bc9127c95|Хоуми бар|CLUB_BAR_RESTAURANT|санкт-петербург|Санкт-Петербург|1|1|1|0|1|1|1|0|0|0|59.94371539999999|30.3482491|310
venue_6a671ca2ad0bd16cce6dacda|шато-терра-6a671ca2ad0bd16cce6dacda|Шато Терра|CLUB_BAR_RESTAURANT|санкт-петербург|Санкт-Петербург|0|0|0|0|1|1|1|0|0|0|59.93385130000001|30.3507884|0
venue_63add68df4a52e3c86147e40|эглерио-63add68df4a52e3c86147e40|Эглерио|CLUB_BAR_RESTAURANT|санкт-петербург|Санкт-Петербург|1|1|0|0|1|1|1|0|0|0|60.03871780000001|30.3222136|32
venue_68ffa62b33909167661d886d|японскии-бар-на-крыше-ronin-68ffa62b33909167661d886d|Японский бар на крыше RONIN|CLUB_BAR_RESTAURANT|санкт-петербург|Санкт-Петербург|0|0|0|0|1|1|1|0|0|0|59.935766|30.3533905|0
venue_6a22df0b5b834d2a5c2f4564|yaht-klub-6a22df0b5b834d2a5c2f4564|Яхт-клуб|CLUB_BAR_RESTAURANT|санкт-петербург|Санкт-Петербург|0|0|0|1|1|1|1|0|0|1|59.97793309999999|30.3082951|33
venue_67a5c11e0506739f6b0cc34f|бар-черт-побери-67a5c11e0506739f6b0cc34f|бар "Черт Побери!"|CLUB_BAR_RESTAURANT|санкт-петербург|Санкт-Петербург|1|1|0|0|1|1|1|0|0|0|59.92295559999999|30.3488298|0
venue_5e46aba19eb4e5f547c1c669|bar-restoran-douglas-duglas-5e46aba19eb4e5f547c1c669|бар-ресторан Douglas (Дуглас)|CLUB_BAR_RESTAURANT|санкт-петербург|Санкт-Петербург|1|1|0|1|1|1|1|0|0|1|59.958389|30.3426529|0
venue_6a47f1ad4eb1320dd82929b6|концертныи-клуб-кадры-6a47f1ad4eb1320dd82929b6|концертный клуб Кадры|CLUB_BAR_RESTAURANT|санкт-петербург|Санкт-Петербург|1|1|0|0|1|1|1|0|0|0|59.9158225857021|30.395360549781792|0
venue_6aa513240fed4c390fcf1893|ресторан-chela-6aa513240fed4c390fcf1893|ресторан Chela|CLUB_BAR_RESTAURANT|санкт-петербург|Санкт-Петербург|0|0|0|0|1|1|1|0|0|0|59.9613925|30.4059171|0
venue_6a7adb6e58a80c82359ba802|ресторан-серп-и-хлеб-6a7adb6e58a80c82359ba802|ресторан Серп и Хлеб|CLUB_BAR_RESTAURANT|санкт-петербург|Санкт-Петербург|1|1|0|0|1|1|1|0|0|0|59.9281481|30.3124379|0
venue_6064aa05745752d8077f7fd5|ресторан-в-отеле-агни-6064aa05745752d8077f7fd5|ресторан в отеле Агни|CLUB_BAR_RESTAURANT|санкт-петербург|Санкт-Петербург|1|1|0|0|1|1|1|0|0|0|59.932393|30.35227209999999|33
venue_6a32adb0cfca8fec99273cd3|kafe-bar-karaoke-sonata-6a32adb0cfca8fec99273cd3|Кафе Бар Караоке «СОНАТА»|CLUB_BAR_RESTAURANT|саранск|Саранск|1|1|0|1|1|1|1|0|0|1|54.18528018819362|45.17876386642456|0
venue_661d705305a68f549130832f|шато-chateau-661d705305a68f549130832f|Шато (Chateau)|CLUB_BAR_RESTAURANT|саранск|Саранск|0|0|0|0|1|1|1|0|0|0|54.1857231|45.1821419|13
venue_6511ccea3e6817de5c76fafa|machine-head-club-6511ccea3e6817de5c76fafa|Machine Head Club|CLUB_BAR_RESTAURANT|саратов|Саратов|1|1|0|1|1|1|1|0|0|1|51.5321019|46.0466598|0
venue_604f8d21a1e5082531a604e8|machine-head-club-604f8d21a1e5082531a604e8|Machine Head Club|CLUB_BAR_RESTAURANT|саратов|Саратов|1|1|0|0|1|1|1|0|0|0|51.53208799999999|46.0467168|0
venue_6a8f48f3e2a0d1e8e741cc77|клуб-база-6a8f48f3e2a0d1e8e741cc77|Клуб "База"|CLUB_BAR_RESTAURANT|саратов|Саратов|1|1|0|0|1|1|1|0|0|0|51.5152739|46.0049994|0
venue_5cfe12dcdb8e696d2cb5c8a2|klub-onyx-5cfe12dcdb8e696d2cb5c8a2|Клуб ONYX|CLUB_BAR_RESTAURANT|саратов|Саратов|1|1|0|1|1|1|1|0|0|1|51.5635096|45.99004500000001|17
venue_64a7ce98544fed37e0922fe6|muzykalnyi-restoran-dzhekill-64a7ce98544fed37e0922fe6|Музыкальный ресторан «Джекилл»|CLUB_BAR_RESTAURANT|саратов|Саратов|0|0|0|1|1|1|1|0|0|1|51.5315209|46.01768010000001|27
venue_6a7f0f7eb461d51eecb82000|ресторан-orero-6a7f0f7eb461d51eecb82000|Ресторан ORERO|CLUB_BAR_RESTAURANT|саратов|Саратов|1|1|0|0|1|1|1|0|0|0|51.619331|45.975599|0
venue_67977a5d2fc54486343147a2|кафе-арабелла-67977a5d2fc54486343147a2|кафе "Арабелла"|CLUB_BAR_RESTAURANT|саратов|Саратов|1|1|0|0|1|1|1|0|0|0|51.5258604|46.03288939999999|0
venue_6551fb8ac3f547d17d64e621|клуб-vagabond-mc-6551fb8ac3f547d17d64e621|клуб VAGABOND MC|CLUB_BAR_RESTAURANT|саров|Саров|1|1|0|0|1|1|1|0|0|0|54.92113879999999|43.33045370000001|0
venue_676fe88bb788603c0c442bb4|bar-filin-676fe88bb788603c0c442bb4|Бар Филин|CLUB_BAR_RESTAURANT|сергиев-посад|Сергиев Посад|1|1|0|1|1|1|1|0|0|1|56.316562810243326|38.14215040690049|0
venue_6a80530de153ef284571b1e3|пробар-6a80530de153ef284571b1e3|ПроБар|CLUB_BAR_RESTAURANT|серпухов|Серпухов|1|1|0|0|1|1|1|0|0|0|54.9242614|37.4504104|0
venue_6a3828eaddc2b43e38fb02e8|ресторан-панорама-6a3828eaddc2b43e38fb02e8|Ресторан Панорама|CLUB_BAR_RESTAURANT|сертолово|Сертолово|1|1|0|0|1|1|1|0|0|0|60.1407043|30.2103407|0
venue_63d49a779fc0af3cabc5b79e|jam-club-63d49a779fc0af3cabc5b79e|JAM CLUB|CLUB_BAR_RESTAURANT|симферополь|Симферополь|1|1|0|0|1|1|1|0|0|0|44.950103|34.0984078|0
venue_6752fb0ef04d41ae6455fd6f|klub-depo-6752fb0ef04d41ae6455fd6f|клуб Депо|CLUB_BAR_RESTAURANT|симферополь|Симферополь|0|0|0|1|1|1|1|0|0|1|44.9487256|34.1247587|0
venue_678f76f311019c6bac650bb2|1865-678f76f311019c6bac650bb2|1865|CLUB_BAR_RESTAURANT|смоленск|Смоленск|1|1|0|0|1|1|1|0|0|0|54.7954781|32.0252626|54
venue_679bdeca4557d6e2dde74afd|ресторан-лопатинскии-сад-679bdeca4557d6e2dde74afd|Ресторан "Лопатинский сад"|CLUB_BAR_RESTAURANT|смоленск|Смоленск|1|1|0|0|1|1|1|0|0|0|54.7811998|32.0374909|0
venue_6a2c3fe1ab0e9eaa4d8335bc|bar-kis-kis-6a2c3fe1ab0e9eaa4d8335bc|Бар «Кис-кис»|CLUB_BAR_RESTAURANT|соликамск|Соликамск|1|1|0|1|1|1|1|0|0|1|59.6465909|56.7677318|0
venue_68627c1de58efedf4079cad8|fedina-dacha-68627c1de58efedf4079cad8|«Федина дача»|CLUB_BAR_RESTAURANT|сочи|Сочи|1|1|1|1|1|1|1|0|0|1|43.5678371|39.7352765|378
venue_6a840cc37944c8c7498e8fd5|барбадос-6a840cc37944c8c7498e8fd5|Барбадос|CLUB_BAR_RESTAURANT|сочи|Сочи|0|0|0|0|1|1|1|0|0|0|43.57916566681359|39.71807612999048|0
venue_6a79c57f1b768a2a369ce21c|джаз-клуб-большая-медведица-6a79c57f1b768a2a369ce21c|Джаз-клуб Большая Медведица|CLUB_BAR_RESTAURANT|сочи|Сочи|1|1|0|0|1|1|1|0|0|0|43.6860971|40.2791874|0
venue_6a06ee9f2aa446d699ef6595|космос-6a06ee9f2aa446d699ef6595|Космос|CLUB_BAR_RESTAURANT|сочи|Сочи|1|1|0|0|1|1|1|0|0|0|43.5927488|39.7289694|27
venue_6a8987bc2c8f4102b3bf4734|культовыи-бар-горькии-6a8987bc2c8f4102b3bf4734|Культовый бар «Горький»|CLUB_BAR_RESTAURANT|сочи|Сочи|0|0|0|0|1|1|1|0|0|0|43.5929452|39.7273564|0
venue_655f2bc6fdad3a32b3573579|panorama-655f2bc6fdad3a32b3573579|Панорама|CLUB_BAR_RESTAURANT|сочи|Сочи|1|1|0|1|1|1|1|0|0|1|43.58396589380743|39.73222732543945|0
venue_688f17d195e1c0f387bc8a3c|pervyi-zhenskii-gastrobar-sidreriya-688f17d195e1c0f387bc8a3c|Первый женский гастробар «Сидрерия»|CLUB_BAR_RESTAURANT|сочи|Сочи|1|1|0|1|1|1|1|0|0|1|43.4184555|39.9227186|0
venue_63a5bb292f2e369db1f0d640|ред-буфет-63a5bb292f2e369db1f0d640|Ред Буфет|CLUB_BAR_RESTAURANT|сочи|Сочи|0|0|0|0|1|1|1|0|0|0|43.59619|39.728|44
venue_68c8105e70795c671a8efd03|ресторан-brauplatz-68c8105e70795c671a8efd03|Ресторан "Brauplatz"|CLUB_BAR_RESTAURANT|сочи|Сочи|1|1|0|0|1|1|1|0|0|0|43.5910382|39.7275543|36
venue_6ab1053917db9fc7ceeee9fd|ресторан-торне-6ab1053917db9fc7ceeee9fd|Ресторан "ТОРНЕ"|CLUB_BAR_RESTAURANT|сочи|Сочи|1|1|0|0|1|1|1|0|0|0|43.5947866|39.7241748|0
venue_60a0346937a97ab255f89913|restoran-parusa-60a0346937a97ab255f89913|Ресторан Паруса|CLUB_BAR_RESTAURANT|сочи|Сочи|0|0|0|1|1|1|1|0|0|1|43.5687877|39.7320543|0
venue_5afeeb62515e35001d6ff350|treugolnik-rok-bar-5afeeb62515e35001d6ff350|Треугольник рок-бар|CLUB_BAR_RESTAURANT|сочи|Сочи|1|1|1|1|1|1|1|0|0|1|43.426673|39.92546500000003|445
venue_676fd0ac2fba08840f4c788d|utomlennye-solncem-676fd0ac2fba08840f4c788d|Утомлённые Солнцем|CLUB_BAR_RESTAURANT|сочи|Сочи|1|1|0|1|1|1|1|0|0|1|43.56691779692519|39.73640933800785|0
venue_680dfe7ac33bfd111b83d1b9|hosta-spot-dzhaz-klub-680dfe7ac33bfd111b83d1b9|Хоста Спот Джаз клуб|CLUB_BAR_RESTAURANT|сочи|Сочи|1|1|0|1|1|1|1|0|0|1|43.507373208422294|39.86822198411772|50
venue_6a8c6db8099b858f3789cdae|ресторан-кит-6a8c6db8099b858f3789cdae|ресторан КИТ|CLUB_BAR_RESTAURANT|сочи|Сочи|0|0|0|0|1|1|0|0|0|0|||0
venue_69f8c46534b1f48ccc163610|gyt-бар-69f8c46534b1f48ccc163610|GYT Бар|CLUB_BAR_RESTAURANT|ставрополь|Ставрополь|0|0|0|0|1|1|1|0|0|0|45.01617845624375|41.93210542201996|0
venue_62829d8fa751f350176b34e8|restobar-bolshoi-62829d8fa751f350176b34e8|РестоБар «БОЛЬШОЙ»|CLUB_BAR_RESTAURANT|стерлитамак|Стерлитамак|1|1|0|1|1|1|1|0|0|1|53.6141793|55.9679643|0
venue_612490eb934d7e64a394caf0|клуб-артель-612490eb934d7e64a394caf0|клуб Артель|CLUB_BAR_RESTAURANT|стерлитамак|Стерлитамак|1|1|0|0|1|1|1|0|0|0|53.6220319|55.9626344|0
venue_68dbdf0b9ee5e6d3ea2bdc4e|onyx-68dbdf0b9ee5e6d3ea2bdc4e|ONYX|CLUB_BAR_RESTAURANT|сургут|Сургут|1|1|0|1|1|1|1|0|0|1|61.26335899999999|73.432109|53
venue_676d219ee05f83a9ea6c14b5|боулинг-ресторан-brooklyn-bowl-676d219ee05f83a9ea6c14b5|Боулинг-ресторан Brooklyn Bowl|CLUB_BAR_RESTAURANT|сургут|Сургут|1|1|0|0|1|1|1|0|0|0|61.276942972317954|73.36771628497827|0
venue_6303a0945c0ffedb9011f040|рок-клуб-102db-6303a0945c0ffedb9011f040|рок клуб 102dB|CLUB_BAR_RESTAURANT|сургут|Сургут|1|1|0|0|1|1|1|0|0|0|61.2556135|73.41881579999999|0
venue_6a743c21b290c0d46dcd6677|барбадос-6a743c21b290c0d46dcd6677|Барбадос|CLUB_BAR_RESTAURANT|сыктывкар|Сыктывкар|0|0|0|0|1|1|1|0|0|0|61.66828799999999|50.842175|38
venue_67cf11d17ce379b6beeae018|klub-mayakovskii-67cf11d17ce379b6beeae018|Клуб "Маяковский"|CLUB_BAR_RESTAURANT|сыктывкар|Сыктывкар|0|0|0|1|1|1|1|0|0|1|61.663515|50.8308401|0
venue_61c9830c10bf50078fe977b7|руки-вверх-бар-61c9830c10bf50078fe977b7|Руки ВВерх! Бар|CLUB_BAR_RESTAURANT|сыктывкар|Сыктывкар|1|1|0|0|1|1|1|0|0|0|61.68907950000001|50.8212692|0
venue_65280761cb88829eaf302f14|ресто-клуб-октябрь-65280761cb88829eaf302f14|Ресто клуб «Октябрь»|CLUB_BAR_RESTAURANT|таганрог|Таганрог|1|1|0|0|1|1|1|0|0|0|47.21866794641747|38.91522301707191|0
venue_611bd374c6a77f0d27153ac9|kafe-holl-skver-611bd374c6a77f0d27153ac9|Кафе-Холл "Сквер"|CLUB_BAR_RESTAURANT|тамбов|Тамбов|1|1|0|1|1|1|1|0|0|1|52.7594581|41.4366908|0
venue_6a2a13860fc488c78075d7d5|restoran-grand-6a2a13860fc488c78075d7d5|Ресторан Гранд|CLUB_BAR_RESTAURANT|тамбов|Тамбов|0|0|0|1|1|1|1|0|0|1|52.73169470259874|41.44896203833119|0
venue_69e921021265fa721114d1da|бар-big-ben-69e921021265fa721114d1da|Бар "Big Ben"|CLUB_BAR_RESTAURANT|тверь|Тверь|1|1|0|0|1|1|1|0|0|0|56.8574102|35.8970442|0
venue_69e921d9bdaa2c04d6cdca75|клуб-big-ben-69e921d9bdaa2c04d6cdca75|Клуб "Big Ben"|CLUB_BAR_RESTAURANT|тверь|Тверь|0|0|0|0|1|1|1|0|0|0|56.8574102|35.8970442|0
venue_5e0f4ce3e18b122e74c12fe9|klub-sobaka-mille-5e0f4ce3e18b122e74c12fe9|Клуб "Собака Милле"|CLUB_BAR_RESTAURANT|тверь|Тверь|1|1|0|1|1|1|1|0|0|1|56.845685|35.90555199999994|0
venue_5ccac696aba999000cbc902e|klub-big-ben-5ccac696aba999000cbc902e|Клуб Биг Бен|CLUB_BAR_RESTAURANT|тверь|Тверь|1|1|0|1|1|1|1|0|0|1|56.8572928865308|35.89693933124806|0
venue_64f83de2f3eb7268f8a846f1|рельсы-64f83de2f3eb7268f8a846f1|Рельсы|CLUB_BAR_RESTAURANT|тверь|Тверь|1|1|0|0|1|1|1|0|0|0|56.85527690000001|35.9100726|0
venue_6a450fe7c3233eb72af259a0|bar-bq-6a450fe7c3233eb72af259a0|Бар "BQ"|CLUB_BAR_RESTAURANT|тольятти|Тольятти|0|0|0|1|1|1|1|0|0|1|53.473758|49.335538|0
venue_69f095cd6f643b3ab5f17667|бар-швеик-69f095cd6f643b3ab5f17667|Бар «Швейк»|CLUB_BAR_RESTAURANT|тольятти|Тольятти|0|0|0|0|1|1|1|0|0|0|53.516408|49.2670051|0
venue_6a06dfa0605dcaaf6c5bf741|рестобар-kaif-6a06dfa0605dcaaf6c5bf741|Рестобар "Kaif"|CLUB_BAR_RESTAURANT|тольятти|Тольятти|0|0|0|0|1|1|1|0|0|0|53.5445943|49.3471222|0
venue_65154a0e033def9a741af7af|ресторан-ginger-65154a0e033def9a741af7af|Ресторан "GINGER"|CLUB_BAR_RESTAURANT|тольятти|Тольятти|0|0|0|0|1|1|1|0|0|0|53.53984833952476|49.34337615966797|0
venue_676145750015fda8a37df8e3|nirvana-cover-pub-676145750015fda8a37df8e3|NIRVANA COVER PUB|CLUB_BAR_RESTAURANT|томск|Томск|1|1|0|0|1|1|1|0|0|0|56.45867|84.9582464|0
venue_5e4992bab32f3dbc2a41bb7e|santa-monica-stereo-cafe-5e4992bab32f3dbc2a41bb7e|Santa Monica stereo cafe|CLUB_BAR_RESTAURANT|томск|Томск|1|1|0|1|1|1|1|0|0|1|56.458442|84.956301|0
venue_661637a1d399c36eaab50fd2|underground-661637a1d399c36eaab50fd2|Underground|CLUB_BAR_RESTAURANT|томск|Томск|0|0|0|0|1|1|1|0|0|0|56.4934046|84.94568819999999|9
venue_611cb432d70d1f6ac7f0c0a4|клуб-капитал-611cb432d70d1f6ac7f0c0a4|Клуб "Капитал"|CLUB_BAR_RESTAURANT|томск|Томск|0|0|0|0|1|1|1|0|0|0|56.4934046|84.94568819999999|0
venue_6409ca4d13a955ca75ea9499|rok-bar-varyag-6409ca4d13a955ca75ea9499|Рок-бар «Варяг»|CLUB_BAR_RESTAURANT|томск|Томск|0|0|0|1|1|1|1|0|0|1|56.49402929999999|84.9477023|0
venue_61c56d959670fb0437e2e773|rok-bar-varyag-61c56d959670fb0437e2e773|Рок-бар Варяг|CLUB_BAR_RESTAURANT|томск|Томск|1|1|0|1|1|1|1|0|0|1|56.49402929999999|84.9477022|0
venue_57f4fc459cb5384e8d9a0086|дк-туламашзавод-57f4fc459cb5384e8d9a0086|ДК Туламашзавод|CLUB_BAR_RESTAURANT|тула|Тула|1|1|1|0|1|1|1|0|0|0|54.209452|37.61679400000003|274
venue_679213b2e0715a6f049f6ac7|клуб-mini-by-concert-hall-679213b2e0715a6f049f6ac7|Клуб MINI by Concert Hall|CLUB_BAR_RESTAURANT|тула|Тула|1|1|0|0|1|1|1|0|0|0|54.204836|37.6184915|0
venue_665a0471424d05476eece6e3|ночнои-клуб-sqer-665a0471424d05476eece6e3|Ночной клуб "sQer"|CLUB_BAR_RESTAURANT|тула|Тула|1|1|0|0|1|1|1|0|0|0|54.19014|37.6107476|0
venue_691ca0e2237a0cb9f621ace1|ресторан-тбилиси-691ca0e2237a0cb9f621ace1|Ресторан Тбилиси|CLUB_BAR_RESTAURANT|тула|Тула|1|1|0|0|1|1|1|0|0|0|54.19606778195192|37.604597210884094|0
venue_68c95bce55dc2a68b69d3912|рок-клуб-м2-68c95bce55dc2a68b69d3912|Рок-Клуб М2|CLUB_BAR_RESTAURANT|тула|Тула|1|1|0|0|1|1|1|0|0|0|54.2425815|37.6167935|0
venue_59af3019515e35001963a048|rok-klub-m2-59af3019515e35001963a048|Рок-клуб М2|CLUB_BAR_RESTAURANT|тула|Тула|1|1|0|1|1|1|1|0|0|1|54.2447811|37.61579840000002|0
venue_693be73857b9a4b59ef4f527|маилз-джазовыи-коктеиль-бар-693be73857b9a4b59ef4f527|«Майлз», Джазовый коктейль-бар|CLUB_BAR_RESTAURANT|тюмень|Тюмень|1|1|1|0|1|1|1|0|0|0|57.155032|65.5350704|228
venue_587e0801515e350017c0e7e8|glav-klub-587e0801515e350017c0e7e8|Глав клуб|CLUB_BAR_RESTAURANT|тюмень|Тюмень|1|1|0|1|1|1|1|0|0|1|57.14995615690143|65.56321978569031|0
venue_6aa30d7abe5753c43e1e9583|клуб-цоколь-6aa30d7abe5753c43e1e9583|Клуб "Цоколь"|CLUB_BAR_RESTAURANT|тюмень|Тюмень|0|0|0|0|1|1|1|0|0|0|57.1334114|65.56087389999999|0
venue_69fe256df4860a16d1d94444|креативныи-кластер-809-69fe256df4860a16d1d94444|Креативный кластер 809|CLUB_BAR_RESTAURANT|тюмень|Тюмень|0|0|0|0|1|1|1|0|0|0|57.1592962|65.52485039999999|0
venue_619fb565307459ca4cf50994|ruki-vverh-bar-619fb565307459ca4cf50994|Руки ВВерх! Бар|CLUB_BAR_RESTAURANT|тюмень|Тюмень|1|1|0|1|1|1|1|0|0|1|57.1564553|65.5326503|0
venue_59765fc0515e35001949dc15|z-club-59765fc0515e35001949dc15|Z club|CLUB_BAR_RESTAURANT|улан-удэ|Улан-Удэ|1|1|0|0|1|1|1|0|0|0|51.815151|107.62997700000005|0
venue_69c92dab3da3b1667fd40db3|bar-41-69c92dab3da3b1667fd40db3|Бар 41|CLUB_BAR_RESTAURANT|улан-удэ|Улан-Удэ|0|0|0|1|1|1|1|0|0|1|51.823373|107.5913127|0
venue_669770fa4e6cc56118781e1a|baran-na-korove-669770fa4e6cc56118781e1a|Баран на корове|CLUB_BAR_RESTAURANT|улан-удэ|Улан-Удэ|1|1|0|1|1|1|1|0|0|1|51.817775|107.595095|0
venue_6aa936c04487ba475cd2a582|эско-6aa936c04487ba475cd2a582|Эско|CLUB_BAR_RESTAURANT|улан-удэ|Улан-Удэ|1|1|0|0|1|1|1|0|0|0|51.8258369|107.5862832|0
venue_66e86e53e5efa1d321800302|бар-dovlatov-66e86e53e5efa1d321800302|Бар DOVLATOV|CLUB_BAR_RESTAURANT|ульяновск|Ульяновск|1|1|1|0|1|1|1|0|0|0|54.317637|48.399026|252
venue_68c6af472a9472aabf35cd80|клуб-шипр-68c6af472a9472aabf35cd80|Клуб "Шипр"|CLUB_BAR_RESTAURANT|ульяновск|Ульяновск|1|1|0|0|1|1|1|0|0|0|54.319794|48.395293|0
venue_5c679acfdef289000caa3781|restoran-shipr-5c679acfdef289000caa3781|Ресторан "Шипр"|CLUB_BAR_RESTAURANT|ульяновск|Ульяновск|1|1|0|1|1|1|1|0|0|1|54.3204629|48.39721320000001|45
venue_69689cd70797dd0aeaa0acd4|rzhavyi-klyuch-69689cd70797dd0aeaa0acd4|Ржавый Ключ|CLUB_BAR_RESTAURANT|ульяновск|Ульяновск|1|1|1|1|1|1|1|0|0|1|54.3185089|48.39874|205
venue_6a2043ab0cf0072b83e2377d|кафе-на-воде-чаика-6a2043ab0cf0072b83e2377d|Кафе на воде "Чайка"|CLUB_BAR_RESTAURANT|уфа|Уфа|0|0|0|0|1|1|1|0|0|0|54.7155879|55.93081489999999|67
venue_6999f2b73f623bbc0b6f87b4|klub-serdce-zamka-a-alvo-6999f2b73f623bbc0b6f87b4|Клуб "Сердце замка - A.ALVO"|CLUB_BAR_RESTAURANT|уфа|Уфа|1|1|0|1|1|1|1|0|0|1|54.7374464|56.0306126|6
venue_5ae8accb519f7b001609bb24|klub-dom-pechati-5ae8accb519f7b001609bb24|Клуб Дом Печати|CLUB_BAR_RESTAURANT|уфа|Уфа|1|1|0|1|1|1|1|0|0|1|54.7379243|55.97109320000004|0
venue_63db56f91d8910930ffe3e5e|клубныи-ресторан-maximilian-s-63db56f91d8910930ffe3e5e|Клубный ресторан "Maximilian's"|CLUB_BAR_RESTAURANT|уфа|Уфа|1|1|0|0|1|1|1|0|0|0|54.71343|55.99463679999999|0
venue_6a89bda7bd14236d5a1080c7|особняк-6a89bda7bd14236d5a1080c7|Особняк|CLUB_BAR_RESTAURANT|уфа|Уфа|0|0|0|0|1|1|1|0|0|0|54.72884389999999|55.9459975|22
venue_5f86e3b76ad0a67f6e668660|ресторан-браухаус-5f86e3b76ad0a67f6e668660|Ресторан Браухаус|CLUB_BAR_RESTAURANT|уфа|Уфа|1|1|0|0|1|1|1|0|0|0|54.7379243|55.97109320000001|0
venue_6ab20bf4482a1cbc67cdb934|ресторан-горячии-цех-6ab20bf4482a1cbc67cdb934|Ресторан Горячий Цех|CLUB_BAR_RESTAURANT|уфа|Уфа|1|1|1|0|1|1|1|0|0|0|54.7293751|55.9463886|333
venue_61210053b902e3f7d68cca87|ресторанныи-комплекс-юность-61210053b902e3f7d68cca87|Ресторанный комплекс «Юность»|CLUB_BAR_RESTAURANT|уфа|Уфа|0|0|0|0|1|1|1|0|0|0|54.71429699999999|55.935994|0
venue_6a9acf35f795514a246ffb26|ресторан-пастернак-6a9acf35f795514a246ffb26|ресторан «Пастернак»|CLUB_BAR_RESTAURANT|уфа|Уфа|1|1|0|0|1|1|1|0|0|0|54.74176393307192|56.02758318185806|0
venue_630cd1d095cfa4cf019cf8be|ruki-vverh-bar-630cd1d095cfa4cf019cf8be|Руки Вверх Бар|CLUB_BAR_RESTAURANT|ухта|Ухта|1|1|0|1|1|1|1|0|0|1|63.57161612578182|53.652334213256836|0
venue_625ef3f5bf2ad999aa55b271|bar-agutin-625ef3f5bf2ad999aa55b271|Бар "Агутин"|CLUB_BAR_RESTAURANT|хабаровск|Хабаровск|1|1|0|1|1|1|1|0|0|1|48.4770444|135.0662103|0
venue_625ed55b5ad1612f2ed0410b|bar-vinograd-625ed55b5ad1612f2ed0410b|Бар "Виноград"|CLUB_BAR_RESTAURANT|хабаровск|Хабаровск|1|1|0|1|1|1|1|0|0|1|48.4730194|135.0547213|0
venue_60e70a8e75aaebcb52fa96f4|erofei-arena-60e70a8e75aaebcb52fa96f4|Ерофей Арена|CLUB_BAR_RESTAURANT|хабаровск|Хабаровск|1|1|0|1|1|1|1|0|0|1|48.43132199999999|135.1008081|0
venue_59e6280c515e3500191e5cb3|klub-luuna-59e6280c515e3500191e5cb3|Клуб ЛУУНА|CLUB_BAR_RESTAURANT|хабаровск|Хабаровск|1|1|0|1|1|1|1|0|0|1|48.4687778|135.06298820000006|0
venue_6a7d9abe935abb68a5241662|rock-bar-p-i-tch-6a7d9abe935abb68a5241662|Rock Bar P.I.TCH|CLUB_BAR_RESTAURANT|чаиковскии|Чайковский|0|0|1|0|1|1|1|0|0|0|56.7720593|54.1173204|142
venue_5d704da2a635e24b586651f0|sk-bar-klub-5d704da2a635e24b586651f0|SK BAR клуб|CLUB_BAR_RESTAURANT|чебоксары|Чебоксары|0|0|0|1|1|1|1|0|0|1|56.134375|47.247919000000024|0
venue_5d704f261c77a76fb8f9e2f2|sk-bar-клуб-5d704f261c77a76fb8f9e2f2|SK BAR клуб ·|CLUB_BAR_RESTAURANT|чебоксары|Чебоксары|1|1|0|0|1|1|1|0|0|0|56.134375|47.247919000000024|0
venue_6a45956ef34305b5fbc505de|sk-bar-6a45956ef34305b5fbc505de|СК-БАР|CLUB_BAR_RESTAURANT|чебоксары|Чебоксары|0|0|0|1|1|1|1|0|0|1|56.11676629999999|47.262782|0
venue_6240930bc9f5379b725f7bd1|chainyi-klub-zavarka-6240930bc9f5379b725f7bd1|чайный клуб "Заварка|CLUB_BAR_RESTAURANT|чебоксары|Чебоксары|1|1|0|1|1|1|1|0|0|1|56.148276|47.198482|0
venue_69930be87d34b3687177e2b8|заря-клубныи-бар-69930be87d34b3687177e2b8|«ЗАРЯ» клубный бар|CLUB_BAR_RESTAURANT|челябинск|Челябинск|0|0|0|0|1|1|1|0|0|0|55.16475399999999|61.4053419|0
venue_6409c3e3dc1f2299d58374cb|klub-ozz-6409c3e3dc1f2299d58374cb|Клуб "Ozz"|CLUB_BAR_RESTAURANT|челябинск|Челябинск|1|1|0|1|1|1|1|0|0|1|55.1562598|61.3763587|0
venue_59b2b4afd35286001aaf1ad2|klub-ozz-59b2b4afd35286001aaf1ad2|Клуб ОЗЗ|CLUB_BAR_RESTAURANT|челябинск|Челябинск|1|1|0|1|1|1|1|0|0|1|55.155001|61.376487|0
venue_69e8f4209126e5a2159a3592|klub-otel-zolotoi-plyazh-69e8f4209126e5a2159a3592|Клуб-отель «Золотой пляж»|CLUB_BAR_RESTAURANT|челябинск|Челябинск|0|0|0|1|1|1|1|0|0|1|55.1788785|60.09279410000001|0
venue_6273eb91281f1c7249770abf|restoran-nor-bayazet-6273eb91281f1c7249770abf|Ресторан Нор Баязет|CLUB_BAR_RESTAURANT|челябинск|Челябинск|1|1|0|1|1|1|1|0|0|1|55.17151639999999|61.4530182|0
venue_681cd43ab82a2f45f5309fc3|stendap-klub-chelyabinsk|Стендап клуб Челябинск|CLUB_BAR_RESTAURANT|челябинск|Челябинск|1|1|0|1|1|1|1|0|0|1|55.1607514|61.38048559999999|0
venue_6802c2f0487e15b54b597919|клуб-б25-6802c2f0487e15b54b597919|клуб Б25|CLUB_BAR_RESTAURANT|челябинск|Челябинск|1|1|0|0|1|1|1|0|0|0|55.1523718|61.40279090000001|0
venue_57f902909cb5381d533fda4e|бар-ресторан-первыи-металлист-57f902909cb5381d533fda4e|Бар-ресторан "Первый металлист"|CLUB_BAR_RESTAURANT|череповец|Череповец|1|1|0|0|1|1|1|0|0|0|59.123262|37.86977200000001|0
venue_682df20b68c2e94b6407d46b|ресто-бар-асса-682df20b68c2e94b6407d46b|Ресто-бар «Асса»|CLUB_BAR_RESTAURANT|череповец|Череповец|1|1|0|0|1|1|1|0|0|0|59.123514091268625|37.92952180037123|0
venue_657414a00f5c3de0af16b51a|руки-вверх-бар-657414a00f5c3de0af16b51a|Руки ВВерх! Бар|CLUB_BAR_RESTAURANT|череповец|Череповец|1|1|0|0|1|1|1|0|0|0|59.1324661|37.9920981|0
venue_6a7c97efc9a77a08b7ed380d|ресторан-счастье-есть-6a7c97efc9a77a08b7ed380d|Ресторан «Счастье есть»|CLUB_BAR_RESTAURANT|черняховск|Черняховск|0|0|0|0|1|1|1|0|0|0|54.6359195|21.8146116|0
venue_6a24482d3ee1168a262e037c|dk-druzhba-6a24482d3ee1168a262e037c|ДК Дружба|CLUB_BAR_RESTAURANT|чехов-московская-область|Чехов (Московская область)|0|0|0|1|1|1|1|0|0|1|55.14521629999999|37.4684531|0
venue_5b214d9cd35286001d156c97|клуб-calypso-5b214d9cd35286001d156c97|Клуб "Calypso"|CLUB_BAR_RESTAURANT|чита|Чита|1|1|0|0|1|1|1|0|0|0|52.05042700000001|113.50590899999997|0
venue_67cef30f06444c83d95ff2b8|klub-calypso-67cef30f06444c83d95ff2b8|Клуб "Calypso"|CLUB_BAR_RESTAURANT|чита|Чита|1|1|0|1|1|1|1|0|0|1|52.05062969999999|113.506027|0
venue_6a33b6ae67448d9cadaa6d0f|mol-bar-6a33b6ae67448d9cadaa6d0f|Мол Бар|CLUB_BAR_RESTAURANT|чита|Чита|0|0|0|1|1|1|1|0|0|1|52.042692056603954|113.4936390843999|0
venue_61ecbae5f2f9175785c805a0|рестобар-sova-61ecbae5f2f9175785c805a0|Рестобар Sova|CLUB_BAR_RESTAURANT|южно-сахалинск|Южно-Сахалинск|1|1|0|0|1|1|1|0|0|0|46.9642077|142.7270974|0
venue_69133d50b7bc3358fa42b0c8|a-trip-bar|A-Trip bar|CLUB_BAR_RESTAURANT|ярославль|Ярославль|0|0|0|1|1|1|1|0|0|1|57.62166854740813|39.882227182388306|26
venue_6a64db3137600cac098c1407|бар-грогги-6a64db3137600cac098c1407|Бар "Грогги"|CLUB_BAR_RESTAURANT|ярославль|Ярославль|0|0|0|0|1|1|1|0|0|0|57.62557959999999|39.880072|0
venue_66d8388ce285278dab023be3|klub-kitaiskii-letchik-dzhao-da-66d8388ce285278dab023be3|Клуб "Китайский лётчик Джао Да"|CLUB_BAR_RESTAURANT|ярославль|Ярославль|1|1|0|1|1|1|1|0|0|1|57.62407520000001|39.8899594|0
venue_579df8549cb5382a61d87a33|руки-вверх-бар-579df8549cb5382a61d87a33|Руки Вверх Бар|CLUB_BAR_RESTAURANT|ярославль|Ярославль|1|1|0|0|1|1|1|0|0|0|57.63116162103418|39.887659104378486|0
venue_5bbf557a434cdd000caa45db|rock-roll-bar|"ROCK&ROLL bar"|CONCERT_HALL|абакан|Абакан|1|1|0|1|1|1|1|0|0|1|53.7232303|91.42929800000002|0
venue_6a5e270bbdf6c3c928dec02c|рдк-6a5e270bbdf6c3c928dec02c|РДК|CONCERT_HALL|акъяр|Акъяр|1|1|0|0|1|1|1|0|0|0|51.865706553814|58.218891620635986|0
venue_67589bcd7085bf59f83c992c|дворец-культуры-г-алдана-67589bcd7085bf59f83c992c|Дворец Культуры г. Алдана|CONCERT_HALL|алдан|Алдан|0|0|0|0|1|1|1|0|0|0|58.6095|125.3925459|0
venue_5e208f932f9581496bd1568d|иске-альмет-дом-культуры-5e208f932f9581496bd1568d|"Иске Альмет" Дом Культуры|CONCERT_HALL|альметьевск|Альметьевск|1|1|0|0|1|1|1|0|0|0|54.91142199999999|52.3474069|0
venue_559fa4b59cb5384870697633|lockdown-559fa4b59cb5384870697633|LOCKDOWN|CONCERT_HALL|альметьевск|Альметьевск|1|1|0|0|1|1|1|0|0|0|54.90516388116606|52.258572578430176|0
venue_5bd36780031b7b000bdcb1e3|dk-neftche-5bd36780031b7b000bdcb1e3|ДК Нефтьче|CONCERT_HALL|альметьевск|Альметьевск|1|1|0|1|1|1|1|0|0|1|54.8991161|52.27740940000001|0
venue_65f1e2f0536e88261cefa45f|koncert-pab-myasnoi-bro-65f1e2f0536e88261cefa45f|Концерт-паб "Мясной BRO"|CONCERT_HALL|анапа|Анапа|1|1|1|1|1|1|1|0|0|1|44.89571966818314|37.306347004740935|132
venue_5ce7f5b300a0d3000bf0f746|летняя-эстрада-5ce7f5b300a0d3000bf0f746|Летняя Эстрада|CONCERT_HALL|анапа|Анапа|0|0|0|0|1|1|1|0|0|0|44.8961923|37.31634489999999|0
venue_5a27faaf515e350019be9c84|апатитскии-городскои-дворец-культуры-имени-егорова-в-к-5a27faaf515e350019be9c84|Апатитский городской Дворец культуры имени Егорова В.К.|CONCERT_HALL|апатиты|Апатиты|1|1|0|0|1|1|1|0|0|0|67.5637909|33.41886929999998|15
venue_6a7872c0b44a05d6ed6c2874|арт-пространство-хали-гали-6a7872c0b44a05d6ed6c2874|Арт пространство Хали Гали|CONCERT_HALL|арзамас|Арзамас|1|1|0|0|1|1|1|0|0|0|55.3999596|43.8219809|0
venue_65e02e8de9f0cf7080ddddad|гдк-65e02e8de9f0cf7080ddddad|ГДК|CONCERT_HALL|армавир|Армавир|1|1|0|0|1|1|1|0|0|0|45.0014406|41.1326893|0
venue_683db13e25e088b16ea3522d|дворец-культуры-армавир-683db13e25e088b16ea3522d|Дворец культуры Армавир|CONCERT_HALL|армавир|Армавир|1|1|0|0|1|1|1|0|0|0|44.9976065|41.1305851|0
venue_6aa717ba414258646bd8074e|дом-культуры-балабаново-6aa717ba414258646bd8074e|Дом культуры Балабаново|CONCERT_HALL|балабаново|Балабаново|0|0|0|0|1|1|1|0|0|0|55.1755984|36.6582659|0
venue_5dd8404d6d6d8a95b6934bf6|дворец-культуры-5dd8404d6d6d8a95b6934bf6|Дворец Культуры|CONCERT_HALL|балаково|Балаково|1|1|0|0|1|1|1|0|0|0|52.011316|47.78902300000004|0
venue_6aa90bd547d802391f324d2f|red-hookan-bar-6aa90bd547d802391f324d2f|Red hookan bar|CONCERT_HALL|балашиха|Балашиха|1|1|0|0|1|1|1|0|0|0|55.74450849999999|37.9300629|0
venue_65ec617f27fb270901b2d607|rizzw-65ec617f27fb270901b2d607|RizzW|CONCERT_HALL|балашиха|Балашиха|1|1|0|1|1|1|1|0|0|1|55.812729|37.9534416|0
venue_5de90403477a104b1ff92e16|балтасинскии-рдк-5de90403477a104b1ff92e16|Балтасинский РДК|CONCERT_HALL|балтаси|Балтаси|1|1|0|0|1|1|1|0|0|0|56.346307|50.20978869999999|0
venue_67ab24c34c81454583c190f6|pab-urban-67ab24c34c81454583c190f6|Паб URBAN|CONCERT_HALL|барнаул|Барнаул|1|1|0|1|1|1|1|0|0|1|53.35075090481759|83.66366600969864|0
venue_5a5f50d7519f7b0020eaedb7|faraon-5a5f50d7519f7b0020eaedb7|Фараон|CONCERT_HALL|барнаул|Барнаул|0|0|0|1|1|1|1|0|0|1|53.38261163938803|83.74011039733887|0
venue_62f26b23e6f83d759b147ec9|chasy3-62f26b23e6f83d759b147ec9|ЧАСЫ³|CONCERT_HALL|белгород|Белгород|1|1|0|1|1|1|1|0|0|1|50.61624699999999|36.5774763|17
venue_5970708b515e3500191ce1c2|centralnyi-dvorec-kultury-goroda-belebeya-5970708b515e3500191ce1c2|Центральный дворец культуры города Белебея|CONCERT_HALL|белебеи|Белебей|1|1|0|1|1|1|1|0|0|1|54.1024914|54.09956080000006|0
venue_5a870075515e35001bc830ea|цдк-белово-5a870075515e35001bc830ea|ЦДК Белово|CONCERT_HALL|белово|Белово|1|1|0|0|1|1|1|0|0|0|54.42442089543184|86.29816316582423|0
venue_62a4e12dd287617a22a4571d|дом-офицеров-62a4e12dd287617a22a4571d|Дом офицеров|CONCERT_HALL|белогорск|Белогорск|1|1|0|0|1|1|1|0|0|0|50.910987|128.466568|0
venue_61289f7327012e0e92a731f0|macleod-scottish-music-pub|"MacLeod" Scottish music Pub|CONCERT_HALL|березники|Березники|1|1|0|1|1|1|1|0|0|1|59.4192704|56.8390103|0
venue_5a8ee5fad35286001880733a|biiskii-gorodskoi-dvorec-kultury-5a8ee5fad35286001880733a|Бийский городской дворец культуры|CONCERT_HALL|бииск|Бийск|1|1|0|1|1|1|1|0|0|1|52.51311639999999|85.1450271|0
venue_599706a3d35286001904e294|grand-arena-ostrova-трц-острова-599706a3d35286001904e294|GRAND ARENA OSTROVA (ТРЦ Острова)|CONCERT_HALL|благовещенск-амурская-область|Благовещенск (Амурская область)|1|1|0|0|1|1|1|0|0|0|50.28067540000001|127.51038879999999|0
venue_65c0dc5af58fb9dfe2dd69ad|jigger-pony-bar-65c0dc5af58fb9dfe2dd69ad|Jigger Pony Bar|CONCERT_HALL|благовещенск-амурская-область|Благовещенск (Амурская область)|1|1|0|1|1|1|1|0|0|1|50.2679024|127.5371696|18
venue_6aa31895fb93c5e5d7f6b42c|staff-bar-6aa31895fb93c5e5d7f6b42c|Staff Bar|CONCERT_HALL|благовещенск-амурская-область|Благовещенск (Амурская область)|1|1|0|0|1|1|1|0|0|0|50.26893949999999|127.525422|0
venue_635240dbda21858258ad7ba1|бобровскии-дворец-культуры-635240dbda21858258ad7ba1|БОБРОВСКИЙ ДВОРЕЦ КУЛЬТУРЫ|CONCERT_HALL|бобров|Бобров|0|0|0|0|1|1|1|0|0|0|51.097441|40.034462|0
venue_6a993ff79cd0e99c12d53f9a|детская-школа-искусств-6a993ff79cd0e99c12d53f9a|Детская Школа Искусств|CONCERT_HALL|богданович|Богданович|1|1|0|0|1|1|1|0|0|0|56.7734771|62.0551175|0
venue_6a72e31499e8417911b73be7|гдк-6a72e31499e8417911b73be7|ГДК|CONCERT_HALL|богородск|Богородск|1|1|0|0|1|1|1|0|0|0|56.1014263|43.5166328|0
venue_6aaa9bb156a348fe6c96be37|цкр-боровичи-6aaa9bb156a348fe6c96be37|ЦКР Боровичи|CONCERT_HALL|боровичи|Боровичи|1|1|0|0|1|1|1|0|0|0|58.38478019999999|33.9248987|0
venue_6808d884ecd1c7d1039f10a0|harat-s-irish-pub-6808d884ecd1c7d1039f10a0|Harat`S Irish pub|CONCERT_HALL|братск|Братск|1|1|0|1|1|1|1|0|0|1|56.15113501099958|101.63165889740833|0
venue_697113eaa82cab840412b167|kdc-bronnicy-697113eaa82cab840412b167|КДЦ Бронницы|CONCERT_HALL|бронницы|Бронницы|1|1|0|1|1|1|1|0|0|1|55.4265772|38.2647931|0
venue_5ca740cd42674e000bafcefa|harat-s-pub-5ca740cd42674e000bafcefa|Harat’s Pub|CONCERT_HALL|брянск|Брянск|1|1|0|0|1|1|1|0|0|0|53.240568|34.36834899999997|0
venue_6996cc5782b6ec041243cf68|варьете-6996cc5782b6ec041243cf68|Варьете|CONCERT_HALL|брянск|Брянск|0|0|0|0|1|1|1|0|0|0|53.241535|34.3303306|0
venue_664f423d3e37d4e4b606a2f5|гриль-парк-культуры-и-отдыха-дача-664f423d3e37d4e4b606a2f5|Гриль-парк культуры и отдыха "Дача"|CONCERT_HALL|брянск|Брянск|1|1|0|0|1|1|1|0|0|0|53.2635306|34.41611|0
venue_69495de0e952630a0e9f5208|lisii-dk-69495de0e952630a0e9f5208|Лисий ДК|CONCERT_HALL|брянск|Брянск|1|1|0|1|1|1|1|0|0|1|44.0311812|43.0706742|0
venue_5a8eb014d3528600188044d1|dom-tehniki-5a8eb014d3528600188044d1|Дом техники|CONCERT_HALL|бугульма|Бугульма|1|1|0|1|1|1|1|0|0|1|54.5351696|52.793937700000015|0
venue_5b73f30313749d001d0d7953|дк-юбилеиныи-5b73f30313749d001d0d7953|ДК "ЮБИЛЕЙНЫЙ"|CONCERT_HALL|бугуруслан|Бугуруслан|1|1|0|0|1|1|1|0|0|0|53.6529456|52.431766700000026|0
venue_61373a68cbdca16878b8dbf4|асгард-61373a68cbdca16878b8dbf4|Асгард|CONCERT_HALL|буденновск|Буденновск|1|1|0|0|1|1|1|0|0|0|44.7802519|44.1579573|0
venue_63899dd178d0cd8e461e78bc|dk-yubileinyi-63899dd178d0cd8e461e78bc|ДК “Юбилейный”|CONCERT_HALL|бузулук|Бузулук|1|1|0|1|1|1|1|0|0|1|52.77273020000001|52.2459469|0
venue_60115552c376582c5b868f6b|glavpab-60115552c376582c5b868f6b|ГлавПаб|CONCERT_HALL|великие-луки|Великие Луки|1|1|0|1|1|1|1|0|0|1|56.34179229999999|30.5279425|0
venue_67615f151bcb7dbc3e126dc6|дк-лк-67615f151bcb7dbc3e126dc6|ДК ЛК|CONCERT_HALL|великие-луки|Великие Луки|1|1|0|0|1|1|1|0|0|0|56.34028436522198|30.52534076632897|0
venue_631ed835ec106d55cb85da8c|новгородская-областная-филармония-631ed835ec106d55cb85da8c|Новгородская областная Филармония|CONCERT_HALL|великии-новгород|Великий Новгород|1|1|0|0|1|1|1|0|0|0|58.5214179|31.2750292|0
venue_685e5264025a7255be8f494e|сердце-685e5264025a7255be8f494e|СЕРДЦЕ|CONCERT_HALL|великии-новгород|Великий Новгород|1|1|0|0|1|1|1|0|0|0|58.53915869960132|31.270441034291984|0
venue_6a900bd12313e56ed1b543e0|эколофт-6a900bd12313e56ed1b543e0|Эколофт|CONCERT_HALL|великии-новгород|Великий Новгород|1|1|0|0|1|1|1|0|0|0|58.5443876|31.2640939|0
venue_6a81acbd064cbc3c68931f0f|маук-городскои-дворец-культуры-6a81acbd064cbc3c68931f0f|МАУК "Городской Дворец культуры"|CONCERT_HALL|верхнии-тагил|Верхний Тагил|1|1|0|0|1|1|1|0|0|0|57.37269730000001|59.93369800000001|0
venue_6684329099bebb5042f44b4a|astro-plaza-6684329099bebb5042f44b4a|Астро Плаза|CONCERT_HALL|видное|Видное|1|1|0|1|1|1|1|0|0|1|55.5441077|37.7010174|5
venue_5bf3f0f9f6d833000c30c6f5|мау-дворец-культуры-видное-5bf3f0f9f6d833000c30c6f5|МАУ "Дворец культуры "Видное"|CONCERT_HALL|видное|Видное|1|1|0|0|1|1|1|0|0|0|55.55752099999999|37.708384000000024|0
venue_6897634ac74c5fad4de382ee|agutin-music-bar-6897634ac74c5fad4de382ee|Агутин Music Bar|CONCERT_HALL|владивосток|Владивосток|1|1|0|1|1|1|1|0|0|1|43.11818359999999|131.8806128|0
venue_5db6babb05807759847a18e2|ангар-5db6babb05807759847a18e2|Ангар|CONCERT_HALL|владивосток|Владивосток|1|1|0|0|1|1|1|0|0|0|43.2334302|132.02922439999998|0
venue_695d4ab5d8cb433cb116364f|dvorec-kultury-profsoyuzov-primorskogo-kraya-695d4ab5d8cb433cb116364f|Дворец культуры профсоюзов Приморского края|CONCERT_HALL|владивосток|Владивосток|1|1|0|1|1|1|1|0|0|1|43.11311389999999|131.9189754|0
venue_62fcf138d17dc6bce772a685|ksk-fetisov-arena-62fcf138d17dc6bce772a685|КСК Фетисов Арена|CONCERT_HALL|владивосток|Владивосток|1|1|0|1|1|1|1|0|0|1|43.2369596|132.0405371|0
venue_5aa8c23c519f7b001a563d9a|концерт-холл-5aa8c23c519f7b001a563d9a|Концерт Холл|CONCERT_HALL|владивосток|Владивосток|1|1|0|0|1|1|1|0|0|0|43.105165|131.87132799999995|0
venue_5a0ac017519f7b001b23e916|концертныи-зал-согу-5a0ac017519f7b001b23e916|Концертный зал СОГУ|CONCERT_HALL|владикавказ|Владикавказ|1|1|0|0|1|1|1|0|0|0|43.02638200000001|44.69125400000007|0
venue_65dde983c75bef637a0b1dc8|арт-холл-65dde983c75bef637a0b1dc8|Арт Холл|CONCERT_HALL|владимир|Владимир|1|1|0|0|1|1|1|0|0|0|56.15130199999999|40.43160700000001|0
venue_60e5f237a8e18614afb4f2c6|kb-ceh-60e5f237a8e18614afb4f2c6|КБ Цех|CONCERT_HALL|владимир|Владимир|1|1|0|1|1|1|1|0|0|1|56.126886|40.3873668|0
venue_6918bc6074078406ffa44d10|вокзал-владимир-6918bc6074078406ffa44d10|вокзал Владимир|CONCERT_HALL|владимир|Владимир|0|0|0|0|1|1|1|0|0|0|56.13024565610334|40.42024612426758|0
venue_65072389dbb47a1398bbde30|zheleznodorozhnyi-vokzal-65072389dbb47a1398bbde30|железнодорожный вокзал|CONCERT_HALL|владимир|Владимир|0|0|0|1|1|1|1|0|0|1|56.1301739049867|40.42024612426758|0
venue_62be9e267994d75ded772667|kultura-concert-hall-62be9e267994d75ded772667|KULTURA concert hall|CONCERT_HALL|волгоград|Волгоград|1|1|0|1|1|1|1|0|0|1|48.7010185470603|44.5197969382486|0
venue_6abe3bdd68d2c5f93862fb8b|kultura-concert-hall-6abe3bdd68d2c5f93862fb8b|Kultura Concert Hall|CONCERT_HALL|волгоград|Волгоград|1|1|0|0|1|1|1|0|0|0|48.81020820000001|44.57060850000001|0
venue_6aa1966050bd4ebe837c65ed|бердс-6aa1966050bd4ebe837c65ed|Бёрдс|CONCERT_HALL|волгоград|Волгоград|1|1|0|0|1|1|1|0|0|0|48.6846362|44.4785472|0
venue_5e690eaef676059954194c26|дом-офицеров-5e690eaef676059954194c26|Дом Офицеров|CONCERT_HALL|волгоград|Волгоград|1|1|0|0|1|1|1|0|0|0|48.7172575|44.5290515|0
venue_69a7da83ff8548bacf9b28bb|kultura-koncert-holl-69a7da83ff8548bacf9b28bb|КУЛЬТУРА концерт холл|CONCERT_HALL|волгоград|Волгоград|1|1|0|1|1|1|1|0|0|1|48.7244544|44.53686010000001|0
venue_68c1906de14895ebd528a401|му-гцк-68c1906de14895ebd528a401|МУ ГЦК|CONCERT_HALL|волжск|Волжск|1|1|0|0|1|1|1|0|0|0|55.8699057|48.3390813|0
venue_5b07f24b515e350017dac1fb|irris-5b07f24b515e350017dac1fb|IRRIS|CONCERT_HALL|вологда|Вологда|1|1|0|0|1|1|1|0|0|0|59.21102299999999|39.925662999999986|0
venue_6851878a6befec4b78f06f87|вологодская-областная-филармония-имени-в-а-гаврилина-6851878a6befec4b78f06f87|Вологодская областная филармония имени В.А. Гаврилина|CONCERT_HALL|вологда|Вологда|1|1|0|0|1|1|1|0|0|0|59.219731|39.894544|0
venue_65117ed4ff25d2c6c912f14a|огни-сухоны-65117ed4ff25d2c6c912f14a|Огни Сухоны|CONCERT_HALL|вологда|Вологда|1|1|0|0|1|1|1|0|0|0|59.209526|39.9238665|0
venue_679cdf6778ed69a6fc48eb27|харди-гарди-679cdf6778ed69a6fc48eb27|Харди Гарди|CONCERT_HALL|вологда|Вологда|1|1|0|0|1|1|1|0|0|0|59.211775|39.891091|0
venue_5adf4decd35286001b9f584b|pab-oliver-5adf4decd35286001b9f584b|паб «Оливер»|CONCERT_HALL|вологда|Вологда|1|1|0|1|1|1|1|0|0|1|59.218296|39.89723900000001|0
venue_65dc6ec1a15cadf290db2386|100-ручьев-65dc6ec1a15cadf290db2386|100 ручьёв|CONCERT_HALL|воронеж|Воронеж|1|1|0|0|1|1|1|0|0|0|51.658022|39.193126|0
venue_650cb76f3a788908423738b6|diesel-650cb76f3a788908423738b6|DIESEL|CONCERT_HALL|воронеж|Воронеж|1|1|0|0|1|1|1|0|0|0|51.7071265|39.1719618|0
venue_67a9f1a903a5966d041000fe|liverpool-pub-67a9f1a903a5966d041000fe|Liverpool Pub|CONCERT_HALL|воронеж|Воронеж|1|1|0|0|1|1|1|0|0|0|51.66752|39.188813|0
venue_6509bad99b189a4bdc248056|palazzo-6509bad99b189a4bdc248056|Palazzo|CONCERT_HALL|воронеж|Воронеж|0|0|0|1|1|1|1|0|0|1|51.68497259999999|39.1826019|0
venue_69fb9e6a609d7b356217d7f1|rock-bar-diesel-69fb9e6a609d7b356217d7f1|Rock Bar DIESEL|CONCERT_HALL|воронеж|Воронеж|1|1|1|1|1|1|1|0|0|1|51.7071285|39.1718496|247
venue_61cb88abf769223dda74a528|arena-hall-61cb88abf769223dda74a528|Арена холл|CONCERT_HALL|воронеж|Воронеж|1|1|0|1|1|1|1|0|0|1|51.66534050000001|39.2049546|0
venue_66a203384c84d8213e63c2a7|винзавод-1900-66a203384c84d8213e63c2a7|Винзавод 1900|CONCERT_HALL|воронеж|Воронеж|1|1|0|0|1|1|1|0|0|0|51.6762761|39.2010675|0
venue_587d052c515e350015bfcd6f|dkzh-im-karla-marksa-587d052c515e350015bfcd6f|ДКЖ им. Карла Маркса|CONCERT_HALL|воронеж|Воронеж|1|1|0|1|1|1|1|0|0|1|51.669669|39.203371999999945|0
venue_69397643569796ae219609f6|dom-arhitektora-69397643569796ae219609f6|Дом Архитектора|CONCERT_HALL|воронеж|Воронеж|1|1|0|1|1|1|1|0|0|1|51.666879323244906|39.19431030750275|0
venue_6165a84af222c5098e486288|концертныи-зал-palazzo-6165a84af222c5098e486288|Концертный зал «Palazzo»|CONCERT_HALL|воронеж|Воронеж|1|1|0|0|1|1|1|0|0|0|51.6824033|39.1839955|0
venue_645dfdfd22b0fcc34c82da78|котельная-645dfdfd22b0fcc34c82da78|Котельная|CONCERT_HALL|воронеж|Воронеж|1|1|0|0|1|1|1|0|0|0|51.6683487|39.19192880000001|0
venue_5c3cc02067fc0b000fa9031a|ledovyi-dvorec-sporta-yubileinyi-5c3cc02067fc0b000fa9031a|Ледовый дворец спорта «Юбилейный»|CONCERT_HALL|воронеж|Воронеж|1|1|0|1|1|1|1|0|0|1|51.674566|39.194128800000044|0
venue_615dbdf37584a0847e146e56|мбук-городскои-дворец-культуры-615dbdf37584a0847e146e56|МБУК «Городской Дворец культуры»|CONCERT_HALL|воронеж|Воронеж|1|1|0|0|1|1|1|0|0|0|51.670155|39.1646469|0
venue_5655c5be9cb5382e8462e6da|mts-live-holl-voronezh-5655c5be9cb5382e8462e6da|МТС Live Холл Воронеж|CONCERT_HALL|воронеж|Воронеж|1|1|0|1|1|1|1|0|0|1|51.787327|39.204425000000015|0
venue_6984857b082c735785f6aecb|pab-mama-anarhiya-6984857b082c735785f6aecb|Паб Мама Анархия|CONCERT_HALL|воронеж|Воронеж|0|0|0|1|1|1|1|0|0|1|51.67066519999999|39.1895348|0
venue_691382648b2b4ab6c7fdf3f3|chelseapub-691382648b2b4ab6c7fdf3f3|CHELSEAPUB|CONCERT_HALL|воскресенск|Воскресенск|0|0|0|1|1|1|1|0|0|1|55.3201244|38.6682989|0
venue_6a44d22384435bb59c170b63|chelseahall-6a44d22384435bb59c170b63|ChelseaHall|CONCERT_HALL|воскресенск|Воскресенск|1|1|1|1|1|1|1|0|0|1|55.3198279|38.667888|505
venue_691d8b1152938b8bd6eb1cfb|дк-юбилеиныи-691d8b1152938b8bd6eb1cfb|ДК Юбилейный|CONCERT_HALL|воскресенск|Воскресенск|1|1|0|0|1|1|1|0|0|0|55.341863714340725|38.71993441485003|0
venue_602cfa53d6f9f3614ae0c1d3|рк-forrest-602cfa53d6f9f3614ae0c1d3|РК FORREST|CONCERT_HALL|воткинск|Воткинск|1|1|0|0|1|1|1|0|0|0|57.0643148|54.0411061|0
venue_69b439fafed6188a16355f9f|hacho-i-puri-69b439fafed6188a16355f9f|Хачо и Пури|CONCERT_HALL|всеволожск|Всеволожск|1|1|0|1|1|1|1|0|0|1|60.0323167|30.6378874|0
venue_63c5befb5664464e4e8a721a|zona-bike-63c5befb5664464e4e8a721a|ZONA BIKE|CONCERT_HALL|выборг|Выборг|1|1|0|1|1|1|1|0|0|1|60.71286|28.758631|0
venue_6a8d846361913cfa9389bd2f|вилла-звуки-музыки-приморье-grand-resort-hotel-6a8d846361913cfa9389bd2f|Вилла «Звуки музыки», Приморье Grand Resort Hotel|CONCERT_HALL|геленджик|Геленджик|0|0|0|0|1|1|1|0|0|0|44.5670314|38.0761389|0
venue_6a8d80c7d5d76361aa40b7cc|винодельня-шато-де-талю-6a8d80c7d5d76361aa40b7cc|Винодельня «Шато де Талю»|CONCERT_HALL|геленджик|Геленджик|0|0|0|0|1|1|0|0|0|0|||0
venue_631051bb94f851b3d371fd61|цкимп-631051bb94f851b3d371fd61|ЦКиМП|CONCERT_HALL|десногорск|Десногорск|1|1|0|0|1|1|1|0|0|0|54.1525745|33.287493|0
venue_5dfe4f5ba7e4a6077eda7f1c|siti-5dfe4f5ba7e4a6077eda7f1c|СИТИ|CONCERT_HALL|дзержинск|Дзержинск|1|1|0|1|1|1|1|0|0|1|56.23187739999999|43.413743400000044|0
venue_5a65baacd352860020a7de39|cdk-sozvezdie-5a65baacd352860020a7de39|ЦДК "Созвездие"|CONCERT_HALL|дмитров|Дмитров|1|1|0|1|1|1|1|0|0|1|56.341006|37.525957999999946|0
venue_582c7604d3528600181307a7|gdkis-mir-582c7604d3528600181307a7|ГДКиС "Мир"|CONCERT_HALL|домодедово|Домодедово|1|1|0|1|1|1|1|0|0|1|55.42633|37.770622|0
venue_6a8cb3e46a0ac2cc1c54e952|дом-молодежи-6a8cb3e46a0ac2cc1c54e952|Дом Молодежи|CONCERT_HALL|донецк-донецкая-область|Донецк (Донецкая область)|1|1|0|0|1|1|1|0|0|0|48.0105802|37.7800723|0
venue_6996bd27da2f2f80f87b0d06|террикон-6996bd27da2f2f80f87b0d06|Террикон|CONCERT_HALL|донецк-донецкая-область|Донецк (Донецкая область)|1|1|0|0|1|1|1|0|0|0|47.980888|37.775341|0
venue_6a22b64f09085b9f90548667|dada-6a22b64f09085b9f90548667|ДаДа|CONCERT_HALL|дубна-московская-область|Дубна (Московская область)|0|0|0|1|1|1|1|0|0|1|56.75327249999999|37.142446|0
venue_577fa5b09cb538732dc25dd8|дворец-культуры-октябрь-577fa5b09cb538732dc25dd8|Дворец культуры "Октябрь"|CONCERT_HALL|дубна-московская-область|Дубна (Московская область)|1|1|0|0|1|1|1|0|0|0|56.757479|37.13178300000004|0
venue_6a4cd03e9df7349994eaf966|городскои-дворец-культуры-гдк-6a4cd03e9df7349994eaf966|Городской дворец культуры (ГДК)|CONCERT_HALL|еиск|Ейск|0|0|0|0|1|1|1|0|0|0|46.712332798736064|38.27341675758362|0
venue_64a189d8d089fb0ce5b86f14|еискии-городскои-центр-народнои-культуры-64a189d8d089fb0ce5b86f14|ЕЙСКИЙ ГОРОДСКОЙ ЦЕНТР НАРОДНОЙ КУЛЬТУРЫ|CONCERT_HALL|еиск|Ейск|1|1|0|0|1|1|1|0|0|0|46.7128863|38.2741151|0
venue_5da6a539ab711d7e2acace58|ben-hall-5da6a539ab711d7e2acace58|Ben Hall|CONCERT_HALL|екатеринбург|Екатеринбург|1|1|0|1|1|1|1|0|0|1|56.82606759999999|60.61237349999999|0
venue_666865fdc44efc6df5a140fb|grousehall-666865fdc44efc6df5a140fb|GrouseHall|CONCERT_HALL|екатеринбург|Екатеринбург|1|1|0|0|1|1|1|0|0|0|56.7981951|60.59859950000001|0
venue_655b57684fe6077eeab182b3|le-bourg-1905-655b57684fe6077eeab182b3|Le Bourg 1905|CONCERT_HALL|екатеринбург|Екатеринбург|0|0|1|1|1|1|1|0|0|1|56.8363952|60.5959739|152
venue_63b9316553c4e29fb8b254be|pravda-bar-63b9316553c4e29fb8b254be|PRAVDA BAR|CONCERT_HALL|екатеринбург|Екатеринбург|1|1|0|1|1|1|1|0|0|1|56.825907951377694|60.58794526138044|0
venue_6264cb25fd2048ae6f5f2598|red-cooper-bar-6264cb25fd2048ae6f5f2598|Red Cooper Bar|CONCERT_HALL|екатеринбург|Екатеринбург|0|0|0|0|1|1|1|0|0|0|56.83844043640433|60.6087157920572|0
venue_67bc8320816887bb78ad36db|syndrome-bar-67bc8320816887bb78ad36db|SYNDROME BAR|CONCERT_HALL|екатеринбург|Екатеринбург|1|1|0|0|1|1|1|0|0|0|56.83948299999999|60.59154350000001|0
venue_67c353efa6e773e2c69a4a3a|stand-up-bar-67c353efa6e773e2c69a4a3a|Stand up bar|CONCERT_HALL|екатеринбург|Екатеринбург|1|1|0|1|1|1|1|0|0|1|56.829337180385615|60.592474937438965|0
venue_5ed92ac937ecf15a97f7ea04|syndrome-bar-5ed92ac937ecf15a97f7ea04|Syndrome Bar|CONCERT_HALL|екатеринбург|Екатеринбург|0|0|0|0|1|1|1|0|0|0|56.8364493|60.60034659999999|0
venue_59db4a2f519f7b001bd790f9|dk-zheleznodorozhnikov-59db4a2f519f7b001bd790f9|ДК Железнодорожников|CONCERT_HALL|екатеринбург|Екатеринбург|1|1|0|1|1|1|1|0|0|1|56.855497|60.602727999999956|0
venue_5e0a08dda41a8f96e8a0091f|dom-muzyki-5e0a08dda41a8f96e8a0091f|Дом музыки|CONCERT_HALL|екатеринбург|Екатеринбург|1|1|0|1|1|1|1|0|0|1|56.8508225|60.6066601|0
venue_59f82e1dd35286001e7e6669|elcin-centr-59f82e1dd35286001e7e6669|Ельцин центр|CONCERT_HALL|екатеринбург|Екатеринбург|0|0|0|1|1|1|1|0|0|1|56.844964|60.589785000000006|0
venue_6a9e57e294728b0144de2be8|истории-6a9e57e294728b0144de2be8|Истории|CONCERT_HALL|екатеринбург|Екатеринбург|1|1|0|0|1|1|1|0|0|0|56.836005352604744|60.609456834462115|0
venue_5e0f618ecfb1be2535dd1dea|koncert-holl-svoboda-5e0f618ecfb1be2535dd1dea|Концерт-холл "Свобода"|CONCERT_HALL|екатеринбург|Екатеринбург|1|1|0|1|1|1|1|0|0|1|56.822254|60.555398999999966|0
venue_6106ae308bd5751808e75989|korchma-pristanische-6106ae308bd5751808e75989|Корчма "Пристанище"|CONCERT_HALL|екатеринбург|Екатеринбург|1|1|0|1|1|1|1|0|0|1|56.8519468|60.5568369|0
venue_6392d8675dd0960831d6cc98|kulturno-dosugovyi-centr-druzhba-6392d8675dd0960831d6cc98|Культурно-досуговый центр «Дружба»|CONCERT_HALL|екатеринбург|Екатеринбург|1|1|0|1|1|1|1|0|0|1|56.8034648|60.5543552|0
venue_6a2689e096145899e5d12cfc|летнии-дворик-проголос-6a2689e096145899e5d12cfc|Летний дворик ПроГолос|CONCERT_HALL|екатеринбург|Екатеринбург|0|0|1|0|1|1|1|0|0|0|56.834142765375674|60.612719015655095|332
venue_67bd926e3ffeab80745b0d67|nebolshoi-standup-bar-v-centre-goroda-67bd926e3ffeab80745b0d67|Небольшой STANDUP BAR в центре города|CONCERT_HALL|екатеринбург|Екатеринбург|0|0|0|1|1|1|1|0|0|1|56.8288837|60.59152520000001|84
venue_59ad065d519f7b001bf2511d|окружнои-дом-офицеров-59ad065d519f7b001bf2511d|Окружной Дом Офицеров|CONCERT_HALL|екатеринбург|Екатеринбург|1|1|0|0|1|1|1|0|0|0|56.844099|60.61986000000002|0
venue_66f6520d875c6d489a4e2922|прожарка-66f6520d875c6d489a4e2922|Прожарка|CONCERT_HALL|екатеринбург|Екатеринбург|1|1|0|0|1|1|1|0|0|0|56.8449672|60.61798599999999|0
venue_5d91d58bf5a76b184bb0fa45|пространство-ц-5d91d58bf5a76b184bb0fa45|Пространство Ц|CONCERT_HALL|екатеринбург|Екатеринбург|1|1|0|0|1|1|1|0|0|0|56.8314402|60.588843|0
venue_67853150bf184ce35fb8a7c4|пространство-ц-67853150bf184ce35fb8a7c4|Пространство Ц|CONCERT_HALL|екатеринбург|Екатеринбург|0|0|0|0|1|1|1|0|0|0|56.83156086601724|60.58862983203453|0
ven_ms_b93a0e7ba295323d|ekaterinburg-filarmoniya|Свердловская государственная филармония|CONCERT_HALL|екатеринбург|Екатеринбург|0|0|0|1|1|1|1|0|0|1|56.8392|60.6083|0
venue_67d158e8683c81ab858aa4ff|svoboda-koncert-holl-67d158e8683c81ab858aa4ff|Свобода Концерт Холл|CONCERT_HALL|екатеринбург|Екатеринбург|1|1|0|1|1|1|1|0|0|1|56.822254|60.555399|0
venue_5d55270bb294d92e013e6376|fabrika|Фабрика|CONCERT_HALL|екатеринбург|Екатеринбург|1|1|1|1|1|1|1|0|0|1|56.8314402|60.588843|249
venue_5af02bddd3528600198cbc61|цк-урал-5af02bddd3528600198cbc61|ЦК Урал|CONCERT_HALL|екатеринбург|Екатеринбург|1|1|0|0|1|1|1|0|0|0|56.854948|60.661017000000015|0
venue_572237cb9cb5383d51ddd95e|центр-культуры-урал-кц-урал-572237cb9cb5383d51ddd95e|Центр Культуры "Урал" (КЦ "Урал")|CONCERT_HALL|екатеринбург|Екатеринбург|1|1|1|0|1|1|1|0|0|0|56.854948|60.661017000000015|419
venue_657c0793b9eb45f5d7a91f92|центр-культуры-и-искусств-верх-исетскии-657c0793b9eb45f5d7a91f92|Центр культуры и искусств «Верх-Исетский»|CONCERT_HALL|екатеринбург|Екатеринбург|1|1|0|0|1|1|1|0|0|0|56.8382717|60.55431600000001|0
venue_59f322fdd35286001a4f6c3c|концертныи-зал-им-ф-и-шаляпина-59f322fdd35286001a4f6c3c|Концертный Зал им. Ф.И. Шаляпина|CONCERT_HALL|ессентуки|Ессентуки|1|1|0|0|1|1|1|0|0|0|44.044009379268196|42.858154429122806|0
venue_63ad3b3f28d9b12c9fc2aeb2|dk-himik-63ad3b3f28d9b12c9fc2aeb2|ДК Химик|CONCERT_HALL|ефремов|Ефремов|1|1|0|1|1|1|1|0|0|1|53.1495656|38.1205533|0
venue_6a0c479a54f9c6f5a95d50b9|дворец-культуры-имени-в-н-леонова-6a0c479a54f9c6f5a95d50b9|Дворец культуры имени В.Н. Леонова|CONCERT_HALL|зараиск|Зарайск|1|1|0|0|1|1|1|0|0|0|54.76529238669404|38.876251756495535|0
venue_69161c134a157107067cc102|try-pub-69161c134a157107067cc102|Try pub|CONCERT_HALL|зеленоград|Зеленоград|0|0|0|0|1|1|1|0|0|0|55.9872076|37.2015979|0
venue_5e78f1e4b2611b416fd8b472|vibe-5e78f1e4b2611b416fd8b472|VIBE|CONCERT_HALL|зеленоград|Зеленоград|1|1|0|0|1|1|1|0|0|0|55.9932078|37.2262866|0
venue_6a1035dc794baaa5adeddf32|дк-миэт-6a1035dc794baaa5adeddf32|ДК МИЭТ|CONCERT_HALL|зеленоград|Зеленоград|1|1|0|0|1|1|1|0|0|0|55.9830781|37.2068002|0
venue_5df8e26646c150d57724c398|dom-kultury-miet-5df8e26646c150d57724c398|Дом культуры МИЭТ|CONCERT_HALL|зеленоград|Зеленоград|1|1|0|1|1|1|1|0|0|1|55.98300206210297|37.209432721138|0
venue_6a8990157b6cc9ec170bda39|ели-пели-караоке-lounge-bar-6a8990157b6cc9ec170bda39|Ели-Пели Караоке&Lounge-BAR|CONCERT_HALL|зеленоград|Зеленоград|1|1|0|0|1|1|1|0|0|0|55.98715259999999|37.2021514|18
venue_6916cc43a7763dea62b0ca2d|asgard-6916cc43a7763dea62b0ca2d|Asgard|CONCERT_HALL|иваново|Иваново|1|1|0|0|1|1|1|0|0|0|56.9959551|41.0394455|0
venue_61dc2a0129e3b67813c90f3f|elki-bar-61dc2a0129e3b67813c90f3f|ELKI BAR|CONCERT_HALL|иваново|Иваново|0|0|0|1|1|1|1|0|0|1|56.99415029999999|40.9797043|0
venue_6a4e998a8edf758a03c08e6f|barrock-6a4e998a8edf758a03c08e6f|Barrock|CONCERT_HALL|ижевск|Ижевск|1|1|0|0|1|1|1|0|0|0|56.86186009999999|53.2324285|0
venue_6022ce3023a442370a15598e|barrock-6022ce3023a442370a15598e|Barrock|CONCERT_HALL|ижевск|Ижевск|1|1|0|1|1|1|1|0|0|1|56.87571|53.2817847|0
venue_6a3ab0269e9d1f6af84f0c57|brooklyn-bowl-6a3ab0269e9d1f6af84f0c57|Brooklyn Bowl|CONCERT_HALL|ижевск|Ижевск|1|1|0|0|1|1|1|0|0|0|56.8720073|53.2926396|0
venue_6a944db4a584dfebe80ac5b0|izh-vyl-bar-6a944db4a584dfebe80ac5b0|IZH VYL BAR|CONCERT_HALL|ижевск|Ижевск|0|0|0|0|1|1|1|0|0|0|56.84169420000001|53.2008884|0
venue_64c9267be8c73b509c228504|nobel-concert-hall-64c9267be8c73b509c228504|NOBEL concert hall|CONCERT_HALL|ижевск|Ижевск|1|1|0|1|1|1|1|0|0|1|56.89445451469243|53.28975411608101|0
venue_63105518b95cbab32e82143d|пепелац-63105518b95cbab32e82143d|«ПЕПЕЛАЦ»|CONCERT_HALL|ижевск|Ижевск|1|1|0|0|1|1|1|0|0|0|56.851929|53.205096|0
venue_58d4d9d3515e350015ba3830|дк-металлург-58d4d9d3515e350015ba3830|ДК Металлург|CONCERT_HALL|ижевск|Ижевск|0|0|0|0|1|1|1|0|0|0|56.853158|53.20464399999992|0
venue_6aa30ad1a9caf3497cbaa7d7|паб-юпитер-5-6aa30ad1a9caf3497cbaa7d7|Паб "Юпитер 5"|CONCERT_HALL|ижевск|Ижевск|0|0|0|0|1|1|1|0|0|0|56.84751499999999|53.2103715|0
venue_5da70f3f522b822f39c7e02e|паб-пинта-5da70f3f522b822f39c7e02e|Паб ПИНТА|CONCERT_HALL|ижевск|Ижевск|1|1|0|0|1|1|1|0|0|0|56.850303|53.28972309999995|0
venue_69c443c86f448493f204ed11|russkii-dom-69c443c86f448493f204ed11|Русский дом|CONCERT_HALL|ижевск|Ижевск|0|0|0|1|1|1|1|0|0|1|56.88806049999999|53.2467317|24
venue_6262b3ad80275528a91d058e|dk-orbita-6262b3ad80275528a91d058e|ДК "Орбита"|CONCERT_HALL|иркутск|Иркутск|1|1|0|1|1|1|1|0|0|1|52.281385|104.3549029|0
venue_5b631edb9ec8bd000b603491|иркутскии-планетарии-5b631edb9ec8bd000b603491|Иркутский планетарий|CONCERT_HALL|иркутск|Иркутск|1|1|0|0|1|1|1|0|0|0|52.27390219999999|104.2899069|0
venue_627cfab56571798e3b2a711b|rvb-irkutsk-627cfab56571798e3b2a711b|РВБ Иркутск|CONCERT_HALL|иркутск|Иркутск|1|1|0|1|1|1|1|0|0|1|52.2574232|104.3278167|0
venue_6825ceae04c303353b19572a|rk-mirazh-6825ceae04c303353b19572a|РК Мираж|CONCERT_HALL|иркутск|Иркутск|1|1|0|1|1|1|1|0|0|1|52.2307736|104.314733|0
venue_643279d5afd1ffd3c6b24ef7|soprano-643279d5afd1ffd3c6b24ef7|Сопрано|CONCERT_HALL|иркутск|Иркутск|1|1|0|1|1|1|1|0|0|1|52.2852109|104.3397873|0
venue_6a560991b25159768a1916d0|филармония-органныи-зал-6a560991b25159768a1916d0|Филармония. Органный зал|CONCERT_HALL|иркутск|Иркутск|1|1|0|0|1|1|1|0|0|0|52.2904646|104.2824869|0
venue_63033fd80ec572453e0d899f|csi-ogon-63033fd80ec572453e0d899f|ЦСИ "Огонь"|CONCERT_HALL|иркутск|Иркутск|0|0|0|1|1|1|1|0|0|1|52.288569|104.275869|0
venue_63da08ca2fb705ea13ba3703|dvorec-kultury-mauk-obedinenie-ishimskii-gorodskoi-kulturnyi-centr-63da08ca2fb705ea13ba3703|Дворец культуры МАУК "Объединение Ишимский городской культурный центр"|CONCERT_HALL|ишим|Ишим|0|0|1|1|1|1|1|0|0|1|56.11041559203731|69.50877631925768|969
venue_5d5274251f64843845631dba|the-fox-pab-5d5274251f64843845631dba|The FOX-Паб|CONCERT_HALL|иошкар-ола|Йошкар-Ола|1|1|0|1|1|1|1|0|0|1|56.6335326|47.934701700000005|0
venue_56af72c29cb53845e8bf5f6f|dk-im-hhh-letiya-pobedy-56af72c29cb53845e8bf5f6f|ДК им. ХХХ-летия Победы|CONCERT_HALL|иошкар-ола|Йошкар-Ола|1|1|0|1|1|1|1|0|0|1|56.63867699999999|47.8887311|0
venue_60f52f840a761bb0f2f92ce4|паб-бульдог-60f52f840a761bb0f2f92ce4|Паб Бульдог|CONCERT_HALL|иошкар-ола|Йошкар-Ола|1|1|0|0|1|1|1|0|0|0|56.6341901|47.8992531|40
venue_6a880190165ca9870c8ca1b4|пивная-культура-6a880190165ca9870c8ca1b4|Пивная Культура|CONCERT_HALL|иошкар-ола|Йошкар-Ола|1|1|0|0|1|1|1|0|0|0|56.63904691277531|47.88977712392807|0
venue_641aed0c2eab58d386096bfe|biblioteka-bar-641aed0c2eab58d386096bfe|BIBLIOTEKA Bar|CONCERT_HALL|казань|Казань|1|1|0|0|1|1|1|0|0|0|55.7935804|49.116454|0
venue_5f748303a9a7b3b16957dce4|big-twin-arena-5f748303a9a7b3b16957dce4|Big Twin Arena|CONCERT_HALL|казань|Казань|1|1|0|0|1|1|1|0|0|0|55.81941029999999|49.1650946|0
venue_611caadad2fb6aa05deb86c4|drink-mall-korston-611caadad2fb6aa05deb86c4|Drink Mall Korston|CONCERT_HALL|казань|Казань|1|1|0|1|1|1|1|0|0|1|55.79375539999999|49.1497307|0
venue_6016e1400b6ed8da22eaa0fe|werk-6016e1400b6ed8da22eaa0fe|WERK|CONCERT_HALL|казань|Казань|1|1|0|1|1|1|1|0|0|1|55.76644959999999|49.1256893|27
venue_67d8202e80a7076cdf9ce55a|werk-67d8202e80a7076cdf9ce55a|Werk|CONCERT_HALL|казань|Казань|1|1|0|0|1|1|1|0|0|0|55.7649945|49.1256322|0
venue_6a7b1c82dc9d5cff99ed3bbc|арт-пространство-вметре-6a7b1c82dc9d5cff99ed3bbc|Арт пространство ВМЕТРЕ|CONCERT_HALL|казань|Казань|0|0|0|0|1|1|1|0|0|0|55.78901288758781|49.1227391160111|0
venue_60626ab34000ab1a1baad629|art-prostranstvo-werk-60626ab34000ab1a1baad629|Арт-пространство "Werk"|CONCERT_HALL|казань|Казань|1|1|0|1|1|1|1|0|0|1|55.7661846|49.1257443|0
venue_6022c1fec4a7019b7f24d4bf|art-prostranstvo-biblioteka-6022c1fec4a7019b7f24d4bf|Арт-пространство "Библиотека"|CONCERT_HALL|казань|Казань|1|1|0|1|1|1|1|0|0|1|55.7935804|49.116454|0
venue_63cb89057ad8e1bcd59fe024|gbuk-rt-gosudarstvennyi-bolshoi-koncertnyi-zal-imeni-saliha-saidasheva-63cb89057ad8e1bcd59fe024|ГБУК РТ “Государственный Большой концертный зал имени Салиха Сайдашева”|CONCERT_HALL|казань|Казань|0|0|0|1|1|1|1|0|0|1|55.7968972|49.1265238|0
venue_62504442db32ef6481def1a3|дк-юность-62504442db32ef6481def1a3|ДК Юность|CONCERT_HALL|казань|Казань|0|0|0|0|1|1|1|0|0|0|55.8638859|49.01684230000001|0
venue_5d5eca0ec64e8b3cf8a6741d|dk-im-lenina-5d5eca0ec64e8b3cf8a6741d|ДК им. Ленина|CONCERT_HALL|казань|Казань|1|1|0|1|1|1|1|0|0|1|55.8539294|49.08641|0
venue_6a16a1e60a2f3ceb995caf39|evgenich-6a16a1e60a2f3ceb995caf39|Евгенич|CONCERT_HALL|казань|Казань|1|1|0|1|1|1|1|0|0|1|55.7614629|49.2600469|0
venue_66a5389b4cd3de78ebc4b15a|кц-пушкина-66a5389b4cd3de78ebc4b15a|КЦ Пушкина|CONCERT_HALL|казань|Казань|1|1|0|0|1|1|1|0|0|0|55.7964023|49.12058649999999|0
venue_6034f5d622095d335f0c7f7e|концертныи-зал-чулпан-6034f5d622095d335f0c7f7e|Концертный зал "Чулпан"|CONCERT_HALL|казань|Казань|1|1|0|0|1|1|1|0|0|0|55.747705|49.2080551|0
venue_5970d855515e3500191d3d59|kulturno-sportivnyi-kompleks-uniks-5970d855515e3500191d3d59|Культурно-спортивный комплекс "Уникс"|CONCERT_HALL|казань|Казань|0|0|0|1|1|1|1|0|0|1|55.7906739|49.123938599999974|0
venue_608aa62f43c00a3f6b2e1549|kulturnyi-centr-moskovskii-608aa62f43c00a3f6b2e1549|Культурный центр "Московский"|CONCERT_HALL|казань|Казань|1|1|0|1|1|1|1|0|0|1|55.83823899999999|49.06658789999999|23
venue_5e60c04e7264f2b165995603|культурныи-центр-саидаш-5e60c04e7264f2b165995603|Культурный центр «Сайдаш»|CONCERT_HALL|казань|Казань|1|1|0|0|1|1|1|0|0|0|55.7994345|49.1784888|0
venue_69f0a50552bc13b2a984210c|leven-69f0a50552bc13b2a984210c|Лёвен|CONCERT_HALL|казань|Казань|1|1|0|1|1|1|1|0|0|1|55.7876943|49.1220856|0
venue_6a2177f77222ac0d49e8549b|пельмения-6a2177f77222ac0d49e8549b|Пельмения|CONCERT_HALL|казань|Казань|1|1|0|0|1|1|1|0|0|0|55.81558949999999|49.1405439|0
venue_604f0bdf229a249f6cb8f88c|tatneft-arena-604f0bdf229a249f6cb8f88c|Татнефть Арена|CONCERT_HALL|казань|Казань|1|1|0|1|1|1|1|0|0|1|55.817679938076225|49.12459373474121|0
venue_68f232cad6a721684f1e0c10|hofbroihaus-68f232cad6a721684f1e0c10|Хофбройхаус|CONCERT_HALL|казань|Казань|1|1|0|1|1|1|1|0|0|1|55.7900459|49.1139382|0
venue_69d7ce164cd3229850954855|bastion-holl-69d7ce164cd3229850954855|Бастион Холл|CONCERT_HALL|калининград|Калининград|1|1|0|1|1|1|1|0|0|1|54.681126|20.487255|27
venue_5980a129515e350019c72f30|вагонка-5980a129515e350019c72f30|Вагонка|CONCERT_HALL|калининград|Калининград|1|1|0|0|1|1|1|0|0|0|54.711788|20.45323499999995|0
venue_56a8df119cb5382d2abf58a3|dk-zheleznodorozhnikov-56a8df119cb5382d2abf58a3|ДК ЖЕЛЕЗНОДОРОЖНИКОВ|CONCERT_HALL|калининград|Калининград|0|0|0|1|1|1|1|0|0|1|54.6927677|20.506801300000006|0
venue_62d81d9094598dbaa9d92140|замок-бранденбург-62d81d9094598dbaa9d92140|Замок Бранденбург|CONCERT_HALL|калининград|Калининград|0|0|0|0|1|1|1|0|0|0|54.614100923778764|20.248618125915527|17
ven_ms_1a4b9e7c303fe0da|kaliningrad-kirkha-svyatogo-semeystva|Кирха Святой Семейства|CONCERT_HALL|калининград|Калининград|0|0|1|1|1|1|1|1|1|1|54.7098|20.5149|150
venue_6a48d3e4938f3aa36f55a47c|гостиница-radisson-blu-зал-кенигсберг-6a48d3e4938f3aa36f55a47c|гостиница Radisson Blu,  зал Кёнигсберг|CONCERT_HALL|калининград|Калининград|1|1|0|0|1|1|1|0|0|0|54.719898585781415|20.504050254821777|0
venue_59dd3fced352860019daf700|зал-royal-park-резиденция-королеи-59dd3fced352860019daf700|зал "Royal Park" ("Резиденция Королей")|CONCERT_HALL|калининград|Калининград|0|0|0|0|1|1|1|0|0|0|54.7230371|20.528050699999994|0
venue_6aa71a2396b1f54b7b79a9ca|гдц-городскои-досуговыи-центр-6aa71a2396b1f54b7b79a9ca|ГДЦ ( Городской Досуговый центр)|CONCERT_HALL|калуга|Калуга|0|0|0|0|1|1|1|0|0|0|54.526543811978044|36.260767579078674|0
venue_5af567a7515e35001da78af3|dvorec-kultury-ktz-5af567a7515e35001da78af3|Дворец Культуры КТЗ|CONCERT_HALL|калуга|Калуга|1|1|0|1|1|1|1|0|0|1|54.5309816|36.26864230000001|0
venue_5c1ec39c0868aa000bcb3dbc|жара-5c1ec39c0868aa000bcb3dbc|ЖАРА|CONCERT_HALL|калуга|Калуга|1|1|0|0|1|1|1|0|0|0|54.51685|36.26557290000005|0
venue_678f48df190ef44924b8f05b|областнои-молодежныи-центр-678f48df190ef44924b8f05b|Областной молодежный центр|CONCERT_HALL|калуга|Калуга|1|1|0|0|1|1|1|0|0|0|54.500928896252454|36.26370996236801|0
venue_58066f009cb538028f498aa2|паб-овертаим-58066f009cb538028f498aa2|Паб "Овертайм"|CONCERT_HALL|калуга|Калуга|1|1|0|0|1|1|1|0|0|0|54.531509|36.271531|0
venue_5a2a559c515e35001af55a61|дворец-культуры-металлург-5a2a559c515e35001af55a61|Дворец Культуры Металлург|CONCERT_HALL|кандалакша|Кандалакша|1|1|0|0|1|1|1|0|0|0|67.18191039999999|32.447742699999935|0
venue_5cb359763d0e4c000ce7541d|дворец-спорта-и-молодежи-им-али-алиева-5cb359763d0e4c000ce7541d|Дворец спорта и молодежи им. Али Алиева|CONCERT_HALL|каспииск|Каспийск|0|0|0|0|1|1|1|0|0|0|42.906618|47.623493|0
venue_694c18dfb9999b27fdf7995a|grill-bar42-694c18dfb9999b27fdf7995a|Grill-bar42|CONCERT_HALL|кемерово|Кемерово|0|0|0|0|1|1|1|0|0|0|55.3456517|86.13012909999999|0
venue_61314f1afdd443fce5528883|efir-61314f1afdd443fce5528883|ЭФИР|CONCERT_HALL|кемерово|Кемерово|1|1|0|1|1|1|1|0|0|1|55.33474700000001|86.176649|0
venue_67fe88096b4cc5ea32a2ed28|veranda-67fe88096b4cc5ea32a2ed28|VERANDA|CONCERT_HALL|кириши|Кириши|1|1|0|0|1|1|1|0|0|0|59.4523535676005|32.003869861364365|0
venue_613b0e3885384248b6570b86|mr-green-613b0e3885384248b6570b86|Mr. Green|CONCERT_HALL|киров-кировская-область|Киров (Кировская область)|1|1|0|0|1|1|1|0|0|0|58.61828980000001|49.6830198|0
venue_6905a77e99296baee8e65dd9|sobranie-lounge-bar-6905a77e99296baee8e65dd9|SOBRANIE LOUNGE BAR|CONCERT_HALL|киров-кировская-область|Киров (Кировская область)|1|1|0|1|1|1|1|0|0|1|58.6089335189472|49.68924976694683|0
venue_64009069c9830f4a17716e42|атмосфера-64009069c9830f4a17716e42|Атмосфера|CONCERT_HALL|киров-кировская-область|Киров (Кировская область)|1|1|0|0|1|1|1|0|0|0|58.6133479|49.6688625|0
venue_6511c5413834bc02d57c1804|дворец-культуры-ржд-6511c5413834bc02d57c1804|Дворец культуры РЖД|CONCERT_HALL|киров-кировская-область|Киров (Кировская область)|1|1|0|0|1|1|1|0|0|0|58.5843781|49.6659608|6
venue_58b520c5515e350016863f06|когаук-вятская-филармония-58b520c5515e350016863f06|КОГАУК «Вятская филармония»|CONCERT_HALL|киров-кировская-область|Киров (Кировская область)|1|1|0|0|1|1|1|0|0|0|58.59413|49.68426999999997|0
venue_6992c117c9ec378447e07b9a|концертныи-зал-твориста-6992c117c9ec378447e07b9a|Концертный зал «Твориста»|CONCERT_HALL|киров-кировская-область|Киров (Кировская область)|1|1|0|0|1|1|1|0|0|0|58.61465|49.6664573|0
venue_6a6a1fb2140f9a649b789401|музыкальныи-арбат-6a6a1fb2140f9a649b789401|Музыкальный Арбат|CONCERT_HALL|киров-кировская-область|Киров (Кировская область)|1|1|0|0|1|1|1|0|0|0|58.6032692|49.66007279999999|0
venue_68efae5ed00034ebafd7260b|дворец-культуры-металлург-68efae5ed00034ebafd7260b|Дворец Культуры Металлург|CONCERT_HALL|кировград|Кировград|1|1|0|0|1|1|1|0|0|0|57.4286068|60.0695505|0
venue_58cab4f4d352860018b412bb|кировскии-городскои-дворец-культуры-58cab4f4d352860018b412bb|Кировский Городской Дворец Культуры|CONCERT_HALL|кировск-мурманская-область|Кировск (Мурманская область)|1|1|0|0|1|1|1|0|0|0|67.61201788476403|33.666974902153015|0
venue_62eb8ad950b52de4f2b231dd|дк-коломна-62eb8ad950b52de4f2b231dd|ДК Коломна|CONCERT_HALL|коломна|Коломна|1|1|0|0|1|1|1|0|0|0|55.075996|38.802617|0
venue_5ba3497f8303cb000cc5caa8|dk-aviastroitelei-im-50-letiya-oktyabrya-5ba3497f8303cb000cc5caa8|ДК Авиастроителей им. 50-летия Октября|CONCERT_HALL|комсомольск-на-амуре|Комсомольск-на-Амуре|1|1|0|1|1|1|1|0|0|1|50.5790713|137.06818640000006|0
venue_5e4ce4cec96f5455528bc749|dom-molodezhi-5e4ce4cec96f5455528bc749|Дом Молодёжи|CONCERT_HALL|комсомольск-на-амуре|Комсомольск-на-Амуре|1|1|0|1|1|1|1|0|0|1|50.5326324|137.0279115|60
venue_690bda0646b7bb3288670e90|банкетныи-зал-икра-690bda0646b7bb3288670e90|Банкетный зал "ИКРА"|CONCERT_HALL|кострома|Кострома|0|0|0|0|1|1|1|0|0|0|57.749067159210675|40.97866012249142|20
venue_61d5b045af1fb82f5eba0fc7|pivoteka-swabz-61d5b045af1fb82f5eba0fc7|ПИВОТЕКА SWABZ|CONCERT_HALL|кострома|Кострома|1|1|0|1|1|1|1|0|0|1|57.7643356|40.9509686|0
venue_68c6ba7a4c95e5897d617cf9|паб-свои-да-наши-68c6ba7a4c95e5897d617cf9|Паб "Свои да Наши"|CONCERT_HALL|кострома|Кострома|1|1|0|0|1|1|1|0|0|0|57.7748608|40.9438799|0
venue_69e89c3eefabc21a73f18c01|harat-s-irish-pub-69e89c3eefabc21a73f18c01|Harat’s Irish Pub|CONCERT_HALL|красная-поляна|Красная Поляна|0|0|0|1|1|1|1|0|0|1|43.683685937261295|40.26004683226347|0
venue_6a86b9205fb6339e638fa149|nirvana-6a86b9205fb6339e638fa149|Nirvana|CONCERT_HALL|красная-поляна|Красная Поляна|0|0|0|0|1|1|1|0|0|0|43.6860971|40.2791874|0
venue_6437c688c96f3884a632a3cd|kurort-krasnaya-polyana-6437c688c96f3884a632a3cd|Курорт Красная Поляна|CONCERT_HALL|красная-поляна|Красная Поляна|0|0|1|0|1|1|1|0|0|1|43.68336039015593|40.26717371289735|256
venue_5f22ca1b79957f9550e3d39f|rock-bar-small-stage-5f22ca1b79957f9550e3d39f|Rock Bar Small Stage|CONCERT_HALL|краснодар|Краснодар|1|1|0|1|1|1|1|0|0|1|45.0309685|38.9737935|0
venue_69f48c9a98a8d0f4911ed056|sgt-pepper-s-bar-69f48c9a98a8d0f4911ed056|Sgt. Pepper's Bar|CONCERT_HALL|краснодар|Краснодар|1|1|0|0|1|1|1|0|0|0|45.0292107|38.9749691|0
venue_58aa24a1515e35001546b75d|the-rock-bar-58aa24a1515e35001546b75d|The Rock Bar|CONCERT_HALL|краснодар|Краснодар|1|1|1|1|1|1|1|0|0|1|45.0310467|38.97442239999998|151
venue_6a990e2b5aaa3cc8187147ee|бабушка-ракета-книжныи-особняк-и-кофеиня-6a990e2b5aaa3cc8187147ee|«Бабушка-ракета» - книжный особняк и кофейня|CONCERT_HALL|краснодар|Краснодар|0|0|1|0|1|1|1|0|0|0|45.0226297|38.97439620000001|161
venue_5a6f0800d35286001fa55974|дк-железнодорожников-5a6f0800d35286001fa55974|ДК Железнодорожников|CONCERT_HALL|краснодар|Краснодар|1|1|0|0|1|1|1|0|0|0|45.019451|38.985833|0
venue_65b3601b1665ac3b78305f47|ds-olimp-65b3601b1665ac3b78305f47|ДС ОЛИМП|CONCERT_HALL|краснодар|Краснодар|1|1|0|1|1|1|1|0|0|1|45.016384238024784|38.95587610268137|0
venue_680b42f175e76ad384778b6c|дом-адамули-680b42f175e76ad384778b6c|Дом Адамули|CONCERT_HALL|краснодар|Краснодар|1|1|0|0|1|1|1|0|0|0|45.02323716439857|38.965734897440015|0
venue_5d8396e89430ebbde6c24fea|дом-культуры-учащиися-молодежи-в-краснодаре-5d8396e89430ebbde6c24fea|Дом Культуры Учащийся Молодежи в Краснодаре|CONCERT_HALL|краснодар|Краснодар|1|1|0|0|1|1|1|0|0|0|45.0305452|38.98545309999997|0
venue_638f346c1eac7f1283e1f413|krop-arena-638f346c1eac7f1283e1f413|КРОП Арена|CONCERT_HALL|краснодар|Краснодар|1|1|0|1|1|1|1|0|0|1|45.045184647074194|38.98271714141083|0
venue_69eb29e0b3cb6987b250ce20|колумб-69eb29e0b3cb6987b250ce20|Колумб|CONCERT_HALL|краснодар|Краснодар|0|0|0|0|1|1|1|0|0|0|45.0320879|38.9646451|0
venue_64e7093fd7a4dcf239fd559d|port-219-64e7093fd7a4dcf239fd559d|Порт 219|CONCERT_HALL|краснодар|Краснодар|1|1|0|1|1|1|1|0|0|1|45.0103582|38.994978|0
venue_69f8bec04703ac5748939250|порт-клаб-69f8bec04703ac5748939250|Порт клаб|CONCERT_HALL|краснодар|Краснодар|1|1|1|0|1|1|1|0|0|0|45.0200742|39.0266847|754
venue_61c9d3d1c308674d1dbc38e6|serzhant-pepper-61c9d3d1c308674d1dbc38e6|Сержант Пеппер|CONCERT_HALL|краснодар|Краснодар|1|1|0|1|1|1|1|0|0|1|45.0293548|38.9743897|0
venue_5985ec90515e350019bd03c5|филармония-им-г-ф-пономаренко-5985ec90515e350019bd03c5|Филармония им. Г.Ф. Пономаренко|CONCERT_HALL|краснодар|Краснодар|1|1|1|0|1|1|1|0|0|0|45.0271055|38.97097340000005|712
ven_ms_adf9890a198ecb85|krasnodar-filarmoniya-ponomarenko|Филармония им. Пономаренко|CONCERT_HALL|краснодар|Краснодар|0|0|0|1|1|1|1|0|0|1|45.026112|38.971912|0
venue_5819942c9cb53807eb09979d|цкз-кубанского-казачьего-хора-5819942c9cb53807eb09979d|ЦКЗ Кубанского казачьего хора|CONCERT_HALL|краснодар|Краснодар|1|1|0|0|1|1|1|0|0|0|45.016847|38.96724599999993|0
venue_5866369c515e350016f974ae|circus-concert-hall-5866369c515e350016f974ae|Circus Concert-Hall|CONCERT_HALL|красноярск|Красноярск|0|0|0|1|1|1|1|0|0|1|56.0290095|92.77610779999998|0
venue_69707716a4eeb4230dffd960|kitchen-lab-джазовыи-гастропаб-69707716a4eeb4230dffd960|Kitchen Lab Джазовый гастропаб|CONCERT_HALL|красноярск|Красноярск|1|1|0|0|1|1|1|0|0|0|56.010141|92.8748619|0
venue_5a8869d0d35286001b5705d2|арт-мастерская-yushin-brothers-5a8869d0d35286001b5705d2|Арт-мастерская Yushin Brothers|CONCERT_HALL|красноярск|Красноярск|1|1|0|0|1|1|1|0|0|0|56.011094|92.86049600000001|0
venue_6a3507524bbc2f732b322356|beiker-strit-6a3507524bbc2f732b322356|Бейкер Стрит|CONCERT_HALL|красноярск|Красноярск|1|1|0|1|1|1|1|0|0|1|56.0387302|92.8812166|0
venue_60019685bed87cd0f9ee6310|эрмитаж-60019685bed87cd0f9ee6310|Государственный Эрмитаж (Зимний дворец)|CONCERT_HALL|красноярск|Красноярск|1|1|0|0|1|1|1|0|0|0|56.0099968|92.8781941|0
venue_59db7096519f7b0021d743ed|dk-kombainostroitelei-59db7096519f7b0021d743ed|ДК Комбайностроителей|CONCERT_HALL|красноярск|Красноярск|1|1|0|1|1|1|1|0|0|1|56.006595|92.83599099999992|0
venue_647426d3968c389ba8f5c79f|dvorec-kultury-i-sporta-metallurgov-647426d3968c389ba8f5c79f|Дворец культуры и спорта Металлургов|CONCERT_HALL|красноярск|Красноярск|1|1|0|1|1|1|1|0|0|1|56.0539898|92.97543150000001|0
venue_5718ea539cb53807aab04625|кз-гранд-холл-сибирь-5718ea539cb53807aab04625|КЗ Гранд Холл «Сибирь»|CONCERT_HALL|красноярск|Красноярск|1|1|0|0|1|1|1|0|0|0|56.0403842|92.92372890000001|0
ven_ms_16f0b26832fca0cb|krasnoyarsk-filarmoniya-bkz|Краевая филармония (БКЗ)|CONCERT_HALL|красноярск|Красноярск|0|0|0|1|1|1|1|0|0|1|56.016712|92.896712|0
venue_5dd900bd6314a2f6642d8b07|maksimilians-5dd900bd6314a2f6642d8b07|Максимилианс|CONCERT_HALL|красноярск|Красноярск|1|1|0|1|1|1|1|0|0|1|56.0388503|92.93555509999999|0
venue_58e7d5b4515e350015ef926a|тц-родина-58e7d5b4515e350015ef926a|ТЦ "Родина"|CONCERT_HALL|кузнецк|Кузнецк|1|1|0|0|1|1|1|0|0|0|53.1189569|46.59999960000005|0
venue_5a7c1f1c519f7b001ddf12db|дк-имени-в-в-куибышева-5a7c1f1c519f7b001ddf12db|ДК имени В.В.Куйбышева|CONCERT_HALL|куибышев|Куйбышев|0|0|0|0|1|1|1|0|0|0|55.4447315|78.33111580000002|0
venue_5a97e880515e35001ca6a76c|дворец-угольщиков-5a97e880515e35001ca6a76c|Дворец угольщиков|CONCERT_HALL|кумертау|Кумертау|1|1|0|0|1|1|1|0|0|0|52.7518354|55.79671499999995|0
venue_5c7d01518833c8000c79fd95|harat-s-pub-5c7d01518833c8000c79fd95|Harat`s pub|CONCERT_HALL|курган|Курган|1|1|0|1|1|1|1|0|0|1|55.432087|65.34311300000002|0
venue_58ecbc66515e350015f23ca1|дворец-культуры-машиностроителеи-58ecbc66515e350015f23ca1|Дворец культуры машиностроителей|CONCERT_HALL|курган|Курган|1|1|0|0|1|1|1|0|0|0|55.440026|65.35031800000002|0
venue_5df8a58d321b864b297e5575|ledovyi-dvorec-sporta-im-parysheva-5df8a58d321b864b297e5575|Ледовый Дворец Спорта им. Парышева|CONCERT_HALL|курган|Курган|1|1|0|1|1|1|1|0|0|1|55.47246699999999|65.26101689999996|0
venue_5b2266a7515e35001fecc236|centr-kultury-i-dosuga-5b2266a7515e35001fecc236|​Центр Культуры и Досуга|CONCERT_HALL|куровское|Куровское|1|1|0|1|1|1|1|0|0|1|55.5772325|38.92365029999996|0
venue_5b338393515e35001d5bfe80|серебряная-fabrika-5b338393515e35001d5bfe80|Серебряная FABRIKA|CONCERT_HALL|курск|Курск|1|1|0|0|1|1|1|0|0|0|51.7451158|36.194905999999946|0
venue_5e2092322f9581496bd157ec|лениногорскии-дворец-культуры-5e2092322f9581496bd157ec|Лениногорский дворец культуры|CONCERT_HALL|лениногорск|Лениногорск|1|1|0|0|1|1|1|0|0|0|54.5996117|52.4466544|0
venue_674f1077e172585981f25d62|underground-674f1077e172585981f25d62|Underground|CONCERT_HALL|липецк|Липецк|1|1|0|1|1|1|1|0|0|1|52.5948272|39.5246854|0
venue_5f9813ae1591994406e0546a|ds-zvezdnyi-5f9813ae1591994406e0546a|ДС «Звездный»|CONCERT_HALL|липецк|Липецк|1|1|0|1|1|1|1|0|0|1|52.615804|39.5719489|0
venue_58637f13515e3500184c793c|крк-мегаполис-58637f13515e3500184c793c|КРК "Мегаполис"|CONCERT_HALL|липецк|Липецк|1|1|0|0|1|1|1|0|0|0|52.60862485958647|39.529409408569336|0
venue_5846ba19515e35001575d517|lipeckii-oblastnoi-centr-kultury-5846ba19515e35001575d517|Липецкий Областной Центр Культуры|CONCERT_HALL|липецк|Липецк|1|1|0|1|1|1|1|0|0|1|52.61515960000001|39.55653630000006|0
venue_6235f331b250f8579db79930|городскои-дворец-культуры-6235f331b250f8579db79930|Городской дворец культуры|CONCERT_HALL|лиски|Лиски|1|1|0|0|1|1|1|0|0|0|50.98736274469542|39.48850982030895|0
venue_5a608e8dd35286001e125518|дк-чаика-5a608e8dd35286001e125518|ДК "Чайка"|CONCERT_HALL|лобня|Лобня|1|1|0|0|1|1|1|0|0|0|56.0092447|37.46771620000004|0
venue_56c6f97c9cb53809a830eb24|дк-люберцы-56c6f97c9cb53809a830eb24|ДК "Люберцы"|CONCERT_HALL|люберцы|Люберцы|1|1|0|0|1|1|1|0|0|0|55.6769481|37.898484300000064|0
venue_655f15133c51b2b2b185217e|dvorec-sporta-triumf-655f15133c51b2b2b185217e|Дворец спорта Триумф|CONCERT_HALL|люберцы|Люберцы|0|0|0|1|1|1|1|0|0|1|55.67513599999999|37.8920266|0
venue_604faa27c0a1ea7c065ed4d2|gibson-bar-604faa27c0a1ea7c065ed4d2|Gibson Bar|CONCERT_HALL|магнитогорск|Магнитогорск|0|0|0|1|1|1|1|0|0|1|53.378027|58.97541099999999|0
venue_6674468bdee7bc6708d43eb7|irish-pub-molly-6674468bdee7bc6708d43eb7|Irish Pub Molly|CONCERT_HALL|магнитогорск|Магнитогорск|1|1|0|0|1|1|1|0|0|0|53.3927214|59.06230669999999|0
venue_6a38bf3bd268baa65191d658|gorodskoi-kurort-prityazhenie-6a38bf3bd268baa65191d658|Городской курорт «Притяжение»|CONCERT_HALL|магнитогорск|Магнитогорск|0|0|0|1|1|1|1|0|0|1|53.382247|58.960362|0
venue_6a1d6b6ddbf38f853f801933|парк-притяжение-6a1d6b6ddbf38f853f801933|Парк «Притяжение»|CONCERT_HALL|магнитогорск|Магнитогорск|0|0|0|0|1|1|1|0|0|0|53.3749157|58.96330099999999|0
venue_65e02c3df59c73840c917d1d|grand-hall-65e02c3df59c73840c917d1d|Grand Hall|CONCERT_HALL|маикоп|Майкоп|1|1|0|0|1|1|1|0|0|0|44.5990093|40.0729883|0
venue_5b85282c4532e4000d437f67|дворец-искусств-5b85282c4532e4000d437f67|Дворец искусств|CONCERT_HALL|мегион|Мегион|1|1|0|0|1|1|1|0|0|0|61.03060439999999|76.10430930000007|0
venue_5b4872d7515e35001c999949|дк-автомобилестроителеи-5b4872d7515e35001c999949|"ДК Автомобилестроителей"|CONCERT_HALL|миасс|Миасс|1|1|0|0|1|1|1|0|0|0|55.0592637|60.10966659999997|0
venue_65e1befacf030398e187fd6d|дкит-прометеи-65e1befacf030398e187fd6d|ДКиТ «Прометей»|CONCERT_HALL|миасс|Миасс|1|1|0|0|1|1|1|0|0|0|55.150807|60.154836|0
venue_6453b6a2a6297900d84bd976|mvc-minvodyekspo-6453b6a2a6297900d84bd976|МВЦ "МинводыЭКСПО"|CONCERT_HALL|минеральные-воды|Минеральные Воды|0|0|0|1|1|1|1|0|0|1|44.21364839105892|43.0768346786499|0
venue_5defd8c9dff1c4a2ed933343|дом-офицеров-монино-5defd8c9dff1c4a2ed933343|Дом Офицеров Монино|CONCERT_HALL|монино|Монино|1|1|0|0|1|1|1|0|0|0|55.836521|38.20041100000003|0
venue_554111c09cb538793e6a3c37|16-tonn-554111c09cb538793e6a3c37|16 Тонн|CONCERT_HALL|moskva|Москва|1|1|0|1|1|1|1|0|0|1|55.76430800000001|37.56434200000001|0
venue_5de7d79122248949486cd062|16-тонн-арбат-5de7d79122248949486cd062|16 Тонн Арбат|CONCERT_HALL|moskva|Москва|1|1|0|0|1|1|1|0|0|0|55.749545|37.59086100000002|0
venue_698bace91d0f60c8124016ca|atlas-698bace91d0f60c8124016ca|Atlas|CONCERT_HALL|moskva|Москва|1|1|1|1|1|1|1|0|0|1|55.764637|37.569102|163
venue_61c7478db9bfd750434ae646|atmosphere-61c7478db9bfd750434ae646|Atmosphere|CONCERT_HALL|moskva|Москва|1|1|0|1|1|1|1|0|0|1|55.75682|37.530119|0
venue_63985a2fcae029a4d9184fee|base-63985a2fcae029a4d9184fee|BASE|CONCERT_HALL|moskva|Москва|1|1|0|1|1|1|1|0|0|1|55.70956834976104|37.59540852210927|0
venue_65b792f78894baa69b92b0dc|black-loft-by-bolshevik-loft-65b792f78894baa69b92b0dc|Black Loft (by Bolshevik Loft)|CONCERT_HALL|москва|Москва|0|0|0|1|1|1|1|0|0|1|55.7814929|37.5721214|0
venue_691350e51cff3141a7b9a616|castle-concert-hall-691350e51cff3141a7b9a616|Castle Concert Hall|CONCERT_HALL|moskva|Москва|1|1|0|0|1|1|1|0|0|0|55.834866|37.447054|0
venue_69313f61d2ccfa29436c7889|comedy34-69313f61d2ccfa29436c7889|Comedy34|CONCERT_HALL|moskva|Москва|1|1|0|1|1|1|1|0|0|1|55.7713753|37.6325577|0
venue_63cebc98a6d000bcd60364cb|community-63cebc98a6d000bcd60364cb|Community|CONCERT_HALL|moskva|Москва|1|1|0|1|1|1|1|0|0|1|55.7458597881569|37.63831726296219|0
venue_671f81d2c3ab3c072a28b07d|drunk-punk-bar-671f81d2c3ab3c072a28b07d|Drunk Punk Bar|CONCERT_HALL|moskva|Москва|1|1|0|0|1|1|1|0|0|0|55.761007|37.662775|31
venue_68406a8efd2b30ee7ce47b68|eclipse-moon-68406a8efd2b30ee7ce47b68|ECLIPSE MOON|CONCERT_HALL|moskva|Москва|1|1|0|1|1|1|1|0|0|1|55.78075295645914|37.69146577953818|0
venue_66f3c5a825acaf0bae15405b|eclipse|Eclipse|CONCERT_HALL|moskva|Москва|1|1|0|1|1|1|1|0|0|1|55.7812767|37.692772|0
venue_632be3fb43586cbda739264c|ex-libris-632be3fb43586cbda739264c|Ex:Libris|CONCERT_HALL|moskva|Москва|1|1|0|1|1|1|1|0|0|1|55.765225|37.6346131|9
venue_67ac5c361b058ee4715a5789|gamma-more-67ac5c361b058ee4715a5789|Gamma More|CONCERT_HALL|moskva|Москва|1|1|0|1|1|1|1|0|0|1|55.7718713372056|37.6365520242607|0
venue_65d4886d258c773b714c3483|glavstandup-hall-65d4886d258c773b714c3483|Glavstandup Hall|CONCERT_HALL|moskva|Москва|1|1|0|0|1|1|1|0|0|0|55.769733|37.650135|21
venue_6835bdb34a935cd6c9023c97|hype-terrace-6835bdb34a935cd6c9023c97|HYPE TERRACE|CONCERT_HALL|moskva|Москва|1|1|0|0|1|1|1|0|0|0|55.7470801537174|37.53927851029207|12
venue_6a4a5f575a624eab861a7127|heaven-bar-6a4a5f575a624eab861a7127|Heaven Bar|CONCERT_HALL|moskva|Москва|1|1|0|0|1|1|1|0|0|0|55.782528|37.600739|0
venue_60a6093a8bf80041a104f8e0|live-stars-60a6093a8bf80041a104f8e0|Live Stars|CONCERT_HALL|moskva|Москва|1|1|0|1|1|1|1|0|0|1|55.7409903|37.6103378|0
venue_68b8507ea44b779b35d7beb3|live-stars-68b8507ea44b779b35d7beb3|Live Stars|CONCERT_HALL|москва|Москва|0|0|0|1|1|1|1|0|0|1|55.7409871|37.61033340000001|0
venue_669e2931664c15844070260a|mellow-yellow-669e2931664c15844070260a|Mellow Yellow|CONCERT_HALL|москва|Москва|0|0|0|0|1|1|1|0|0|0|55.679212|37.640446|0
venue_63fa06a7c29b1efe05805d5b|omega-rooftop-63fa06a7c29b1efe05805d5b|Omega Rooftop|CONCERT_HALL|moskva|Москва|1|1|0|1|1|1|1|0|0|1|55.77101649999999|37.619691|59
venue_5cab254e962d37000c1e89da|omega-tsvetnoy-rooftop-5cab254e962d37000c1e89da|Omega Tsvetnoy Rooftop|CONCERT_HALL|moskva|Москва|1|1|0|1|1|1|1|0|0|1|55.7710991|37.61994679999998|6
venue_5a65b445d35286001d9dff03|o-connell-s-pub-5a65b445d35286001d9dff03|O’Connell’s Pub|CONCERT_HALL|moskva|Москва|1|1|0|1|1|1|1|0|0|1|55.758952|37.646254|0
venue_65bbbb2b357ff28836bd9ebd|pravda-leto-65bbbb2b357ff28836bd9ebd|PRAVDA ЛЕТО|CONCERT_HALL|moskva|Москва|1|1|0|1|1|1|1|0|0|1|55.6868705|37.62135870000001|0
venue_66921e69dab9c15f30015828|pub-no-pub-66921e69dab9c15f30015828|PUB NO PUB|CONCERT_HALL|moskva|Москва|1|1|0|1|1|1|1|0|0|1|55.7414009601497|37.65282004270788|88
venue_629c570c6a29deb8ea2e4d2c|pravda-629c570c6a29deb8ea2e4d2c|Pravda|CONCERT_HALL|moskva|Москва|1|1|0|1|1|1|1|0|0|1|55.6848221|37.6218802|0
venue_68c012a603109267cf060451|pro-шашлык-68c012a603109267cf060451|Pro.Шашлык|CONCERT_HALL|москва|Москва|0|0|0|0|1|1|1|0|0|0|55.7536893|37.59763969999999|0
venue_5a78873b519f7b001b70d80d|punk-fiction-5a78873b519f7b001b70d80d|Punk Fiction|CONCERT_HALL|moskva|Москва|1|1|0|1|1|1|1|0|0|1|55.774643|37.67107299999998|0
venue_65f332f22f123c63dd3d8476|smoke-dog-65f332f22f123c63dd3d8476|Smoke Dog|CONCERT_HALL|moskva|Москва|1|1|0|0|1|1|1|0|0|0|55.7087791|37.6247915|0
venue_59e5df33d35286001beeaeda|soho-rooms-59e5df33d35286001beeaeda|Soho Rooms|CONCERT_HALL|moskva|Москва|1|1|1|1|1|1|1|0|0|1|55.7322925|37.560508700000014|172
venue_5f55408d42d4ce8fe6a2208f|stand-up-патрики-5f55408d42d4ce8fe6a2208f|Stand Up Патрики|CONCERT_HALL|moskva|Москва|1|1|0|0|1|1|1|0|0|0|55.762498|37.587717|0
venue_66953ffc36fed1abc1107269|standup-store-moscow-66953ffc36fed1abc1107269|StandUp Store Moscow|CONCERT_HALL|москва|Москва|0|0|0|1|1|1|1|0|0|1|55.7656952|37.6156798|0
venue_653b79a2e4861daf578ef511|stereo-people-653b79a2e4861daf578ef511|Stereo People|CONCERT_HALL|moskva|Москва|1|1|0|1|1|1|1|0|0|1|55.782189|37.599588|0
venue_64e72392cc4836a5df632812|stereopeople-64e72392cc4836a5df632812|StereoPeople|CONCERT_HALL|moskva|Москва|1|1|0|1|1|1|1|0|0|1|55.782189|37.599588|0
venue_6752b7bedaddd3870c3a4a53|tau-6752b7bedaddd3870c3a4a53|TAU|CONCERT_HALL|moskva|Москва|1|1|0|0|1|1|1|0|0|0|55.723937|37.753227|0
venue_62ba1b3e708f9cf34dd47c70|taganka-roof-62ba1b3e708f9cf34dd47c70|Taganka Roof|CONCERT_HALL|москва|Москва|0|0|0|0|1|1|1|0|0|0|55.7437427|37.6562227|0
venue_6a6b63be852389b0ff9fad00|tangiers-lounge-botanica-6a6b63be852389b0ff9fad00|Tangiers Lounge Botanica|CONCERT_HALL|moskva|Москва|1|1|0|0|1|1|1|0|0|0|55.8397385|37.6364163|0
venue_6a22b2c3df8634edd303afca|the-hole-6a22b2c3df8634edd303afca|The Hole|CONCERT_HALL|moskva|Москва|1|1|0|1|1|1|1|0|0|1|55.75714507124374|37.632251033940605|0
venue_5502b1669cb5386b269bfbdb|vk-stadium-5502b1669cb5386b269bfbdb|VK Stadium|CONCERT_HALL|moskva|Москва|1|1|0|0|1|1|1|0|0|0|55.80786550415521|37.51114368438721|0
venue_6623c60d0b3f696aa5792300|vk-muzyka-letom-6623c60d0b3f696aa5792300|VK Музыка Летом|CONCERT_HALL|москва|Москва|0|0|0|1|1|1|1|0|0|1|55.7563252|37.5307011|0
venue_69d7bd3df021ac8b36fd4611|vnvnc-69d7bd3df021ac8b36fd4611|VNVNC|CONCERT_HALL|moskva|Москва|1|1|0|0|1|1|1|0|0|0|55.7623957|37.662364|0
venue_6a47da55e0d41d24a660ed78|walk-of-fame-6a47da55e0d41d24a660ed78|WALK OF FAME|CONCERT_HALL|москва|Москва|0|0|0|1|1|1|1|0|0|1|55.7384966|37.4107393|70
venue_6808c20da1de9db9f17bdad2|who-is-who-6808c20da1de9db9f17bdad2|WHO IS WHO|CONCERT_HALL|москва|Москва|0|0|0|0|1|1|1|0|0|0|55.77153269999999|37.60528790000001|0
venue_62ff3a2d9eb12a21116e7dd3|yauza-62ff3a2d9eb12a21116e7dd3|Yauza|CONCERT_HALL|moskva|Москва|1|1|0|1|1|1|1|0|0|1|55.7514905|37.644725|0
venue_682dd54fc6e83fb448d68274|fabula-hq-682dd54fc6e83fb448d68274|fābula HQ|CONCERT_HALL|moskva|Москва|1|1|0|0|1|1|1|0|0|0|55.75616300000001|37.677375|0
venue_6a350d7240ee859f5fdb20ab|svetlo-6a350d7240ee859f5fdb20ab|svetlo|CONCERT_HALL|moskva|Москва|1|1|0|0|1|1|1|0|0|0|55.7608432|37.6659567|0
venue_6659c4e7db66157c6502c6ca|киевская-внутри-6659c4e7db66157c6502c6ca|«Киевская внутри»|CONCERT_HALL|москва|Москва|0|0|0|0|1|1|1|0|0|0|55.742917|37.5619187|0
venue_6a2af760c5e082ec00b8a659|oberton-6a2af760c5e082ec00b8a659|«Обертон»|CONCERT_HALL|moskva|Москва|1|1|0|1|1|1|1|0|0|1|55.818757|37.519884|0
venue_5d66984b69f01c1bf5488193|смена-2-0-5d66984b69f01c1bf5488193|«Смена 2.0»|CONCERT_HALL|moskva|Москва|1|1|0|0|1|1|1|0|0|0|55.741556|37.65992600000004|0
venue_576a16279cb53812e572c44a|anglikanskaya-cerkov-svyatogo-andreya-st-andrews-anglican-church-576a16279cb53812e572c44a|Англиканская Церковь Святого Андрея///St Andrews Anglican Church|CONCERT_HALL|moskva|Москва|1|1|0|1|1|1|1|0|0|1|55.7584281|37.6050338|0
venue_641ac31ada270bf2479f3671|баунс-641ac31ada270bf2479f3671|БАУНС|CONCERT_HALL|moskva|Москва|1|1|0|0|1|1|1|0|0|0|55.784209|37.582901|0
venue_54d312969cb538448b06aeff|бкз-космос-54d312969cb538448b06aeff|БКЗ Космос|CONCERT_HALL|москва|Москва|0|0|0|0|1|1|1|0|0|0|55.82226799999999|37.647130999999945|0
venue_6a7af0051396bee7f0de944c|бенуаръ-6a7af0051396bee7f0de944c|Бенуаръ|CONCERT_HALL|moskva|Москва|1|1|0|0|1|1|1|0|0|0|55.7531277|37.5996067|0
venue_661329b5385e79d711e8eee5|библиотека-иностраннои-литературы-имени-м-и-рудомино-661329b5385e79d711e8eee5|Библиотека иностранной литературы имени М.И.Рудомино|CONCERT_HALL|moskva|Москва|1|1|0|0|1|1|1|0|0|0|55.7486313|37.6475842|0
venue_64f1d1894bfccdf555f926d6|biblioteka-po-estestvennym-naukam-rossiiskoi-akademii-nauk-64f1d1894bfccdf555f926d6|Библиотека по естественным наукам Российской академии наук.|CONCERT_HALL|moskva|Москва|1|1|0|1|1|1|1|0|0|1|55.74947852325153|37.60645316604613|35
venue_63072c45b1e7b39064de75c4|библиотека-читальня-имени-пушкина-63072c45b1e7b39064de75c4|Библиотека-Читальня имени Пушкина|CONCERT_HALL|moskva|Москва|1|1|0|0|1|1|1|0|0|0|55.7717261|37.6722064|0
venue_69b96b65e754987b371dbe07|vk-stadium-69b96b65e754987b371dbe07|ВК Стадиум|CONCERT_HALL|moskva|Москва|1|1|0|1|1|1|1|0|0|1|55.807817269867776|37.51188397407532|0
venue_6a47b47484bce9a476f74c94|veranda-kitaiskogo-letchika-dzhao-da-6a47b47484bce9a476f74c94|Веранда Китайского Летчика Джао Да|CONCERT_HALL|moskva|Москва|0|0|1|1|1|1|1|0|0|1|55.7556599|37.6322639|160
venue_661a8d78e58d4589b6805abe|vserossiiskaya-gosudarstvennaya-biblioteka-inostrannoi-literatury-im-m-i-rudomino-661a8d78e58d4589b6805abe|Всероссийская государственная библиотека иностранной литературы им. М. И. Рудомино|CONCERT_HALL|moskva|Москва|1|1|0|1|1|1|1|0|0|1|55.7486313|37.6475842|0
venue_61125588e0d568a2a3709556|vyshe-tolko-lyubov-61125588e0d568a2a3709556|Выше Только Любовь|CONCERT_HALL|moskva|Москва|1|1|0|1|1|1|1|0|0|1|55.7501868|37.5344604|46
venue_67dfafe2bd2da1c996fa2ce3|гнездо-глухаря-малыи-зал-67dfafe2bd2da1c996fa2ce3|Гнездо Глухаря (малый зал)|CONCERT_HALL|moskva|Москва|1|1|0|0|1|1|1|0|0|0|55.772376056584655|37.622452676296234|0
venue_6468e0edce28fce3d3d2c369|grafit-6468e0edce28fce3d3d2c369|Графит|CONCERT_HALL|moskva|Москва|1|1|0|1|1|1|1|0|0|1|55.75436370000001|37.7525408|0
venue_67e4f8b1aa2c11672e23ae75|графит-двор-67e4f8b1aa2c11672e23ae75|Графит. Двор|CONCERT_HALL|москва|Москва|0|0|0|0|1|1|1|0|0|0|55.75393735307374|37.752698931583765|0
venue_6953fb18cc6bda175a64664e|grimerka-6953fb18cc6bda175a64664e|Гримерка|CONCERT_HALL|moskva|Москва|1|1|0|1|1|1|1|0|0|1|55.7610399|37.62437389999999|0
venue_68d426d97e7f0d207661e5d7|dk-yunost-68d426d97e7f0d207661e5d7|ДК «Юность»|CONCERT_HALL|москва|Москва|0|0|0|1|1|1|1|0|0|1|56.3386003|38.24628939999999|0
venue_5c0faed83abedc000b7a917f|дк-альфа-кристалл-5c0faed83abedc000b7a917f|ДК АЛЬФА КРИСТАЛЛ|CONCERT_HALL|москва|Москва|0|0|0|0|1|1|1|0|0|0|55.756593|37.67321100000004|0
venue_6926111b1b365e1e3e2663a1|дк-завода-серп-и-молот-6926111b1b365e1e3e2663a1|ДК Завода "Серп и Молот"|CONCERT_HALL|moskva|Москва|1|1|0|0|1|1|1|0|0|0|55.74902239999999|37.6744022|0
venue_69b14c85720f0ddd76c5974d|дк-кристалл-69b14c85720f0ddd76c5974d|ДК КРИСТАЛЛ|CONCERT_HALL|moskva|Москва|1|1|0|0|1|1|1|0|0|0|55.75716000000001|37.675812|0
venue_61f2d244debbab343d578ccb|дом-61f2d244debbab343d578ccb|ДОМ|CONCERT_HALL|moskva|Москва|1|1|0|0|1|1|1|0|0|0|55.744287|37.629838|0
venue_6428531631f62cd3c9f9018d|depo-tri-vokzala-6428531631f62cd3c9f9018d|Депо Три Вокзала|CONCERT_HALL|москва|Москва|0|0|0|1|1|1|1|0|0|1|55.772726|37.6633489|0
venue_56ca26ea9cb5380a4730eb47|dzhipsi-56ca26ea9cb5380a4730eb47|Джипси|CONCERT_HALL|moskva|Москва|1|1|0|1|1|1|1|0|0|1|55.740001|37.6099558999999|0
venue_5697a3d29cb53872b655084d|dom-gogolya-5697a3d29cb53872b655084d|Дом Гоголя|CONCERT_HALL|moskva|Москва|1|1|0|1|1|1|1|0|0|1|55.754158|37.599828|0
venue_6468a3fdb2516beb95c871ea|dom-vintazhnoi-muzyki-6468a3fdb2516beb95c871ea|Дом винтажной музыки|CONCERT_HALL|moskva|Москва|1|1|0|1|1|1|1|0|0|1|55.7109586|37.6053061|0
venue_690b4ff857a0eef2956145c7|druzhba-siti-fudholl-690b4ff857a0eef2956145c7|Дружба-Сити, фудхолл|CONCERT_HALL|москва|Москва|0|0|1|1|1|1|1|0|0|1|55.7468307|37.5371164|360
venue_5c504771267581000cf13da5|esenin-centr-5c504771267581000cf13da5|Есенин-центр|CONCERT_HALL|moskva|Москва|1|1|0|1|1|1|1|0|0|1|55.7826524|37.6076501|0
venue_6424258132b7cb772dd49825|zavarka-6424258132b7cb772dd49825|Заварка|CONCERT_HALL|moskva|Москва|0|0|0|0|1|1|1|0|0|1|55.755941|37.5615173|0
venue_647cb9226e2cfb3a8b5ce2a0|zoocentr-panterik-647cb9226e2cfb3a8b5ce2a0|Зооцентр «ПАНТЕРИК»|CONCERT_HALL|москва|Москва|0|0|0|1|1|1|1|0|0|1|55.78413704682265|37.71642082365142|75
venue_6a31046a903600f480af94f0|zorka-6a31046a903600f480af94f0|Зорька|CONCERT_HALL|москва|Москва|0|0|0|1|1|1|1|0|0|1|55.7085102|37.5446515|0
venue_678646dab56fefdd6a2bf8e6|integrativnyi-dzhazovyi-centr-678646dab56fefdd6a2bf8e6|Интегративный джазовый центр|CONCERT_HALL|moskva|Москва|1|1|1|1|1|1|1|0|0|1|55.759651|37.652473|246
venue_651d3d47edf9c3ce49ad8e9d|кц-дом-651d3d47edf9c3ce49ad8e9d|КЦ "Дом"|CONCERT_HALL|moskva|Москва|1|1|0|0|1|1|1|0|0|0|55.744287|37.629838|0
venue_57471eba9cb5384d063b785a|kc-pokrovskie-vorota-57471eba9cb5384d063b785a|КЦ "Покровские Ворота"|CONCERT_HALL|москва|Москва|0|0|0|1|1|1|1|0|0|1|55.7602339|37.64808199999993|0
venue_6aad72799a4d0412a7c208f0|караоке-эхо-6aad72799a4d0412a7c208f0|Караоке Эхо|CONCERT_HALL|moskva|Москва|1|1|0|0|1|1|1|0|0|0|55.7664973|37.6081437|0
venue_687f6724c2c2a8a282cebbf7|католическая-церковь-святои-ольги-687f6724c2c2a8a282cebbf7|Католическая церковь святой Ольги|CONCERT_HALL|москва|Москва|0|0|0|0|1|1|1|0|0|0|55.67078709276655|37.74358018865809|0
venue_655ce67781e0bc3067a455d1|kvartira-s-vidom-655ce67781e0bc3067a455d1|Квартира с видом|CONCERT_HALL|москва|Москва|0|0|1|1|1|1|1|0|0|1|55.7424408|37.6314454|157
venue_647504303a782472471855aa|kitaiskii-letchik-dzhao-da-647504303a782472471855aa|Китайский Летчик Джао Да|CONCERT_HALL|москва|Москва|0|0|0|1|1|1|1|0|0|1|55.7549444|37.6344713|0
venue_583560aa515e3500150d969c|китаискии-летчик-джао-да-583560aa515e3500150d969c|Китайский лётчик Джао Да|CONCERT_HALL|moskva|Москва|1|1|0|0|1|1|1|0|0|0|55.75491479999999|37.63455299999998|0
venue_63de43230d056259effd11c0|концертныи-зал-москва-63de43230d056259effd11c0|Концертный зал "Москва"|CONCERT_HALL|москва|Москва|0|0|0|0|1|1|1|0|0|0|55.693755|37.671926|0
venue_651c25e22683921a5e7b8252|koncertnyi-zal-moskva-651c25e22683921a5e7b8252|Концертный зал «Москва»|CONCERT_HALL|moskva|Москва|1|1|0|1|1|1|1|0|0|1|55.69372082090328|37.67214091167739|0
venue_662f8d917afe1a02d87e75ed|крыша-депо-три-вокзала-662f8d917afe1a02d87e75ed|Крыша "Депо. Три вокзала"|CONCERT_HALL|moskva|Москва|1|1|0|0|1|1|1|0|0|0|55.77268979999999|37.6633338|0
venue_6272a2600d14077cda7f1f23|krysha-ibis-6272a2600d14077cda7f1f23|Крыша Ibis|CONCERT_HALL|москва|Москва|0|0|0|1|1|1|1|0|0|1|55.742917|37.5619187|0
venue_6652039b48682a5646099a33|крыша-депо-три-вокзала-6652039b48682a5646099a33|Крыша Депо. Три вокзала|CONCERT_HALL|moskva|Москва|1|1|0|0|1|1|1|0|0|0|55.772726|37.6633489|0
venue_5fbff78f44f75afd7863f086|крыша-депо-три-вокзала-5fbff78f44f75afd7863f086|Крыша Депо. Три вокзала.|CONCERT_HALL|москва|Москва|0|0|0|0|1|1|1|0|0|0|55.755826|37.6172999|0
venue_6484130bd12dfc8737c56850|krysha-na-novokuzneckoi-6484130bd12dfc8737c56850|Крыша на Новокузнецкой|CONCERT_HALL|москва|Москва|0|0|0|1|1|1|1|0|0|1|55.7424408|37.6314455|0
venue_561abe0e9cb5381c0dfd917d|культурныи-центр-салют-561abe0e9cb5381c0dfd917d|Культурный центр "Салют"|CONCERT_HALL|moskva|Москва|1|1|0|0|1|1|1|0|0|0|55.840695|37.45390900000007|0
venue_62690f12631d48ce838a1d42|летняя-веранда-цмт-62690f12631d48ce838a1d42|Летняя веранда ЦМТ|CONCERT_HALL|москва|Москва|0|0|0|0|1|1|1|0|0|0|55.754867|37.5572695|0
venue_64abeb982aef856a9c23443e|мтс-live-холл-москва-64abeb982aef856a9c23443e|МТС Live Холл Москва|CONCERT_HALL|moskva|Москва|1|1|0|0|1|1|1|0|0|0|55.7493455770874|37.6965326765966|0
venue_69ff7a2c02d7d9311ff71423|мастерская-No6-69ff7a2c02d7d9311ff71423|Мастерская №6|CONCERT_HALL|москва|Москва|0|0|0|0|1|1|1|0|0|0|55.7093614|37.6102379|0
venue_6a75a3f42e3dbb4126f0106b|место-зангези-6a75a3f42e3dbb4126f0106b|Место Зангези|CONCERT_HALL|moskva|Москва|1|1|0|0|1|1|1|0|0|0|55.7457334|37.6463126|0
venue_6527b2ae3d68331cd4a81284|место-встречи-в-центре-зала-ст-м-площадь-революции-на-платформе-где-ходят-поезда-вас-встретит-гид-с-табличкои-любимыи-го|Место встречи: в центре зала ст.м.Площадь Революции (на платформе, где ходят поезда) вас встретит гид с табличкой Любимый город|CONCERT_HALL|moskva|Москва|1|1|1|0|1|1|1|0|0|0|55.756610029159475|37.62160778045654|127
venue_59cb80da515e35001aa92aba|место-проведения-будет-объявлено-позже-59cb80da515e35001aa92aba|Место проведения будет объявлено позже|CONCERT_HALL|москва|Москва|0|0|0|0|1|1|1|0|0|0|55.755826|37.6173|0
venue_68f1dcbeec667f5a0f5e9c6d|мо-три-68f1dcbeec667f5a0f5e9c6d|Мо[три]|CONCERT_HALL|moskva|Москва|1|1|0|0|1|1|1|0|0|0|55.784987|37.7065931|0
venue_5a82c349519f7b001c929cdd|moskva-5a82c349519f7b001c929cdd|Москва|CONCERT_HALL|moskva|Москва|0|0|0|1|1|1|1|0|0|1|55.7567884|37.612664600000016|0
venue_6a9916a25aaa3cc818714895|москва-вход-в-парк-северного-речного-вокзала-встречаемся-у-памятника-водныи-путь-6a9916a25aaa3cc818714895|Москва, Вход в Парк Северного Речного вокзала, встречаемся у памятника Водный Путь|CONCERT_HALL|moskva|Москва|1|1|0|0|1|1|1|0|0|0|55.714878|37.572418|0
venue_59316b48515e35001569a35e|московская-государственная-консерватория-имени-п-и-чаиковского-59316b48515e35001569a35e|Московская государственная консерватория имени П. И. Чайковского|CONCERT_HALL|moskva|Москва|1|1|0|0|1|1|1|0|0|0|55.75635399999999|37.60491999999999|0
venue_65a5407db060b7d21c4eb3ee|московскии-дом-книги-65a5407db060b7d21c4eb3ee|Московский Дом Книги|CONCERT_HALL|moskva|Москва|1|1|0|0|1|1|1|0|0|0|55.75311139999999|37.5955424|0
venue_5f451b81af075ee58d68bb4c|московскии-продюсерскии-центр-5f451b81af075ee58d68bb4c|Московский Продюсерский Центр|CONCERT_HALL|moskva|Москва|1|1|0|0|1|1|1|0|0|0|55.790945|37.4921178|37
venue_6724ec79bf06132ae2605f38|muzykalnaya-gostinaya-hlopovskogo-6724ec79bf06132ae2605f38|Музыкальная гостиная Хлоповского|CONCERT_HALL|moskva|Москва|1|1|0|1|1|1|1|0|0|1|55.7696076|37.6667679|28
venue_6a2c66f096879398901eff76|nastoikin-6a2c66f096879398901eff76|НАСТОЙКИН|CONCERT_HALL|moskva|Москва|0|0|0|1|1|1|1|0|0|1|55.86745699999999|37.6049488|0
venue_6aaeb4f6a270818f07c493e0|неон-чилл-6aaeb4f6a270818f07c493e0|Неон Чилл|CONCERT_HALL|moskva|Москва|1|1|0|0|1|1|1|0|0|0|55.76944379856904|37.6699224114418|28
venue_67fce0362a92daae2a3fea38|оригинал-67fce0362a92daae2a3fea38|Оригинал|CONCERT_HALL|moskva|Москва|1|1|0|0|1|1|1|0|0|0|55.7616884|37.6582699|0
venue_67fcdbfea935b4aeada604b3|оригинал-67fcdbfea935b4aeada604b3|Оригинал|CONCERT_HALL|moskva|Москва|1|1|0|0|1|1|1|0|0|0|55.7616884|37.6582699|0
venue_676d777897b801446a9ea3fa|особняк-676d777897b801446a9ea3fa|Особняк|CONCERT_HALL|москва|Москва|0|0|0|0|1|1|1|0|0|0|55.8183757|37.7297942|0
venue_5d19d412fa861b5b37a7149f|особняк-прове-5d19d412fa861b5b37a7149f|Особняк Прове|CONCERT_HALL|moskva|Москва|1|1|0|0|1|1|1|0|0|0|55.769251|37.66341920000002|0
venue_5e5bef926a2d507456495245|otel-nacional-zal-moskovskii-5e5bef926a2d507456495245|Отель "Националь" / зал "Московский"|CONCERT_HALL|moskva|Москва|1|1|0|1|1|1|1|0|0|1|55.75686962869745|37.61445164680481|0
venue_6a15c938a5fa5f085e50be0b|platforma-6a15c938a5fa5f085e50be0b|ПЛАТФОРМА|CONCERT_HALL|moskva|Москва|1|1|0|1|1|1|1|0|0|1|55.7358259|37.7061064|0
venue_6647020c9c8b0c2ce08bf151|teplohod-rio-4|ПРИЧАЛ №1, Теплоход «РИО-4»|CONCERT_HALL|moskva|Москва|1|1|1|1|1|1|1|0|0|1|55.8532564|37.4677066|236
venue_67a3a7d8a4d191ba7a4ddec6|павильон-казахстан-вднх-67a3a7d8a4d191ba7a4ddec6|Павильон «Казахстан» ВДНХ|CONCERT_HALL|moskva|Москва|1|1|0|0|1|1|1|0|0|0|55.830123|37.629001|0
venue_57bf24849cb5384a6e8fd49b|park-kinopriklyuchenii-master-panin-57bf24849cb5384a6e8fd49b|Парк киноприключений "Мастер Панин"|CONCERT_HALL|москва|Москва|0|0|0|1|1|1|1|0|0|1|55.730858|37.536216999999965|0
venue_69786de23df1fa063fb095cf|приход-св-ольги-римско-католическои-церкви-69786de23df1fa063fb095cf|Приход Св.Ольги Римско-Католической церкви|CONCERT_HALL|moskva|Москва|1|1|0|0|1|1|1|0|0|0|55.6707189|37.7434277|0
venue_688c9c800c7717173f470248|причал-захарково-688c9c800c7717173f470248|Причал Захарково|CONCERT_HALL|москва|Москва|0|0|0|0|1|1|1|0|0|0|55.84895069601239|37.45901331238851|0
venue_6aa8210a4e636f8b568af975|пространство-марины-графовои-в-гостином-дворе-6aa8210a4e636f8b568af975|Пространство Марины Графовой в Гостином Дворе|CONCERT_HALL|moskva|Москва|0|0|0|0|1|1|1|0|0|0|55.75384630000001|37.6265978|0
venue_6863d1e1a7338dcfe7ecd434|raionnyi-centr-mesto-vstrechi-sofiya-6863d1e1a7338dcfe7ecd434|Районный центр: «Место встречи София»|CONCERT_HALL|москва|Москва|0|0|0|1|1|1|1|0|0|1|55.8034455|37.8347454|0
venue_685a9ee98df656da63fa2c2f|раионныи-центр-место-встречи-ангара-685a9ee98df656da63fa2c2f|Районный центр: «Место встречи: Ангара»|CONCERT_HALL|москва|Москва|0|0|0|0|1|1|1|0|0|0|55.6513453|37.6124264|0
venue_698cc1cdf0f0c3b0d6e3848f|родня-698cc1cdf0f0c3b0d6e3848f|Родня|CONCERT_HALL|москва|Москва|0|0|0|0|1|1|1|0|0|0|55.714878|37.572418|0
venue_6841ce760510f1f69aa27d82|svoboda-6841ce760510f1f69aa27d82|Свобода|CONCERT_HALL|moskva|Москва|1|1|0|1|1|1|1|0|0|1|55.7993648|37.5320297|0
venue_685d453fac04bbedb3417f7f|svoboda-malyi-zal-685d453fac04bbedb3417f7f|Свобода (Малый зал)|CONCERT_HALL|moskva|Москва|1|1|0|1|1|1|1|0|0|1|55.799276167345624|37.53226845186214|0
venue_6482fbb9f4241ece7c510f0b|северныи-речнои-вокзал-причал-n1-6482fbb9f4241ece7c510f0b|Северный Речной Вокзал причал N1|CONCERT_HALL|москва|Москва|0|0|0|0|1|1|1|0|0|0|55.8514649|37.4670594|0
venue_647cd271cd421b640bb2a4c1|severnyi-rechnoi-vokzal-teplohod-soyuz-647cd271cd421b640bb2a4c1|Северный речной вокзал, Теплоход "Союз"|CONCERT_HALL|москва|Москва|1|1|0|1|1|1|1|0|0|1|55.84891|37.467717|0
venue_64a290a708b01c572fa24463|склад-n-3-64a290a708b01c572fa24463|Склад N'3|CONCERT_HALL|moskva|Москва|0|0|0|0|1|1|1|0|0|0|55.714878|37.572418|0
venue_63a9abcff380b7ecf021e3da|склад-No3-63a9abcff380b7ecf021e3da|Склад №3|CONCERT_HALL|moskva|Москва|1|1|0|0|1|1|1|0|0|0|55.7847494|37.7075699|0
venue_5c47118158de0d000c2bf328|smena-5c47118158de0d000c2bf328|Смена|CONCERT_HALL|moskva|Москва|1|1|0|1|1|1|1|0|0|1|55.741556|37.65992600000004|0
venue_58b01ed0515e350016844050|соборная-палата-58b01ed0515e350016844050|Соборная палата|CONCERT_HALL|moskva|Москва|1|1|0|0|1|1|1|0|0|0|55.772045|37.61295300000006|37
venue_6731f3c7161a36c837be255e|теплоход-ривьера-6731f3c7161a36c837be255e|Теплоход "Ривьера"|CONCERT_HALL|москва|Москва|0|0|0|0|1|1|1|0|0|0|55.755826|37.6173|0
venue_684c223eceeff1e4febaa88b|теплоход-ривьера-южныи-речнои-вокзал-684c223eceeff1e4febaa88b|Теплоход "Ривьера" (Южный Речной Вокзал)|CONCERT_HALL|москва|Москва|0|0|1|0|1|1|1|0|0|0|55.6895651|37.6754507|323
venue_661e41620b8218df93a6b034|teplohod-rio-1-661e41620b8218df93a6b034|Теплоход «РИО-1»|CONCERT_HALL|москва|Москва|0|0|0|1|1|1|1|0|0|1|55.854149985637235|37.464849479490816|18
venue_69e88ecf9ebd6a3e2437c4c2|teplohod-rio-1-2026-69e88ecf9ebd6a3e2437c4c2|Теплоход РИО-1 2026|CONCERT_HALL|москва|Москва|0|0|0|1|1|1|1|0|0|1|55.8491207|37.4588815|0
venue_64c26d9c1419591af4b87122|ton71-64c26d9c1419591af4b87122|Тон71|CONCERT_HALL|moskva|Москва|1|1|0|1|1|1|1|0|0|1|55.779622|37.691599|0
venue_68c809f48d60e90f318dbffb|тургеневская-гостиная-в-библиотеке-читальне-им-и-с-тургенева-68c809f48d60e90f318dbffb|Тургеневская гостиная в Библиотеке-читальне им. И. С. Тургенева|CONCERT_HALL|moskva|Москва|1|1|0|0|1|1|1|0|0|0|55.76519|37.634309|0
venue_60d2d86ccdb1df7c07666de4|urban-60d2d86ccdb1df7c07666de4|Урбан|CONCERT_HALL|moskva|Москва|1|1|0|1|1|1|1|0|0|1|55.805088|37.58629|0
venue_5be3078bdfef31000b55db99|фонтан-похищение-европы-5be3078bdfef31000b55db99|Фонтан похищение Европы|CONCERT_HALL|москва|Москва|0|0|0|0|1|1|1|0|0|0|55.74318599999999|37.569425000000024|0
venue_68e64d3ffa5d5260a3bc8721|fudholl-druzhba-moskva-68e64d3ffa5d5260a3bc8721|Фудхолл Дружба-Москва|CONCERT_HALL|moskva|Москва|1|0|1|1|1|1|1|0|0|1|55.7439943|37.6307291|234
venue_5d5fcf17f2415ac00ce7834f|цдри-5d5fcf17f2415ac00ce7834f|ЦДРИ|CONCERT_HALL|moskva|Москва|1|1|0|0|1|1|1|0|0|0|55.761033|37.62456780000002|35
venue_56e7df5d9cb538560742b0ec|центр-культурных-инновации-дом-скрябина-56e7df5d9cb538560742b0ec|Центр культурных инноваций "Дом Скрябина"|CONCERT_HALL|moskva|Москва|1|1|0|0|1|1|1|0|0|0|55.7507646|37.59016989999998|0
venue_69872bf8bec5c18ee6ef7029|центр-современнои-музыки-и-исполнительских-искусств-тон-69872bf8bec5c18ee6ef7029|Центр современной музыки и исполнительских искусств "ТОН"|CONCERT_HALL|moskva|Москва|1|1|0|0|1|1|1|0|0|0|55.7745362|37.6105627|0
venue_698d80db7f931d77e93ff240|чито-ра-698d80db7f931d77e93ff240|ЧИТО РА|CONCERT_HALL|москва|Москва|0|0|0|0|1|1|1|0|0|0|55.7737841|37.6802769|0
venue_6a71eddb7e730e287afe9803|шу-шу-6a71eddb7e730e287afe9803|Шу-Шу|CONCERT_HALL|moskva|Москва|1|1|0|0|1|1|1|0|0|0|55.647468|37.5954819|0
venue_69aefdb7603f1a3da99f6619|киноконцертныи-зал-эльдар-69aefdb7603f1a3da99f6619|киноконцертный зал Эльдар|CONCERT_HALL|moskva|Москва|1|1|0|0|1|1|1|0|0|0|55.66538077620032|37.51348793506622|0
venue_60816dc6fe711e5806c6501e|life-pub-60816dc6fe711e5806c6501e|лифе Рув|CONCERT_HALL|moskva|Москва|1|1|1|1|1|1|1|0|0|1|55.77253943488793|37.683419112963|292
venue_6a527a669bd64e4be1f9126f|чиж-и-ко-6a527a669bd64e4be1f9126f|чиж и ко|CONCERT_HALL|москва|Москва|0|0|0|0|1|1|1|0|0|0|55.772808|37.6826581|0
venue_69ef152230463f903d7dbf83|rock-n-roll-music-bar-69ef152230463f903d7dbf83|Rock'n'Roll Music Bar|CONCERT_HALL|мурманск|Мурманск|1|1|0|0|1|1|1|0|0|0|68.9524892|33.0759816|0
venue_682ca327d1b725c48e90ee98|дк-судоремонтник-682ca327d1b725c48e90ee98|ДК Судоремонтник|CONCERT_HALL|мурманск|Мурманск|1|1|0|0|1|1|1|0|0|0|69.05074429999999|33.2264538|0
venue_5ea93efb186c38b2a9d379bd|мега-кружка-5ea93efb186c38b2a9d379bd|Мега Кружка|CONCERT_HALL|мурманск|Мурманск|1|1|0|0|1|1|1|0|0|0|68.9138754|33.0958802|0
venue_5c3c64f767fc0b000fa8d550|ирландскии-паб-шервуд-sherwood-rock-pub-5c3c64f767fc0b000fa8d550|Ирландский паб Шервуд SHERWOOD ROCK-PUB|CONCERT_HALL|мытищи|Мытищи|1|1|1|0|1|1|1|0|0|0|55.9152658354301|37.75121212005615|444
venue_63466c8e8a75338ef7d5c83c|дк-энергетик-63466c8e8a75338ef7d5c83c|ДК "ЭНЕРГЕТИК"|CONCERT_HALL|набережные-челны|Набережные Челны|0|0|0|0|1|1|1|0|0|0|55.68227849919785|52.30050086975098|0
venue_58d3ddac515e350015708f3d|dvorec-kultury-kamaz-58d3ddac515e350015708f3d|Дворец культуры "КАМАЗ"|CONCERT_HALL|набережные-челны|Набережные Челны|1|1|0|1|1|1|1|0|0|1|55.7563622|52.429224999999974|0
venue_6a5e1ff497e8992f3402bee7|концертныи-зал-сары-садыковои-6a5e1ff497e8992f3402bee7|Концертный зал Сары Садыковой|CONCERT_HALL|набережные-челны|Набережные Челны|1|1|0|0|1|1|1|0|0|0|55.742146700220516|52.399922311306|0
venue_605198122404be77b05e0dce|maksimilians-605198122404be77b05e0dce|Максимилианс|CONCERT_HALL|набережные-челны|Набережные Челны|0|0|0|1|1|1|1|0|0|1|55.74759240081347|52.41301417350769|0
venue_69aafa371fa0bcd68fbab0e3|мини-концертныи-зал-нэрсэ-69aafa371fa0bcd68fbab0e3|Мини-концертный зал НЭРСЭ|CONCERT_HALL|набережные-челны|Набережные Челны|0|0|0|0|1|1|1|0|0|0|55.74997639999999|52.452222|0
venue_5c0e25623abedc000cfe68e9|organnyi-zal-5c0e25623abedc000cfe68e9|Органный зал|CONCERT_HALL|набережные-челны|Набережные Челны|1|1|0|1|1|1|1|0|0|1|55.7499881|52.439917700000024|12
venue_6ab0f796eb0aec4184113f3f|рестоклаб-караоке-брежнев-6ab0f796eb0aec4184113f3f|Рестоклаб-Караоке Брежнев|CONCERT_HALL|набережные-челны|Набережные Челны|1|1|0|0|1|1|1|0|0|0|55.7359058|52.3988188|0
venue_5a8d76d8d35286001a4b04dd|дк-прометеи-5a8d76d8d35286001a4b04dd|ДК "Прометей"|CONCERT_HALL|надым|Надым|1|1|0|0|1|1|1|0|0|0|65.5304726|72.5146618|0
venue_6a6b72fdac011c5565bc8edb|луна-6a6b72fdac011c5565bc8edb|Луна|CONCERT_HALL|находка|Находка|0|0|0|0|1|1|1|0|0|0|42.77827579217267|132.82028569827085|0
venue_6a9d4a096d391644af7c2e9b|акультура-6a9d4a096d391644af7c2e9b|Акультура|CONCERT_HALL|невинномысск|Невинномысск|0|0|0|0|1|1|1|0|0|0|59.9633026|30.3023042|0
venue_65fafd59a7e05571dc1d1c9b|цкид-им-а-с-пушкина-65fafd59a7e05571dc1d1c9b|ЦКиД им. А.С.Пушкина|CONCERT_HALL|нерюнгри|Нерюнгри|1|1|0|0|1|1|1|0|0|0|56.6568917|124.7140915|0
venue_5abe71a7515e35001cba5601|concert-hall-55-5abe71a7515e35001cba5601|Concert Hall 55|CONCERT_HALL|нефтекамск|Нефтекамск|0|0|0|0|1|1|1|0|0|0|56.0879978|54.23689880000006|103
venue_6a4259c8fca194d747f2a995|lounge-moet-6a4259c8fca194d747f2a995|Lounge MOЁТ|CONCERT_HALL|нефтекамск|Нефтекамск|0|0|0|1|1|1|1|0|0|1|56.1193016|54.33235639999999|0
venue_5df3bd0801e9e5cb31097ef2|gck-neftekamsk-5df3bd0801e9e5cb31097ef2|ГЦК Нефтекамск|CONCERT_HALL|нефтекамск|Нефтекамск|1|1|0|1|1|1|1|0|0|1|56.0916868|54.23827929999993|0
venue_6a63731a9ef204dc1d3ba672|караоке-холл-solo-6a63731a9ef204dc1d3ba672|Караоке-холл «Solo»|CONCERT_HALL|нижневартовск|Нижневартовск|0|0|0|0|1|1|1|0|0|0|60.94323249999999|76.6058287|0
venue_6a913913af912e3a7f7e0a36|harat-s-irish-pub-6a913913af912e3a7f7e0a36|Harat's Irish Pub|CONCERT_HALL|нижнекамск|Нижнекамск|1|1|0|0|1|1|1|0|0|0|55.6419856|51.79916309999999|0
venue_69a2f4635a3a2263f8959491|гапоу-нижнекамскии-музыкальныи-колледж-имени-салиха-саидашева-69a2f4635a3a2263f8959491|ГАПОУ "Нижнекамский музыкальный колледж имени Салиха Сайдашева"|CONCERT_HALL|нижнекамск|Нижнекамск|1|1|0|0|1|1|1|0|0|0|55.613196|51.8469974|0
venue_5bed1fed79ae96000c136c0c|дом-народного-творчества-5bed1fed79ae96000c136c0c|Дом народного творчества|CONCERT_HALL|нижнекамск|Нижнекамск|1|1|0|0|1|1|1|0|0|0|55.63653252388166|51.82443156838417|0
venue_610a549405c3967cf581df24|alcatraz|ALCATRAZ|CONCERT_HALL|нижнии-новгород|Нижний Новгород|1|1|0|1|1|1|1|0|0|1|56.3269518|43.9942238|0
venue_5d1b29535ba6dd7d280a7d98|alcatraz-5d1b29535ba6dd7d280a7d98|Alcatraz|CONCERT_HALL|нижнии-новгород|Нижний Новгород|1|1|0|1|1|1|1|0|0|1|56.3260067|43.99529949999999|0
venue_6511cac0e82cdb5d8ecc65e8|alcatraz-bar|Alcatraz Bar|CONCERT_HALL|нижнии-новгород|Нижний Новгород|1|1|0|1|1|1|1|0|0|1|56.32728350000001|43.9954559|0
venue_62fe35971ce66b113f7f180a|alcatraz-bar-62fe35971ce66b113f7f180a|Alcatraz Bar|CONCERT_HALL|нижнии-новгород|Нижний Новгород|1|1|0|1|1|1|1|0|0|1|56.3269518|43.9942239|0
venue_5c7038ef7500ae000ca8bf9c|cargo-cult-5c7038ef7500ae000ca8bf9c|Cargo Cult|CONCERT_HALL|нижнии-новгород|Нижний Новгород|1|1|0|1|1|1|1|0|0|1|56.32728350000001|43.995455900000024|0
venue_694d3c95f9189089e9bc11a9|cargo-kult-694d3c95f9189089e9bc11a9|Cargo Kult|CONCERT_HALL|нижнии-новгород|Нижний Новгород|1|1|0|0|1|1|1|0|0|0|56.32728350000001|43.9954559|14
venue_552322649cb5384154e028b2|milo-concert-hall-552322649cb5384154e028b2|MILO Concert Hall|CONCERT_HALL|нижнии-новгород|Нижний Новгород|1|1|0|1|1|1|1|0|0|1|56.3220468|44.04361170000004|0
venue_615f295433028f964a77ffe2|nenavist-615f295433028f964a77ffe2|NENAVIST'|CONCERT_HALL|нижнии-новгород|Нижний Новгород|1|1|0|1|1|1|1|0|0|1|56.3224952|44.0140657|0
venue_64241d418e3ee3fe39bde55e|nenavist-64241d418e3ee3fe39bde55e|NENAVIST'|CONCERT_HALL|нижнии-новгород|Нижний Новгород|1|1|0|1|1|1|1|0|0|1|56.32789994989574|43.984575002776126|0
venue_670e853d8403bde9ac61aa35|niko1560-670e853d8403bde9ac61aa35|Niko1560|CONCERT_HALL|нижнии-новгород|Нижний Новгород|0|0|0|0|1|1|1|0|0|0|56.3279088|43.9838561|0
venue_698f02c22c3b4bb469e98598|premio-698f02c22c3b4bb469e98598|Premio|CONCERT_HALL|нижнии-новгород|Нижний Новгород|0|0|0|1|1|1|1|0|0|1|56.3315204|44.0063835|0
venue_5b7ad19b2b4935000bda1f62|rock-bar-5b7ad19b2b4935000bda1f62|Rock Bar|CONCERT_HALL|нижнии-новгород|Нижний Новгород|1|1|0|0|1|1|1|0|0|0|56.32389209999999|44.0041569|0
venue_68f0ffd1ee91f4903e41cac0|standup-nn-68f0ffd1ee91f4903e41cac0|StandUp NN|CONCERT_HALL|нижнии-новгород|Нижний Новгород|1|1|0|1|1|1|1|0|0|1|56.3268684|44.0058793|0
venue_64ca5cd9f3a54849ad171094|tago-mago-64ca5cd9f3a54849ad171094|TAGO MAGO|CONCERT_HALL|нижнии-новгород|Нижний Новгород|1|1|0|0|1|1|1|0|0|0|56.3293329|44.0262339|0
venue_69d8a3b7d7da441dcfbe4c00|alkatras-69d8a3b7d7da441dcfbe4c00|Алькатрас|CONCERT_HALL|нижнии-новгород|Нижний Новгород|1|1|0|1|1|1|1|0|0|1|56.3268872812225|43.994123339653015|0
venue_5832be1f515e3500150bc599|dk-gaz|ДК "ГАЗ"|CONCERT_HALL|нижнии-новгород|Нижний Новгород|1|1|0|1|1|1|1|0|0|1|56.24004799999999|43.861417000000074|0
venue_63d01579d289562bc329aa33|dk-im-s-ordzhonikidze-63d01579d289562bc329aa33|ДК им С. Орджоникидзе|CONCERT_HALL|нижнии-новгород|Нижний Новгород|1|1|0|1|1|1|1|0|0|1|56.33131299999999|43.846307|0
venue_5bd835ffaa230a000b033af3|dvorec-sporta-nagornyi-5bd835ffaa230a000b033af3|Дворец спорта "Нагорный"|CONCERT_HALL|нижнии-новгород|Нижний Новгород|1|1|0|1|1|1|1|0|0|1|56.290657|43.98037729999999|0
venue_5cb04091b96380000b463f9d|kulturnoe-prostranstvo-dkrt-5cb04091b96380000b463f9d|Культурное пространство DKRT|CONCERT_HALL|нижнии-новгород|Нижний Новгород|0|0|0|1|1|1|1|0|0|1|56.32232399999999|44.00093300000003|0
venue_5b8fecaec1ffa3000be334c0|mts-live-holl-nizhnii-novgorod-5b8fecaec1ffa3000be334c0|МТС Live Холл Нижний Новгород|CONCERT_HALL|нижнии-новгород|Нижний Новгород|1|1|0|1|1|1|1|0|0|1|56.323158|44.009059|0
venue_6378fe5e0da5f4b4892938e5|nizhegorodskaya-gosudarstvennaya-akademicheskaya-filarmoniya-kremlevskii-koncertnyi-zal-6378fe5e0da5f4b4892938e5|Нижегородская Государственная Академическая Филармония, Кремлевский концертный зал|CONCERT_HALL|нижнии-новгород|Нижний Новгород|1|1|0|1|1|1|1|0|0|1|56.328293|44.0010994|0
venue_619f7095d2d0216e6601baab|планетарии-1-619f7095d2d0216e6601baab|Планетарий 1|CONCERT_HALL|нижнии-новгород|Нижний Новгород|1|1|0|0|1|1|1|0|0|0|56.2831762|43.9791733|0
venue_619f70f067809a6406c208ab|планетарии-1-в-парке-швеицария-619f70f067809a6406c208ab|Планетарий 1 в Парке Швейцария|CONCERT_HALL|нижнии-новгород|Нижний Новгород|1|1|0|0|1|1|1|0|0|0|56.2831762|43.9791733|0
venue_67ec3e4152e909e0ef8a5c50|pochaina-letnyaya-scena-67ec3e4152e909e0ef8a5c50|Почаина. Летняя сцена|CONCERT_HALL|нижнии-новгород|Нижний Новгород|0|0|0|1|1|1|1|0|0|1|56.32741934598512|43.99506062976973|33
venue_68fcdd11bbb534c92225dde4|русскии-паб-68fcdd11bbb534c92225dde4|Русский Паб|CONCERT_HALL|нижнии-новгород|Нижний Новгород|1|1|0|0|1|1|1|0|0|0|56.3237812|44.0076605|0
venue_673f9f52a79ec6cd47a06f35|русскии-паб-673f9f52a79ec6cd47a06f35|Русский паб|CONCERT_HALL|нижнии-новгород|Нижний Новгород|1|1|0|0|1|1|1|0|0|0|56.3237812|44.0076605|0
venue_5e2eaf3bc0fca696dbfcf172|дк-нтмк-5e2eaf3bc0fca696dbfcf172|ДК НТМК|CONCERT_HALL|нижнии-тагил|Нижний Тагил|1|1|0|0|1|1|1|0|0|0|57.9377638|60.0147226|0
venue_59afbdb6d35286001a17261b|dk-im-i-v-okuneva-59afbdb6d35286001a17261b|ДК им. И.В.Окунева|CONCERT_HALL|нижнии-тагил|Нижний Тагил|1|1|0|1|1|1|1|0|0|1|57.923054|60.10281800000007|0
venue_68cc0923d0557378f31c7ea4|kdc-rondo-68cc0923d0557378f31c7ea4|КДЦ Рондо|CONCERT_HALL|новое-девяткино|Новое Девяткино|1|1|0|1|1|1|1|0|0|1|60.061569065240484|30.47609567642212|0
venue_67aa2d4524db4280463026be|manya-bar-67aa2d4524db4280463026be|Manya Bar|CONCERT_HALL|новокузнецк|Новокузнецк|1|1|0|1|1|1|1|0|0|1|53.76801828296857|87.10468411445618|0
venue_64bb703b4df8c496d86775af|квартирник-64bb703b4df8c496d86775af|Квартирник|CONCERT_HALL|новокузнецк|Новокузнецк|1|1|0|0|1|1|1|0|0|0|53.7570677|87.1125126|0
venue_6279fa8d6863ceb704c90ba6|tri-tolstyaka-6279fa8d6863ceb704c90ba6|Три толстяка|CONCERT_HALL|новокузнецк|Новокузнецк|1|1|0|1|1|1|1|0|0|1|53.769133|87.191349|0
venue_61a623319fffadc2c896e13b|chestnaya-pivovarnya-domna-61a623319fffadc2c896e13b|Честная пивоварня Домна|CONCERT_HALL|новокузнецк|Новокузнецк|0|0|0|1|1|1|1|0|0|1|53.776031|87.128331|0
venue_5c4875bd68dcd1000cb58989|городскои-дворец-культуры-5c4875bd68dcd1000cb58989|Городской дворец культуры|CONCERT_HALL|новомосковск|Новомосковск|1|1|0|0|1|1|1|0|0|0|54.01025199999999|38.29737899999998|0
venue_6a32c700e8a2b5c49d14d8ca|park-home-6a32c700e8a2b5c49d14d8ca|Park Home|CONCERT_HALL|новороссииск|Новороссийск|0|0|0|1|1|1|1|0|0|1|44.743999|37.7264159|81
venue_60cc712f6623f7bd9102bc52|concert-hall-familia-60cc712f6623f7bd9102bc52|concert hall FAMILIA|CONCERT_HALL|новороссииск|Новороссийск|0|0|0|1|1|1|1|0|0|1|44.6930483|37.7875634|0
venue_6a0db2160b8c1b79f9b1f8ad|kabotazh-6a0db2160b8c1b79f9b1f8ad|Каботаж|CONCERT_HALL|новороссииск|Новороссийск|1|1|0|1|1|1|1|0|0|1|44.7159988|37.7726132|0
venue_6552240cd2dcef54d7ed89fd|pena-pab-6552240cd2dcef54d7ed89fd|Пена Паб|CONCERT_HALL|новороссииск|Новороссийск|1|1|0|1|1|1|1|0|0|1|44.74433810000001|37.7248242|8
venue_6ab01cde36d38c415c6c2ee9|red-6ab01cde36d38c415c6c2ee9|RED|CONCERT_HALL|новосибирск|Новосибирск|1|1|0|0|1|1|1|0|0|0|55.0350417|82.9201621|0
venue_6abea39fa6a6cda2c0441ae7|the-rooks-pub-6abea39fa6a6cda2c0441ae7|The Rooks Pub|CONCERT_HALL|новосибирск|Новосибирск|1|1|0|0|1|1|1|0|0|0|55.0239785|82.9235504|0
venue_5a1073fe515e35001a0651db|арт-п-а-б-5a1073fe515e35001a0651db|Арт П.А.Б.|CONCERT_HALL|новосибирск|Новосибирск|1|1|0|0|1|1|1|0|0|0|54.84176743281293|83.10348272323608|0
venue_5bfc32ad1e3e53000d852d60|dk-im-oktyabrskoi-revolyucii-5bfc32ad1e3e53000d852d60|ДК им. "Октябрьской революции"|CONCERT_HALL|новосибирск|Новосибирск|1|1|0|1|1|1|1|0|0|1|55.02916099999999|82.90822709999998|0
venue_65f03d428a1498187f8929de|kkk-im-v-mayakovskogo-65f03d428a1498187f8929de|ККК им. В.Маяковского|CONCERT_HALL|новосибирск|Новосибирск|1|1|0|1|1|1|1|0|0|1|55.025731|82.9212031|21
venue_599a98f8515e35001984e2de|концертныи-комплекс-им-в-в-маяковского-599a98f8515e35001984e2de|Концертный комплекс им. В.В. Маяковского|CONCERT_HALL|новосибирск|Новосибирск|1|1|0|0|1|1|1|0|0|0|55.0250237|82.92052480000007|0
venue_6a96ee8584774244f508dded|лофт-парк-подземка-зал-особенныи-6a96ee8584774244f508dded|Лофт-парк "Подземка" (зал "Особенный")|CONCERT_HALL|новосибирск|Новосибирск|1|1|0|0|1|1|1|0|0|0|55.0619667|82.9113934|0
venue_6011fb14a9733791f8aae4f6|loft-park-podzemka-zal-osobennyi-6011fb14a9733791f8aae4f6|Лофт-парк "Подземка" (зал "Особенный")|CONCERT_HALL|новосибирск|Новосибирск|1|1|0|1|1|1|1|0|0|1|55.0614414024082|82.9114895220356|0
venue_60230a32397cebf11fc8810d|лофт-парк-подземка-зал-правда-60230a32397cebf11fc8810d|Лофт-парк «Подземка» (зал «Правда»)|CONCERT_HALL|новосибирск|Новосибирск|1|1|0|0|1|1|1|0|0|0|55.066759|82.9089849|0
venue_60a520d6c98f91e9e5a9adb7|loft-park-podzemka-60a520d6c98f91e9e5a9adb7|Лофт-парк Подземка|CONCERT_HALL|новосибирск|Новосибирск|1|1|0|0|1|1|1|0|0|1|55.066759|82.9089849|0
venue_66a53013f4b1980787e3c686|novosibirskaya-specialnaya-muzykalnaya-shkola-66a53013f4b1980787e3c686|Новосибирская специальная музыкальная школа|CONCERT_HALL|новосибирск|Новосибирск|1|1|1|1|1|1|1|0|0|1|55.0319064|82.9063637|145
venue_5b7d2d3641b7ff000b8610dd|podzemka-5b7d2d3641b7ff000b8610dd|Подземка|CONCERT_HALL|новосибирск|Новосибирск|0|0|0|1|1|1|1|0|0|1|55.0617673|82.91137800000001|0
venue_6630cd66dd92e4526f921ab1|подземка-6630cd66dd92e4526f921ab1|Подземка|CONCERT_HALL|новосибирск|Новосибирск|1|1|0|0|1|1|1|0|0|0|55.0614585|82.91142459999999|0
venue_662be2148841a65ae4ca6db6|сибирь-арена-662be2148841a65ae4ca6db6|Сибирь - Арена|CONCERT_HALL|новосибирск|Новосибирск|1|1|0|0|1|1|1|0|0|0|54.99418|82.92351099999999|0
venue_608055bd3a086186a050500e|tipografiya-608055bd3a086186a050500e|Типография|CONCERT_HALL|новосибирск|Новосибирск|0|0|0|0|1|1|1|0|0|1|55.022901|82.923012|0
venue_5d8f792495a7f549febcdd4e|раионныи-дом-культуры-5d8f792495a7f549febcdd4e|Районный Дом Культуры|CONCERT_HALL|ногинск|Ногинск|0|0|0|0|1|1|1|0|0|0|55.881263|38.43558889999997|0
venue_57837d3c9cb53852e7c26aec|dom-uchenyh-57837d3c9cb53852e7c26aec|Дом Ученых|CONCERT_HALL|обнинск|Обнинск|1|1|0|1|1|1|1|0|0|1|55.11007799999999|36.58698100000004|0
venue_598c7c5dd35286001af3259a|gdk-geofizik-598c7c5dd35286001af3259a|ГДК «Геофизик»|CONCERT_HALL|октябрьскии-республика-башкортостан|Октябрьский (Республика Башкортостан)|0|0|0|1|1|1|1|0|0|1|54.4877031|53.464745600000015|0
venue_5a290b43d3528600178fb0aa|октябрьскии-музыкальныи-колледж-5a290b43d3528600178fb0aa|Октябрьский Музыкальный Колледж|CONCERT_HALL|октябрьскии-республика-башкортостан|Октябрьский (Республика Башкортостан)|1|1|0|0|1|1|1|0|0|0|54.47956975760743|53.466586377471685|0
venue_68be8ddf20fb2526051987c3|мук-цкид-полярная-звезда-68be8ddf20fb2526051987c3|МУК ЦКиД «Полярная звезда»|CONCERT_HALL|оленегорск|Оленегорск|1|1|0|0|1|1|1|0|0|0|68.14483100000001|33.2556291|0
venue_5fc49dcce6edac66f3d0fb96|gosty-bar-5fc49dcce6edac66f3d0fb96|Gosty Bar|CONCERT_HALL|омск|Омск|1|1|0|0|1|1|1|0|0|0|54.98450099999999|73.374554|0
venue_66ff7a039f9fad985cb1182c|mishkin-mishkin-66ff7a039f9fad985cb1182c|Mishkin&Mishkin|CONCERT_HALL|омск|Омск|1|1|0|1|1|1|1|0|0|1|54.9982493|73.34646649999999|0
venue_62552dfa4ec7d8ae602210d3|dk-rubin-62552dfa4ec7d8ae602210d3|ДК "Рубин"|CONCERT_HALL|омск|Омск|1|1|0|1|1|1|1|0|0|1|54.949231|73.41242799999999|0
venue_65c3a954ffecc49dcc27446d|евангелическо-лютеранская-церковь-урала-сибири-и-дальнего-востока-65c3a954ffecc49dcc27446d|Евангелическо-Лютеранская церковь Урала, Сибири и Дальнего Востока|CONCERT_HALL|омск|Омск|1|1|0|0|1|1|1|0|0|0|54.941641|73.3736|0
venue_60d0871455d73f903f9dc213|концерт-холл-рцсо-60d0871455d73f903f9dc213|Концерт-Холл РЦСО|CONCERT_HALL|омск|Омск|1|1|0|0|1|1|1|0|0|0|54.99182769999999|73.3612717|0
venue_6766a210e5ae64d45b1b6a14|паб-хуан-6766a210e5ae64d45b1b6a14|Паб Хуан|CONCERT_HALL|омск|Омск|1|1|0|0|1|1|1|0|0|0|54.984528|73.373527|0
venue_6a3b885f98ff70f29ff4261a|теплоход-москва-6a3b885f98ff70f29ff4261a|Теплоход Москва|CONCERT_HALL|омск|Омск|0|0|0|0|1|1|1|0|0|0|54.98261649522188|73.37475582246584|0
venue_68f1c4d9d07bdb11bd8c94e9|точка-кипения-конференц-зал-второи-этаж-68f1c4d9d07bdb11bd8c94e9|Точка Кипения (Конференц-зал, Второй этаж)|CONCERT_HALL|омск|Омск|1|1|0|0|1|1|1|0|0|0|54.9854447|73.3874608|0
venue_5daaf73759e939205a06fde4|dk-rossiya-5daaf73759e939205a06fde4|ДК Россия|CONCERT_HALL|оренбург|Оренбург|1|1|0|1|1|1|1|0|0|1|51.8013377|55.13606900000002|0
venue_65c65207125c468653afd144|dk-ekspress-65c65207125c468653afd144|ДК Экспресс|CONCERT_HALL|оренбург|Оренбург|0|0|0|1|1|1|1|0|0|1|51.7746368|55.0771525|0
venue_5bebfb2204b169000b7fec4e|dvorec-kultury-i-sporta-gazovik-5bebfb2204b169000b7fec4e|Дворец культуры и спорта Газовик|CONCERT_HALL|оренбург|Оренбург|1|1|0|1|1|1|1|0|0|1|51.763934012620304|55.11871933937073|0
venue_68e7681ac3af3646c8f00e91|kintana-68e7681ac3af3646c8f00e91|Кинтана|CONCERT_HALL|оренбург|Оренбург|0|0|0|1|1|1|1|0|0|1|51.82751279165911|55.15963506034696|0
venue_612891be745ce2bb64296d96|marsovo-pole-612891be745ce2bb64296d96|Марсово поле|CONCERT_HALL|оренбург|Оренбург|1|1|0|1|1|1|1|0|0|1|51.7586498|55.1166563|0
venue_5d938d5916a406ee7d2eeea8|skk-orenburzhe-5d938d5916a406ee7d2eeea8|СКК "Оренбуржье"|CONCERT_HALL|оренбург|Оренбург|1|1|0|1|1|1|1|0|0|1|51.773691|55.169000900000015|0
venue_61dad2ac70a5203a914fb962|стudия-dance-concert-hall-61dad2ac70a5203a914fb962|СТUDИЯ  dance & concert hall|CONCERT_HALL|оренбург|Оренбург|1|1|0|0|1|1|1|0|0|0|51.7779344|55.1669547|0
venue_605c3bfcce3646107a63a1d8|live-pub-605c3bfcce3646107a63a1d8|Live Pub|CONCERT_HALL|орехово-зуево|Орехово-Зуево|0|0|0|1|1|1|1|0|0|1|55.79723442826825|38.97566199302673|0
venue_5db19bd3ea1082195ed963ae|дк-мечта-5db19bd3ea1082195ed963ae|ДК Мечта|CONCERT_HALL|орехово-зуево|Орехово-Зуево|1|1|0|0|1|1|1|0|0|0|55.81747259999999|38.99917449999998|0
venue_565ccf069cb53835740db8c1|grinn-centr|ГРИНН Центр|CONCERT_HALL|орел|Орёл|1|1|1|1|1|1|1|0|0|1|52.9668468|36.06248979999998|274
venue_6a9e718d2e1dd7c4c7d2147e|дворец-культуры-шахтер-6a9e718d2e1dd7c4c7d2147e|Дворец культуры "Шахтер"|CONCERT_HALL|осинники|Осинники|1|1|0|0|1|1|1|0|0|0|53.61352189999999|87.3328038|0
venue_62148e23b2f3e2b0500e05b8|дк-россия-62148e23b2f3e2b0500e05b8|ДК "Россия"|CONCERT_HALL|отрадныи|Отрадный|1|1|0|0|1|1|1|0|0|0|53.3754129|51.34697389999999|0
venue_66917b034d60d4baf8b4befc|harat-s-pub-penza-66917b034d60d4baf8b4befc|Harat's Pub Penza|CONCERT_HALL|пенза|Пенза|1|1|0|0|1|1|1|0|0|0|53.19896809999999|44.9993908|0
venue_66f2c16d0d8905b41b986b5f|komedia-66f2c16d0d8905b41b986b5f|Komedia|CONCERT_HALL|пенза|Пенза|1|1|0|0|1|1|1|0|0|0|53.198939|45.0189095|0
venue_673b83b2141a2872af162e0e|дом-офицеров-673b83b2141a2872af162e0e|Дом офицеров|CONCERT_HALL|пенза|Пенза|1|1|0|0|1|1|1|0|0|0|53.1858|44.979981|0
venue_56c196839cb5384142f20f1d|kinokoncertnyi-zal-penza-56c196839cb5384142f20f1d|Киноконцертный Зал Пенза|CONCERT_HALL|пенза|Пенза|1|1|0|1|1|1|1|0|0|1|53.20111|44.98886|0
venue_58ac41bfd35286001519770b|penzenskaya-oblastnaya-filarmoniya-58ac41bfd35286001519770b|Пензенская областная филармония|CONCERT_HALL|пенза|Пенза|1|1|0|1|1|1|1|0|0|1|53.2025826|44.98687050000001|0
venue_6aa14dee65fc5a69ac43d989|пластиночная-6aa14dee65fc5a69ac43d989|Пластиночная|CONCERT_HALL|пенза|Пенза|1|1|0|0|1|1|1|0|0|0|53.193928|45.0200629|0
ven_ms_28a4f0ee757ea53a|penza-filarmoniya|Филармония и органный зал|CONCERT_HALL|пенза|Пенза|0|0|0|1|1|1|1|0|0|1|53.193112|45.022112|0
venue_697393a9e30a3649216c43af|vl-kino-vysshaya-liga-697393a9e30a3649216c43af|“VL Кино” (Высшая лига)|CONCERT_HALL|пенза|Пенза|0|0|0|1|1|1|1|0|0|1|53.1894047|45.0159452|0
venue_67e7a79b4f2682c3abfcc230|13-69-67e7a79b4f2682c3abfcc230|13/69|CONCERT_HALL|пермь|Пермь|0|0|0|0|1|1|1|0|0|0|58.0134802|56.24808890000001|0
venue_6526636c647f9219fdbe6a9a|hooper-pub-6526636c647f9219fdbe6a9a|Hooper Pub|CONCERT_HALL|пермь|Пермь|0|0|0|1|1|1|1|0|0|1|58.0128352|56.2474414|47
venue_6a16ac1adc0fb06320a5e29c|nebar-6a16ac1adc0fb06320a5e29c|Nebar|CONCERT_HALL|пермь|Пермь|1|1|0|1|1|1|1|0|0|1|58.014606|56.236912|0
venue_63aa94d716b86a1bec0b9e02|radius-concert-hall-63aa94d716b86a1bec0b9e02|RADIUS CONCERT HALL|CONCERT_HALL|пермь|Пермь|1|1|0|0|1|1|1|0|0|0|58.00916830000001|56.22696740000001|0
venue_6a6a23d3ae67860f61eb9b43|дк-им-кирова-6a6a23d3ae67860f61eb9b43|ДК им.Кирова|CONCERT_HALL|пермь|Пермь|1|1|0|0|1|1|1|0|0|0|57.9977133|55.9526747|0
venue_62551fc2f0a03f6581f737bd|дворец-культуры-им-калинина-62551fc2f0a03f6581f737bd|Дворец Культуры им. Калинина|CONCERT_HALL|пермь|Пермь|1|1|0|0|1|1|1|0|0|0|57.96408|56.247186|0
venue_5ddcd32532e5438389326ca2|dvorec-kultury-im-yu-a-gagarina-5ddcd32532e5438389326ca2|Дворец культуры им. Ю. А. Гагарина|CONCERT_HALL|пермь|Пермь|1|1|0|1|1|1|1|0|0|1|57.977163|56.185757999999964|0
venue_5852ab3e515e350017d9c126|пермская-краевая-филармония-большои-зал-5852ab3e515e350017d9c126|Пермская краевая филармония Большой зал|CONCERT_HALL|пермь|Пермь|1|1|0|0|1|1|1|0|0|0|58.01113299999999|56.23467800000003|0
venue_5bfe961fe75094000ce3fe8a|prostranstvo-kultury-chasovoi-zavod-5bfe961fe75094000ce3fe8a|Пространство культуры "Часовой завод"|CONCERT_HALL|пермь|Пермь|1|1|0|1|1|1|1|0|0|1|57.997496433741254|56.265409048862466|0
venue_67d15607778204e6141bdc34|svoboda-koncert-holl-67d15607778204e6141bdc34|Свобода Концерт Холл|CONCERT_HALL|пермь|Пермь|1|1|0|1|1|1|1|0|0|1|57.9990634|56.2349048|0
venue_5cff8318a92dcf38d2d7898b|дк-машиностроитель-5cff8318a92dcf38d2d7898b|ДК Машиностроитель|CONCERT_HALL|петрозаводск|Петрозаводск|0|0|0|0|1|1|1|0|0|0|61.80231730000001|34.349931500000025|0
venue_66d83debac831d0b97fd473e|качума-66d83debac831d0b97fd473e|Качума|CONCERT_HALL|петрозаводск|Петрозаводск|1|1|0|0|1|1|1|0|0|0|61.813745|34.3053346|0
venue_5bea9baea829bc000c7326f6|концертныи-зал-петрозаводскои-консерватории-им-глазунова-5bea9baea829bc000c7326f6|Концертный зал Петрозаводской консерватории им. Глазунова|CONCERT_HALL|петрозаводск|Петрозаводск|1|1|0|0|1|1|1|0|0|0|61.795415|34.352450999999974|0
venue_5e3bd0737b568d96366d1d1a|концертныи-зал-филармонии-октябрьскии-5e3bd0737b568d96366d1d1a|Концертный зал филармонии Октябрьский|CONCERT_HALL|петропавловск-камчатскии|Петропавловск-Камчатский|1|1|0|0|1|1|1|0|0|0|53.018532|158.6489547|0
venue_6a73163a20c78eb9fdf21b5b|дворец-культуры-6a73163a20c78eb9fdf21b5b|Дворец Культуры|CONCERT_HALL|пикалево|Пикалёво|1|1|0|0|1|1|1|0|0|0|59.51194358552843|34.17772705639773|0
venue_632c49ef58796b61d00011b0|muk-dk-im-lepse-632c49ef58796b61d00011b0|МУК ДК им Лепсе|CONCERT_HALL|подольск|Подольск|1|1|0|1|1|1|1|0|0|1|55.4310334|37.5534723|0
venue_66b312d0994f20c965fc1e57|мбук-дк-красная-горка-66b312d0994f20c965fc1e57|МБУК ДК Красная Горка|CONCERT_HALL|прокопьевск|Прокопьевск|1|1|0|0|1|1|1|0|0|0|53.9402559|86.7330597|0
venue_6845808e86cddc7359cadbcf|natainn-6845808e86cddc7359cadbcf|NataInn|CONCERT_HALL|псков|Псков|1|1|0|0|1|1|1|0|0|0|57.80120905610737|28.34607206530365|0
venue_6968cb1a70ff4e3b3af809cc|городскои-культурныи-центр-пскова-6968cb1a70ff4e3b3af809cc|Городской культурный центр Пскова|CONCERT_HALL|псков|Псков|1|1|0|0|1|1|1|0|0|0|57.8072357|28.3410381|0
venue_596cc0dad3528600187fcf56|городскои-дом-культуры-596cc0dad3528600187fcf56|Муниципальное автономное учреждение культуры "Культурно-досуговый центр" Пугачевского района|CONCERT_HALL|пугачев|Пугачев|1|1|0|0|1|1|1|0|0|0|52.01107039999999|48.816479399999935|55
venue_65ac4f7b0595d88baa43e0be|dm-carskoselskii-65ac4f7b0595d88baa43e0be|ДМ Царскосельский|CONCERT_HALL|пушкин|Пушкин|1|1|0|1|1|1|1|0|0|1|59.7232032|30.4074939|0
venue_6787cb68e2499952cb12dbcd|biker-s-bar-the-underground-6787cb68e2499952cb12dbcd|Biker's Bar The Underground|CONCERT_HALL|пятигорск|Пятигорск|1|1|0|0|1|1|1|0|0|0|44.0583379|42.9626403|0
venue_678aa3514398574cf01ddc56|art-house-678aa3514398574cf01ddc56|Art House|CONCERT_HALL|раменское|Раменское|0|0|0|0|1|1|1|0|0|0|55.5708396|38.2138894|0
venue_577b63379cb5380595b54bdf|кдц-сатурн-577b63379cb5380595b54bdf|КДЦ "Сатурн"|CONCERT_HALL|раменское|Раменское|1|1|0|0|1|1|1|0|0|0|55.568082|38.225169999999935|0
venue_65afe7d1f1c791cee57a6f14|мук-гдк-65afe7d1f1c791cee57a6f14|МУК ГДК|CONCERT_HALL|ржев|Ржев|1|1|0|0|1|1|1|0|0|0|56.2706854|34.3166576|0
venue_63072308bd1394f6967a8429|дк-ростислав-63072308bd1394f6967a8429|ДК Ростислав|CONCERT_HALL|рославль|Рославль|1|1|0|0|1|1|1|0|0|0|53.94268822381289|32.81759196621149|0
venue_60cbab38d30f4e296d5cf910|embargo-villa-60cbab38d30f4e296d5cf910|Embargo Villa|CONCERT_HALL|ростов-на-дону|Ростов-на-Дону|1|1|0|0|1|1|1|0|0|0|47.20315979999999|39.79555999999999|0
venue_69e9d42751b5074117d2ddee|volna-bar-69e9d42751b5074117d2ddee|Volna Bar|CONCERT_HALL|ростов-на-дону|Ростов-на-Дону|0|0|0|1|1|1|1|0|0|1|47.212893939756434|39.70928782044211|0
venue_61362a4307f25912f78db9f5|baba-lyuba-61362a4307f25912f78db9f5|Баба Люба|CONCERT_HALL|ростов-на-дону|Ростов-на-Дону|1|1|0|1|1|1|1|0|0|1|47.22129417467504|39.71626549959183|0
venue_5c04e1695c277d000b327165|дк-росвертол-5c04e1695c277d000b327165|ДК "РосВертОл"|CONCERT_HALL|ростов-на-дону|Ростов-на-Дону|1|1|0|0|1|1|1|0|0|0|47.2485341|39.716646399999945|0
venue_5a6f0298515e35001daaca2b|dk-rostselmash-5a6f0298515e35001daaca2b|ДК "Ростсельмаш"|CONCERT_HALL|ростов-на-дону|Ростов-на-Дону|1|1|0|1|1|1|1|0|0|1|47.249771|39.763439999999946|0
venue_59276500515e35001602eb8c|кск-экспресс-59276500515e35001602eb8c|КСК "ЭКСПРЕСС"|CONCERT_HALL|ростов-на-дону|Ростов-на-Дону|1|1|0|0|1|1|1|0|0|0|47.226716104246144|39.74861025810242|0
venue_5e72096ab4cdf19fa5841d51|кроп-арена-5e72096ab4cdf19fa5841d51|Кроп Арена|CONCERT_HALL|ростов-на-дону|Ростов-на-Дону|1|1|0|0|1|1|1|0|0|0|47.240619105415334|39.75125142262851|0
venue_675849a2b866c9a853a53fac|оркестровая-яма-675849a2b866c9a853a53fac|Оркестровая Яма|CONCERT_HALL|ростов-на-дону|Ростов-на-Дону|1|1|0|0|1|1|1|0|0|0|47.227881842299965|39.70852732658386|0
venue_689d838848d17b1074469164|родня-689d838848d17b1074469164|Родня|CONCERT_HALL|ростов-на-дону|Ростов-на-Дону|1|1|0|0|1|1|1|0|0|0|47.2275639|39.708642|0
venue_68c6b187952ac633a429fa63|rodnya-space-68c6b187952ac633a429fa63|Родня Space|CONCERT_HALL|ростов-на-дону|Ростов-на-Дону|1|1|0|1|1|1|1|0|0|1|47.2275639|39.708642|0
venue_68a9d715f0b25f2c94c5b541|родня-спеис-68a9d715f0b25f2c94c5b541|Родня Спейс|CONCERT_HALL|ростов-на-дону|Ростов-на-Дону|1|1|0|0|1|1|1|0|0|0|47.2275639|39.708642|0
venue_59ef75bfd35286001b166234|rostovskii-dom-oficerov-59ef75bfd35286001b166234|Ростовский дом офицеров|CONCERT_HALL|ростов-на-дону|Ростов-на-Дону|1|1|0|1|1|1|1|0|0|1|47.220975|39.70764299999996|0
venue_60867a356a68a4e507cbbc12|ciferblat-kulturnoe-prostranstvo-60867a356a68a4e507cbbc12|Циферблат • Культурное пространство|CONCERT_HALL|ростов-на-дону|Ростов-на-Дону|1|1|1|1|1|1|1|0|0|1|47.2259627|39.7203889|362
venue_585946a5d3528600152c3b69|dk-vympel-585946a5d3528600152c3b69|ДК "Вымпел"|CONCERT_HALL|рыбинск|Рыбинск|0|0|0|1|1|1|1|0|0|1|58.064285|38.81133399999999|0
venue_6ab56bada3c7f1ee008538b3|свобода-event-холл-6ab56bada3c7f1ee008538b3|"Свобода" event-холл|CONCERT_HALL|рязань|Рязань|1|1|0|0|1|1|1|0|0|0|54.6326189|39.7462033|0
venue_6ab3eab6c720fd57499f9d07|цех-6ab3eab6c720fd57499f9d07|@Цех|CONCERT_HALL|рязань|Рязань|1|1|0|0|1|1|1|0|0|0|54.629849|39.7380409|0
venue_649c6c4da3e7998694d042d5|свобода-event-hall-649c6c4da3e7998694d042d5|«Свобода» Event - hall|CONCERT_HALL|рязань|Рязань|1|1|0|0|1|1|1|0|0|0|54.632694|39.7460753|0
venue_60c0d1af826fa44013de163a|dk-rgatu-60c0d1af826fa44013de163a|ДК РГАТУ|CONCERT_HALL|рязань|Рязань|1|1|0|1|1|1|1|0|0|1|54.636556|39.655912|0
venue_5cff7d3ab660679d74ef3b35|ds-olimpiiskii-5cff7d3ab660679d74ef3b35|ДС Олимпийский|CONCERT_HALL|рязань|Рязань|1|1|0|1|1|1|1|0|0|1|54.60683659999999|39.79435169999999|0
venue_6938297b0cf7c96ef498406e|паб-две-будки-в-ирландии-6938297b0cf7c96ef498406e|Паб «Две Будки в Ирландии»|CONCERT_HALL|рязань|Рязань|1|1|0|0|1|1|1|0|0|0|54.6301696|39.7215488|0
venue_68f3bb139775074a24d2b786|руки-вверх-68f3bb139775074a24d2b786|Руки Вверх! Бар (ex. Deep)|CONCERT_HALL|рязань|Рязань|1|1|0|0|1|1|1|0|0|0|54.6270459|39.7104806|0
venue_5a55ceab519f7b001fcd6591|дк-нефтехимик-5a55ceab519f7b001fcd6591|ДК "Нефтехимик"|CONCERT_HALL|салават|Салават|1|1|0|0|1|1|1|0|0|0|53.3616201|55.92692779999993|0
venue_67dd6e10763918788b5f7e07|brooklyn-bowl-67dd6e10763918788b5f7e07|Brooklyn Bowl|CONCERT_HALL|самара|Самара|1|1|0|0|1|1|1|0|0|0|53.18675413380775|50.12749672059311|0
venue_6649e126feb67c451c0d9126|studio-57-6649e126feb67c451c0d9126|Studio 57|CONCERT_HALL|самара|Самара|0|0|0|0|1|1|1|0|0|0|53.20168100000001|50.141807|0
venue_698b65060635038d2fd9ff8a|вечно-молодои-698b65060635038d2fd9ff8a|Вечно Молодой|CONCERT_HALL|самара|Самара|0|0|0|0|1|1|1|0|0|0|53.1846389|50.10161129999999|0
venue_6a50afcaf0150f50083438c8|дача-соколова-на-территории-санатория-им-чкалова-6a50afcaf0150f50083438c8|Дача Соколова на территории санатория им.Чкалова|CONCERT_HALL|самара|Самара|0|0|0|0|1|1|1|0|0|0|53.2762578|50.187924|0
venue_60957a10e3b73256641f2d61|дом-сивре-летняя-терраса-60957a10e3b73256641f2d61|Дом Сивре, Летняя терраса|CONCERT_HALL|самара|Самара|0|0|0|0|1|1|1|0|0|0|53.1898931|50.0877564|0
venue_6479a8125698963a6bcbb8bf|kz-signal-6479a8125698963a6bcbb8bf|КЗ Сигнал|CONCERT_HALL|самара|Самара|1|1|0|1|1|1|1|0|0|1|53.212652|50.125991|0
venue_6920cbfa3e00b5a6c81383ca|купол-volga-plaza-6920cbfa3e00b5a6c81383ca|Купол Volga Plaza|CONCERT_HALL|самара|Самара|0|0|0|0|1|1|1|0|0|0|53.1947229|50.0920371|0
venue_5c7d5241737a62000c0c71b0|maksimilians-5c7d5241737a62000c0c71b0|Максимилианс|CONCERT_HALL|самара|Самара|1|1|0|1|1|1|1|0|0|1|53.2046776|50.14562560000002|0
venue_564daddb9cb53871ecc5db29|okruzhnoi-dom-oficerov-564daddb9cb53871ecc5db29|Окружной Дом Офицеров|CONCERT_HALL|самара|Самара|1|1|0|1|1|1|1|0|0|1|53.1958804|50.09889440000006|0
venue_67843151d814dd11509f1336|подвал-67843151d814dd11509f1336|Подвал|CONCERT_HALL|самара|Самара|1|1|0|0|1|1|1|0|0|0|53.18810569999999|50.0990195|0
venue_65c1d1f760a88120286305b1|skk-dvorec-sporta-imeni-vladimira-vysockogo-65c1d1f760a88120286305b1|СКК "Дворец Спорта имени Владимира Высоцкого"|CONCERT_HALL|самара|Самара|1|1|0|1|1|1|1|0|0|1|53.2059629|50.11677299999999|0
venue_66c35ac682f7ed9a77a3964e|сигнал-66c35ac682f7ed9a77a3964e|Сигнал|CONCERT_HALL|самара|Самара|1|1|0|0|1|1|1|0|0|0|53.213244|50.125405|0
venue_58514012515e3500152bca1c|kolizei|"Колизей"|CONCERT_HALL|санкт-петербург|Санкт-Петербург|1|1|0|1|1|1|1|0|0|1|59.932007|30.355546000000004|0
venue_5f497fb21ff352e2ffa13b77|art-lab-medovarus-5f497fb21ff352e2ffa13b77|Art Lab Medovarus|CONCERT_HALL|санкт-петербург|Санкт-Петербург|0|0|1|1|1|1|1|0|0|1|59.92998309999999|30.3224235|134
venue_56c487689cb5381d14f20bef|aurora-concert-hall-56c487689cb5381d14f20bef|Aurora Concert Hall|CONCERT_HALL|санкт-петербург|Санкт-Петербург|1|1|0|1|1|1|1|0|0|1|59.95747300000001|30.34068000000002|0
venue_6012780ef95dcef1d1680213|base-6012780ef95dcef1d1680213|BASE|CONCERT_HALL|санкт-петербург|Санкт-Петербург|1|1|0|0|1|1|1|0|0|0|59.971308|30.3865259|0
venue_5f2a7206571c3dcad4169941|buddha-bar-5f2a7206571c3dcad4169941|Buddha-Bar|CONCERT_HALL|санкт-петербург|Санкт-Петербург|0|0|0|1|1|1|1|0|0|1|59.94093680694837|30.396714455454166|0
venue_64a1f92d943c5597458b518e|commode-64a1f92d943c5597458b518e|Commode|CONCERT_HALL|санкт-петербург|Санкт-Петербург|0|0|0|1|1|1|1|0|0|1|59.9324579|30.3472094|0
venue_6303489c732611ea9ef22040|factory-3-6303489c732611ea9ef22040|Factory 3|CONCERT_HALL|санкт-петербург|Санкт-Петербург|1|1|0|0|1|1|1|0|0|0|59.92451637152882|30.24109366022385|0
venue_5fbfacab3cbf25fe0ddd10d4|fireball-5fbfacab3cbf25fe0ddd10d4|FireBall|CONCERT_HALL|санкт-петербург|Санкт-Петербург|1|1|0|0|1|1|1|0|0|0|59.85438259999999|30.3874004|0
venue_67349b857b2bd9374cf392bf|groodki-67349b857b2bd9374cf392bf|Groodki|CONCERT_HALL|санкт-петербург|Санкт-Петербург|1|1|0|1|1|1|1|0|0|1|59.93212980000001|30.3544248|0
venue_61016d64ad609c06affcd90a|homie-bar-61016d64ad609c06affcd90a|HOMIE Bar|CONCERT_HALL|санкт-петербург|Санкт-Петербург|0|0|0|1|1|1|1|0|0|1|59.943658|30.348224|0
venue_6792fef6310ba61ee8edce99|hookah-place-6792fef6310ba61ee8edce99|Hookah Place|CONCERT_HALL|санкт-петербург|Санкт-Петербург|0|0|0|0|1|1|1|0|0|0|59.92779700000001|30.370786|0
venue_61e86fdbbbbf6dcd282d86e8|loft-hall-61e86fdbbbbf6dcd282d86e8|LOFT HALL|CONCERT_HALL|санкт-петербург|Санкт-Петербург|0|0|0|1|1|1|1|0|0|1|59.9543807|30.37198249999999|0
venue_66e801bb9df06eaedf94b47d|leps-bar-66e801bb9df06eaedf94b47d|Leps Bar|CONCERT_HALL|санкт-петербург|Санкт-Петербург|1|1|0|1|1|1|1|0|0|1|59.9407056|30.3260093|0
venue_6569b116e57179792df08d89|level-up-лофт-6569b116e57179792df08d89|Level up лофт|CONCERT_HALL|санкт-петербург|Санкт-Петербург|0|0|0|0|1|1|1|0|0|0|59.92331489999999|30.3617098|0
venue_623aea434e21d83e19e0ba80|linza-music-lab-623aea434e21d83e19e0ba80|Linza Music Lab|CONCERT_HALL|санкт-петербург|Санкт-Петербург|0|0|0|0|1|1|1|0|0|0|59.9428789|30.28947089999999|0
venue_5c74125bfbafc9000bd444b5|money-honey-5c74125bfbafc9000bd444b5|MONEY HONEY|CONCERT_HALL|санкт-петербург|Санкт-Петербург|1|1|0|1|1|1|1|0|0|1|59.9284874|30.327880499999992|0
venue_65df36139442c93b30d26b7e|money-honey-1i-etazh-65df36139442c93b30d26b7e|Money Honey (1й этаж)|CONCERT_HALL|санкт-петербург|Санкт-Петербург|1|1|0|0|1|1|1|0|0|1|59.9300429|30.3262423|0
venue_688b2d00234bd9a7b7efc6e2|ossi-688b2d00234bd9a7b7efc6e2|OSSI|CONCERT_HALL|санкт-петербург|Санкт-Петербург|1|1|0|1|1|1|1|0|0|1|59.9387626|30.3636876|0
venue_61263f19632b9de5b2a7e27e|popravka-bar-61263f19632b9de5b2a7e27e|POPRAVKA BAR|CONCERT_HALL|санкт-петербург|Санкт-Петербург|1|1|0|1|1|1|1|0|0|1|59.9235042|30.36268939999999|0
venue_5cf52957389e06000d0f1ef3|roof-place-5cf52957389e06000d0f1ef3|Roof Place|CONCERT_HALL|санкт-петербург|Санкт-Петербург|0|0|0|1|1|1|1|0|0|1|59.9222312|30.249441400000023|30
venue_6a2bd9fe0b34f9ff5f918950|stay-gold-6a2bd9fe0b34f9ff5f918950|STAY GOLD|CONCERT_HALL|санкт-петербург|Санкт-Петербург|1|1|0|0|1|1|1|0|0|0|59.93891519999999|30.3656906|29
venue_5f3ad1d9c92577404c01b24e|the-right-place-5f3ad1d9c92577404c01b24e|The Right Place|CONCERT_HALL|санкт-петербург|Санкт-Петербург|1|1|0|1|1|1|1|0|0|1|59.93909799999999|30.3239905|0
venue_5e4c19a341fa1815019d222e|union-5e4c19a341fa1815019d222e|Union|CONCERT_HALL|санкт-петербург|Санкт-Петербург|0|0|0|1|1|1|1|0|0|1|59.93562919999999|30.3477131|0
venue_632a5e73c04811e5fd44bbde|vnvnc-concert-hall-632a5e73c04811e5fd44bbde|VNVNC Concert Hall|CONCERT_HALL|санкт-петербург|Санкт-Петербург|1|1|0|0|1|1|1|0|0|0|59.94004349999999|30.3268877|0
venue_5d72160f1ec03970293d72cc|zoccolo-2-0-5d72160f1ec03970293d72cc|ZOCCOLO 2.0|CONCERT_HALL|санкт-петербург|Санкт-Петербург|1|1|0|0|1|1|1|0|0|0|59.925345|30.361626|0
venue_67ee41199b2acd8e8289fc76|zoccolo-2-0-67ee41199b2acd8e8289fc76|ZOCCOLO 2.0|CONCERT_HALL|санкт-петербург|Санкт-Петербург|1|1|0|1|1|1|1|0|0|1|59.9251251|30.358012|0
venue_6a995d88dc3737282173d2c3|ibiza-6a995d88dc3737282173d2c3|ibiza|CONCERT_HALL|санкт-петербург|Санкт-Петербург|0|0|0|0|1|1|1|0|0|0|59.9355146|30.335407|0
venue_548b0e039cb53807b416ac4f|а2-548b0e039cb53807b416ac4f|А2|CONCERT_HALL|санкт-петербург|Санкт-Петербург|1|1|0|0|1|1|1|0|0|0|59.969304|30.3155931|0
venue_6a4d45848be6df30267b7d4c|admiralteiskaya-10-6a4d45848be6df30267b7d4c|Адмиралтейская 10|CONCERT_HALL|санкт-петербург|Санкт-Петербург|0|0|0|0|1|1|1|0|0|1|59.93882642780727|30.306148858300983|0
venue_699ee37bf1c5573ef105f950|банкет-холл-аристократ-699ee37bf1c5573ef105f950|Банкет-Холл «Аристократ»|CONCERT_HALL|санкт-петербург|Санкт-Петербург|0|0|0|0|1|1|1|0|0|0|59.9621583|30.3176152|0
venue_6a1ff03def9021dcd76eccf6|библиотечно-культурныи-центр-нота-6a1ff03def9021dcd76eccf6|Библиотечно-культурный центр «Нота»|CONCERT_HALL|санкт-петербург|Санкт-Петербург|1|1|0|0|1|1|1|0|0|0|59.9444223|30.4788886|0
venue_68c6af13e7322489fbd2f6dc|большои-петергофскии-дворец-68c6af13e7322489fbd2f6dc|Большой петергофский дворец|CONCERT_HALL|санкт-петербург|Санкт-Петербург|1|1|0|0|1|1|1|0|0|0|59.8848394|29.9088845|0
venue_6a149f1ceb1725530513edcc|v-gostyah-u-asthik-6a149f1ceb1725530513edcc|В гостях у Астхик|CONCERT_HALL|санкт-петербург|Санкт-Петербург|1|1|0|1|1|1|1|0|0|1|59.9356221|30.3625139|0
venue_6a06c230195ab94ce2aff2f9|веранда-6a06c230195ab94ce2aff2f9|Веранда|CONCERT_HALL|санкт-петербург|Санкт-Петербург|0|0|0|0|1|1|1|0|0|0|59.98475139999999|30.3689921|0
venue_6a3ac6dc50f45dab1b421376|gastropab-357-6a3ac6dc50f45dab1b421376|Гастропаб 357|CONCERT_HALL|санкт-петербург|Санкт-Петербург|0|0|0|1|1|1|1|0|0|1|59.94769549999999|30.28392569999999|10
venue_6a3ac7bcef18f6620a0490f5|gastropab-357-6a3ac7bcef18f6620a0490f5|Гастропаб 357|CONCERT_HALL|санкт-петербург|Санкт-Петербург|1|1|0|1|1|1|1|0|0|1|59.94769549999999|30.28392569999999|25
venue_693c121737506745375533a2|gastropab-357-693c121737506745375533a2|Гастропаб 357|CONCERT_HALL|санкт-петербург|Санкт-Петербург|1|1|0|1|1|1|1|0|0|1|59.94769549999999|30.28392569999999|0
venue_6a0da2dd0baf0f8d8fc6afc8|goluboi-zal-soyuza-hudozhnikov-6a0da2dd0baf0f8d8fc6afc8|Голубой зал Союза Художников|CONCERT_HALL|санкт-петербург|Санкт-Петербург|0|0|0|1|1|1|1|0|0|1|59.933203339924226|30.311214923858643|0
venue_685db84c214b62d0b52b6641|городскои-причал-синопская-набережная-28-685db84c214b62d0b52b6641|Городской причал Синопская набережная 28|CONCERT_HALL|санкт-петербург|Санкт-Петербург|1|1|0|0|1|1|1|0|0|0|59.92986380782723|30.389811124203927|0
venue_5c9b99e362f03f000c48bd3d|gosudarstvennyi-ermitazh-5c9b99e362f03f000c48bd3d|Государственный Эрмитаж (Зимний дворец)|CONCERT_HALL|санкт-петербург|Санкт-Петербург|1|1|0|1|1|1|1|0|0|1|59.9390214|30.312594900000022|0
venue_5e5ce7f73cce37fda3f25c20|гранд-отель-европа-5e5ce7f73cce37fda3f25c20|Гранд Отель Европа|CONCERT_HALL|санкт-петербург|Санкт-Петербург|1|1|0|0|1|1|1|0|0|0|59.93620019999999|30.3304855|0
venue_5c236babbf89d4000bf868dd|дк-железнодорожников-5c236babbf89d4000bf868dd|ДК Железнодорожников|CONCERT_HALL|санкт-петербург|Санкт-Петербург|1|1|0|0|1|1|1|0|0|0|59.90930049999999|30.351510400000052|30
venue_5742c2199cb53862187dbba3|дк-им-ленсовета-5742c2199cb53862187dbba3|ДК им. Ленсовета|CONCERT_HALL|санкт-петербург|Санкт-Петербург|0|0|0|0|1|1|1|0|0|0|59.966983|30.309833000000026|0
venue_69287159714d2607ad643500|дворец-кваренги-69287159714d2607ad643500|Дворец Кваренги|CONCERT_HALL|санкт-петербург|Санкт-Петербург|1|1|1|0|1|1|1|0|0|0|59.93195919999999|30.3208313|233
venue_6087ea891f549ff14c3e3db3|dvorec-iskusstv-leningradskoi-oblasti-6087ea891f549ff14c3e3db3|Дворец искусств Ленинградской области|CONCERT_HALL|санкт-петербург|Санкт-Петербург|1|1|0|1|1|1|1|0|0|1|59.90063319999999|30.27567299999999|0
venue_569f95119cb53844145e9b7f|dvorec-iskusstv-leningradskoi-oblasti-dk-gorkogo-palace-of-arts-of-the-leningrad-region-dk-a-m-gorky-569f95119cb5384414|Дворец искусств Ленинградской области (ДК Горького) /// Palace of Arts of the Leningrad region (DK A.M.Gorky)|CONCERT_HALL|санкт-петербург|Санкт-Петербург|0|0|0|1|1|1|1|0|0|1|59.900517|30.275743000000034|0
venue_62358e8ee1b8c61b89bb039f|дом-журналиста-62358e8ee1b8c61b89bb039f|Дом журналиста|CONCERT_HALL|санкт-петербург|Санкт-Петербург|0|0|0|0|1|1|1|0|0|0|59.933232|30.345628|0
venue_66857e951f171ce2dc6db470|dom-uchenyh-im-gorkogo-66857e951f171ce2dc6db470|Дом ученых им. Горького|CONCERT_HALL|санкт-петербург|Санкт-Петербург|1|1|0|1|1|1|1|0|0|1|59.9433841|30.3196687|0
venue_661d1ff8656a5613f3aee6ae|духовно-просветительскии-центр-святодуховскии-свято-троицкои-александро-невскои-лавры-661d1ff8656a5613f3aee6ae|Духовно-Просветительский центр "Святодуховский" Свято-Троицкой Александро-Невской Лавры|CONCERT_HALL|санкт-петербург|Санкт-Петербург|1|1|0|0|1|1|1|0|0|0|59.923217|30.386443|0
venue_5c363507ed607d000b018d33|evangelichesko-lyuteranskii-sobor-sv-mihaila-5c363507ed607d000b018d33|Евангелическо-лютеранский собор св.Михаила|CONCERT_HALL|санкт-петербург|Санкт-Петербург|1|1|0|1|1|1|1|0|0|1|59.94416510000001|30.282783999999992|0
venue_6930909cfc27bb700696490f|evgenich-na-rubinshteina-6930909cfc27bb700696490f|Евгенич на Рубинштейна|CONCERT_HALL|санкт-петербург|Санкт-Петербург|1|1|0|1|1|1|1|0|0|1|59.9303985|30.3440057|0
venue_5e20602af02553160725d083|zhabl-eks-the-place-5e20602af02553160725d083|Жабль (экс-The Place)|CONCERT_HALL|санкт-петербург|Санкт-Петербург|1|1|0|1|1|1|1|0|0|1|59.89961658985096|30.289735794067383|0
venue_6a7efd89c1a4b5b298972288|зал-сиднеи-6a7efd89c1a4b5b298972288|Зал Сидней|CONCERT_HALL|санкт-петербург|Санкт-Петербург|0|0|0|0|1|1|1|0|0|0|59.9607828|30.3043451|0
venue_5c2a5b620b9253000c1daefc|ionoteka-5c2a5b620b9253000c1daefc|Ионотека|CONCERT_HALL|санкт-петербург|Санкт-Петербург|0|0|0|1|1|1|1|0|0|1|59.9251582|30.360951699999987|0
venue_5841424e515e3500150d7d77|кдц-московскии-5841424e515e3500150d7d77|КДЦ "МОСКОВСКИЙ"|CONCERT_HALL|санкт-петербург|Санкт-Петербург|1|1|0|0|1|1|1|0|0|0|59.88452100000001|30.321478999999954|0
venue_55803c199cb5381698a52608|koncertnyi-zal-sankt-peterburg-st-petersburg-hall-55803c199cb5381698a52608|Концертный зал "Санкт-Петербург"///St.Petersburg Hall|CONCERT_HALL|санкт-петербург|Санкт-Петербург|1|1|0|1|1|1|1|0|0|1|59.95747300000001|30.34068000000002|0
venue_57c9d5ca9cb5383c457c9cc5|koncertnyi-zal-yaani-kirik-57c9d5ca9cb5383c457c9cc5|Концертный зал Яани Кирик|CONCERT_HALL|санкт-петербург|Санкт-Петербург|1|1|0|1|1|1|1|0|0|1|59.9240989|30.286191299999928|0
venue_6501b9e177b2ac4cf3abbeea|kulturnyi-centr-serdce-6501b9e177b2ac4cf3abbeea|Культурный центр «Сердце»|CONCERT_HALL|санкт-петербург|Санкт-Петербург|1|1|0|1|1|1|1|0|0|1|59.9253667|30.3580513|0
venue_58277729d35286001542ebf6|культурныи-центр-елены-образцовои-58277729d35286001542ebf6|Культурный центр Елены Образцовой|CONCERT_HALL|санкт-петербург|Санкт-Петербург|1|1|0|0|1|1|1|0|0|0|59.93174800000001|30.353304999999978|0
venue_5f56230dda2ec64587c0ad97|lastochka-5f56230dda2ec64587c0ad97|Ласточка|CONCERT_HALL|санкт-петербург|Санкт-Петербург|1|1|0|1|1|1|1|0|0|1|59.920694|30.3633361|0
venue_6256ac167af77b5a35b5274a|lastochka-malyi-zal-6256ac167af77b5a35b5274a|Ласточка (малый зал)|CONCERT_HALL|санкт-петербург|Санкт-Петербург|1|1|0|1|1|1|1|0|0|1|59.920694|30.363336|0
venue_69c25c58fa057f5e3485a33c|lounge-bar-1-2-of-you-nevskii|Лаунж-бар «Половина тебя» Невский|CONCERT_HALL|санкт-петербург|Санкт-Петербург|0|0|1|1|1|1|1|0|0|1|59.9308401|30.3592051|279
venue_573ce5229cb538382319690c|малыи-зал-филармонии-573ce5229cb538382319690c|Малый зал Филармонии|CONCERT_HALL|санкт-петербург|Санкт-Петербург|1|1|0|0|1|1|1|0|0|0|59.93545379999999|30.327894300000025|0
venue_5c8aa30ff41ea8000cc1d5f6|мачты-5c8aa30ff41ea8000cc1d5f6|Мачты|CONCERT_HALL|санкт-петербург|Санкт-Петербург|1|1|0|0|1|1|1|0|0|0|59.92483974586385|30.23936927318573|0
venue_6806252a7d94dbe0b3943e77|музпорт-6806252a7d94dbe0b3943e77|Музпорт|CONCERT_HALL|санкт-петербург|Санкт-Петербург|0|0|0|0|1|1|1|0|0|0|59.92592450000001|30.23566509999999|0
venue_617ee7732217973cbcec9ddc|muzykalnyi-salon-klassika-bez-granic-617ee7732217973cbcec9ddc|Музыкальный салон «Классика без границ»|CONCERT_HALL|санкт-петербург|Санкт-Петербург|1|1|0|1|1|1|1|0|0|1|59.93301|30.321337|0
venue_6a1d2bd4a60aea8b2c68fdff|myuzik-holl-dvorca-kvarengi-6a1d2bd4a60aea8b2c68fdff|Мюзик Холл Дворца Кваренги|CONCERT_HALL|санкт-петербург|Санкт-Петербург|0|0|0|1|1|1|1|0|0|1|59.932250563789445|30.321085453033447|0
venue_69e3883b4f159bd37da2f8b5|myata-lounge-69e3883b4f159bd37da2f8b5|Мята Lounge|CONCERT_HALL|санкт-петербург|Санкт-Петербург|0|0|1|1|1|1|1|0|0|1|59.90529281957326|30.43845174214182|271
venue_5dbb038b181410abd3cc7996|oranzhereya-tavricheskogo-sada-5dbb038b181410abd3cc7996|Оранжерея Таврического сада|CONCERT_HALL|санкт-петербург|Санкт-Петербург|1|1|0|1|1|1|1|0|0|1|59.948398|30.368308999999954|0
venue_56e179c39cb538637fb8a2e4|osobnyak-a-a-polovcova-dom-arhitektora-56e179c39cb538637fb8a2e4|Особняк А.А. Половцова (Дом Архитектора)|CONCERT_HALL|санкт-петербург|Санкт-Петербург|1|1|0|1|1|1|1|0|0|1|59.93143689999999|30.304630299999985|116
venue_5f9be67b5eda629cf3bd2ec0|osobnyak-i-myasnikova-5f9be67b5eda629cf3bd2ec0|Особняк И. Мясникова|CONCERT_HALL|санкт-петербург|Санкт-Петербург|0|0|0|1|1|1|1|0|0|1|59.9414036|30.3610187|23
venue_69f05c42ff6c821d5991fb53|osobnyak-matildy-kshesinskoi-69f05c42ff6c821d5991fb53|Особняк Матильды Кшесинской|CONCERT_HALL|санкт-петербург|Санкт-Петербург|1|1|0|1|1|1|1|0|0|1|59.9546479|30.3251453|0
venue_69d6989a70a3e5c717a370ec|osobnyak-myasnikova-69d6989a70a3e5c717a370ec|Особняк Мясникова|CONCERT_HALL|санкт-петербург|Санкт-Петербург|1|1|1|1|1|1|1|0|0|1|59.9414036|30.3610187|129
venue_6009628f4511049dd531795d|osobnyak-polovcova-6009628f4511049dd531795d|Особняк Половцова|CONCERT_HALL|санкт-петербург|Санкт-Петербург|1|1|0|1|1|1|1|0|0|1|59.93143689999999|30.3046304|17
venue_6812fd64a04f404fca8fe7d8|особняк-юргенса-6812fd64a04f404fca8fe7d8|Особняк Юргенса|CONCERT_HALL|санкт-петербург|Санкт-Петербург|0|0|0|0|1|1|1|0|0|0|59.935766|30.3533905|0
venue_61ded2e6b41898752a899308|otel-sankt-peterburg-bolshoi-koncertnyi-zal-61ded2e6b41898752a899308|Отель «Санкт-Петербург», Большой Концертный зал|CONCERT_HALL|санкт-петербург|Санкт-Петербург|1|1|0|1|1|1|1|0|0|1|59.95678749999999|30.3419522|0
venue_69baa00eeae326c0bd3e5222|prichal-po-rekam-kanalam-na-nab-reki-karpovki-u-pamyatnika-medikam-69baa00eeae326c0bd3e5222|Причал "По рекам-каналам" на наб. реки Карповки у памятника медикам|CONCERT_HALL|санкт-петербург|Санкт-Петербург|1|1|0|1|1|1|1|0|0|1|59.9677270298512|30.315856856858463|0
venue_69f46e1390bef1cc41ce761f|причал-по-рекам-каналам-на-наб-реки-карповки-13-69f46e1390bef1cc41ce761f|Причал "По рекам-каналам" на наб.реки Карповки, 13|CONCERT_HALL|санкт-петербург|Санкт-Петербург|1|1|1|0|1|1|1|0|0|0|59.96829368987511|30.31264638706717|152
venue_645cc8b2dd3ed0c71fd0953e|prichal-na-nab-reki-fontanki-71-645cc8b2dd3ed0c71fd0953e|Причал на наб. реки Фонтанки, 71|CONCERT_HALL|санкт-петербург|Санкт-Петербург|1|1|0|1|1|1|1|0|0|1|59.926441711899116|30.329640203430586|0
venue_69ea462f566e634e79abe02d|prichal-nab-reki-karpovki-u-pamyatnika-medikam-59-967718-30-315967-69ea462f566e634e79abe02d|Причал наб. реки Карповки - у памятника Медикам (59.967718, 30.315967)|CONCERT_HALL|санкт-петербург|Санкт-Петербург|0|0|0|1|1|1|1|0|0|1|59.9676555451488|30.31575322151184|0
venue_675c5a411ab29452c6b8dfd6|rassvet-675c5a411ab29452c6b8dfd6|РАССВЕТ|CONCERT_HALL|санкт-петербург|Санкт-Петербург|1|1|0|1|1|1|1|0|0|1|59.95525988670403|30.37286120119381|35
venue_693b11ba139f184d21a58ad3|римско-католическии-храм-святого-станислава-693b11ba139f184d21a58ad3|Римско-католический храм Святого Станислава|CONCERT_HALL|санкт-петербург|Санкт-Петербург|0|0|1|0|1|1|1|0|0|0|59.9226822|30.288143|614
venue_5a688e66519f7b001ebe8661|rossiiskaya-nacionalnaya-biblioteka-5a688e66519f7b001ebe8661|Российская Национальная Библиотека|CONCERT_HALL|санкт-петербург|Санкт-Петербург|1|1|0|1|1|1|1|0|0|1|59.93500100000001|30.34510499999999|0
venue_6a4b858921d4fca102f90789|russkoe-geograficheskoe-obschestvo-6a4b858921d4fca102f90789|Русское географическое общество|CONCERT_HALL|санкт-петербург|Санкт-Петербург|1|1|0|1|1|1|1|0|0|1|59.9304883|30.314058|0
venue_55a91e6a9cb5385a9a691ed9|sk-yubileinyi-55a91e6a9cb5385a9a691ed9|СК "Юбилейный"|CONCERT_HALL|санкт-петербург|Санкт-Петербург|1|1|0|1|1|1|1|0|0|1|59.949743|30.291291|0
venue_65843f69c546311e16283960|санкт-петербург-дворцовая-наб-26-65843f69c546311e16283960|Санкт-Петербург, Дворцовая наб., 26|CONCERT_HALL|санкт-петербург|Санкт-Петербург|1|1|0|0|1|1|1|0|0|0|59.9434229|30.3196653|0
venue_5ac54d8e515e35001b58b5de|святодуховскии-культурныи-центр-александро-невскои-лавры-5ac54d8e515e35001b58b5de|Святодуховский культурный центр Александро-Невской Лавры|CONCERT_HALL|санкт-петербург|Санкт-Петербург|1|1|0|0|1|1|1|0|0|0|59.92297399999999|30.38800500000002|0
venue_5fa161c991cfed5e229f2edb|севкабель-порт-укт-5fa161c991cfed5e229f2edb|Севкабель порт, УКТ|CONCERT_HALL|санкт-петербург|Санкт-Петербург|1|1|0|0|1|1|1|0|0|0|59.9247193418068|30.240986512337486|3
venue_6a85afabe360277128cfe7b8|станция-6a85afabe360277128cfe7b8|Станция|CONCERT_HALL|санкт-петербург|Санкт-Петербург|0|0|0|0|1|1|1|0|0|0|59.9196763|30.3295813|40
venue_685d25e5ee733c0f42677c60|таврическии-сад-685d25e5ee733c0f42677c60|Таврический сад|CONCERT_HALL|санкт-петербург|Санкт-Петербург|0|0|1|0|1|1|0|0|0|0|||339
venue_5661d5a99cb5385800d8807d|tochka-sbora|Точка сбора|CONCERT_HALL|санкт-петербург|Санкт-Петербург|1|1|0|1|1|1|1|0|0|1|59.9342802|30.335098600000038|32
venue_69d8a1458738ea3ba1d5efcd|fabrika-3-69d8a1458738ea3ba1d5efcd|Фабрика 3|CONCERT_HALL|санкт-петербург|Санкт-Петербург|1|1|0|1|1|1|1|0|0|1|59.92433429999999|30.2410502|0
venue_6a5e82800b4e8ce8ac1c605f|феромон-приморская-6a5e82800b4e8ce8ac1c605f|Феромон Приморская|CONCERT_HALL|санкт-петербург|Санкт-Петербург|0|0|0|0|1|1|1|0|0|0|59.9525106|30.2123453|7
venue_682608fd629498db85fcf5bc|центр-современного-искусства-им-сергея-курехина-682608fd629498db85fcf5bc|Центр современного искусства им. Сергея Курёхина|CONCERT_HALL|санкт-петербург|Санкт-Петербург|1|1|0|0|1|1|1|0|0|0|59.9339773|30.2459893|0
venue_64db26853f73e03eaf6a74db|ciferblat-na-moike-64db26853f73e03eaf6a74db|Циферблат на Мойке|CONCERT_HALL|санкт-петербург|Санкт-Петербург|1|1|0|1|1|1|1|0|0|1|59.9300291|30.3004575|32
venue_5b23bebdd35286001cbd3d74|шереметевскии-дворец-5b23bebdd35286001cbd3d74|Шереметевский дворец|CONCERT_HALL|санкт-петербург|Санкт-Петербург|1|1|0|0|1|1|1|0|0|0|59.937344|30.344262200000003|0
venue_673de3b202805f3527001ab2|школа-джаза-и-мюзикла-673de3b202805f3527001ab2|Школа Джаза и Мюзикла|CONCERT_HALL|санкт-петербург|Санкт-Петербург|1|1|0|0|1|1|1|0|0|0|59.92757899999999|30.3503816|0
venue_6a8593c9217394d7d9bbb6a3|эхо-6a8593c9217394d7d9bbb6a3|Эхо|CONCERT_HALL|санкт-петербург|Санкт-Петербург|0|0|0|0|1|1|1|0|0|0|59.9334999|30.3309486|0
venue_5c6a5503ceee6a000b71572a|юнион-5c6a5503ceee6a000b71572a|Юнион|CONCERT_HALL|санкт-петербург|Санкт-Петербург|0|0|0|0|1|1|1|0|0|0|59.93562919999999|30.347713099999964|0
venue_5df8c08ae3e464ac0a507fb8|ящик-5df8c08ae3e464ac0a507fb8|Ящик|CONCERT_HALL|санкт-петербург|Санкт-Петербург|0|0|0|0|1|1|1|0|0|0|59.9234832|30.36220460000004|0
venue_669e39c0db9225402564be6e|gorodskoi-prichal-admiralteistvo|городской причал Адмиралтейство|CONCERT_HALL|санкт-петербург|Санкт-Петербург|0|0|0|1|1|1|1|0|0|1|59.93878192524481|30.30624119212461|44
venue_6021444a6974ddd0eb7e9055|harat-s-pub-6021444a6974ddd0eb7e9055|Harat's Pub|CONCERT_HALL|саранск|Саранск|1|1|0|0|1|1|1|0|0|0|54.1927595|45.1767119|0
venue_5d6a291c86ef090c9250c919|samovar-5d6a291c86ef090c9250c919|SAMOVAR|CONCERT_HALL|саранск|Саранск|1|1|0|0|1|1|1|0|0|0|54.183129865781915|45.18110811710358|0
venue_66d9bbb0defcce74c58fbac4|summer-jam-66d9bbb0defcce74c58fbac4|SUMMER JAM|CONCERT_HALL|саранск|Саранск|1|1|0|1|1|1|1|0|0|1|54.19549975369566|45.172680616378784|0
venue_61ea78b2104878bc76e0a40e|dvorec-kultury-i-iskusstv-mgu-im-n-p-ogareva-61ea78b2104878bc76e0a40e|Дворец культуры и искусств МГУ им. Н.П. Огарёва|CONCERT_HALL|саранск|Саранск|1|1|0|1|1|1|1|0|0|1|54.1892475|45.18056379999999|0
venue_61c9dcf08099f7628d1da3bd|harat-s-pub-61c9dcf08099f7628d1da3bd|Harat's Pub|CONCERT_HALL|саратов|Саратов|1|1|0|0|1|1|1|0|0|0|51.54857149999999|46.0064345|0
venue_56d0ab669cb5384d9563f8d0|machine-head-56d0ab669cb5384d9563f8d0|Machine Head|CONCERT_HALL|саратов|Саратов|1|1|0|1|1|1|1|0|0|1|51.53227889999999|46.0466778|0
venue_6a78592b15e26b94892ecd7e|дом-культуры-6a78592b15e26b94892ecd7e|Дом Культуры|CONCERT_HALL|саратов|Саратов|1|1|0|0|1|1|1|0|0|0|51.51682217062305|46.01781124335296|0
venue_603e0dc65832a5b9308e94ee|дом-работников-искусств-603e0dc65832a5b9308e94ee|Дом работников искусств|CONCERT_HALL|саратов|Саратов|1|1|0|0|1|1|1|0|0|0|51.5276659|46.0378753|0
venue_6a3bfa50dcb6d750ca5bdbdb|koncertnyi-zal-slovo-zhizni-6a3bfa50dcb6d750ca5bdbdb|Концертный зал "Слово жизни"|CONCERT_HALL|саратов|Саратов|1|1|0|1|1|1|1|0|0|1|51.5152739|46.0049994|0
venue_67ad08223f384945ae383538|korpus-o-67ad08223f384945ae383538|Корпус О|CONCERT_HALL|саратов|Саратов|1|1|0|1|1|1|1|0|0|1|51.53904559999999|46.00460469999999|0
venue_5e52cb10ba8e9dcd7cd8df75|территория-кофе-5e52cb10ba8e9dcd7cd8df75|Территория Кофе|CONCERT_HALL|саратов|Саратов|1|1|0|0|1|1|1|0|0|0|51.528118|46.0540039|0
venue_696289bee681f04149e3d886|заведение-пивнои-бульвар-696289bee681f04149e3d886|заведение Пивной Бульвар|CONCERT_HALL|саратов|Саратов|1|1|0|0|1|1|1|0|0|0|51.5314823|46.0266915|0
venue_66d6dd0b821a3dc717040cef|centr-kultury-i-dosuga-rfyac-vniief-66d6dd0b821a3dc717040cef|ЦЕНТР КУЛЬТУРЫ И ДОСУГА РФЯЦ-ВНИИЭФ|CONCERT_HALL|саров|Саров|1|1|0|1|1|1|1|0|0|1|54.92281381703268|43.34662735462189|35
venue_66ed223dfaafd128ae8d48da|boombox-66ed223dfaafd128ae8d48da|BoomBox|CONCERT_HALL|севастополь|Севастополь|1|1|0|0|1|1|1|0|0|0|44.6064861|33.5206505|0
venue_6952fcae1b43a9cf40b6b8fe|balagan-38-6952fcae1b43a9cf40b6b8fe|Балаган 38|CONCERT_HALL|севастополь|Севастополь|0|0|0|1|1|1|1|0|0|1|44.61665|33.525367|0
venue_6a1afe624535ab05f093d383|molodost-6a1afe624535ab05f093d383|Молодость|CONCERT_HALL|севастополь|Севастополь|1|1|0|1|1|1|1|0|0|1|44.5997703|33.5243307|0
venue_65b7ae4e62827d6de66af4b9|цкиом-центр-культуры-и-общественных-мероприятии-65b7ae4e62827d6de66af4b9|ЦКиОМ (ЦЕНТР КУЛЬТУРЫ И ОБЩЕСТВЕННЫХ МЕРОПРИЯТИЙ)|CONCERT_HALL|северодвинск|Северодвинск|1|1|0|0|1|1|1|0|0|0|64.56048400000002|39.81982199999999|0
venue_6a6df25a7d2dc00ccb892fb2|twelve-6a6df25a7d2dc00ccb892fb2|Twelve|CONCERT_HALL|сергиев-посад|Сергиев Посад|0|0|0|0|1|1|1|0|0|0|56.3099554|38.1414998|50
venue_5d7a60e3f153e7856dde50d9|muk-odc-oktyabr-5d7a60e3f153e7856dde50d9|МУК ОДЦ «Октябрь»|CONCERT_HALL|сергиев-посад|Сергиев Посад|1|1|0|1|1|1|1|0|0|1|56.2892499|38.14833759999999|40
venue_577b63a09cb5380595b54be2|дк-россия-577b63a09cb5380595b54be2|ДК "Россия"|CONCERT_HALL|серпухов|Серпухов|0|0|0|0|1|1|1|0|0|0|54.924723|37.43501200000003|0
venue_65bb7ffe6382a71ffff47f5e|dk-im-v-i-lenina-65bb7ffe6382a71ffff47f5e|ДК им. В.И. Ленина|CONCERT_HALL|серпухов|Серпухов|0|0|0|1|1|1|1|0|0|1|54.9179562|37.4229963|0
venue_6a468b11a7c9a5049a74291c|скто-6a468b11a7c9a5049a74291c|СКТО|CONCERT_HALL|сибаи|Сибай|1|1|0|0|1|1|1|0|0|0|52.7145363|58.6580927|0
venue_6a25901082ff4dd32a612a51|santa-barbara-bar-6a25901082ff4dd32a612a51|Santa Barbara Bar|CONCERT_HALL|симферополь|Симферополь|0|0|0|1|1|1|1|0|0|1|44.95329050000001|34.0949883|0
venue_69f3af9d9f003040fd8095f2|depo-69f3af9d9f003040fd8095f2|ДЕПО|CONCERT_HALL|симферополь|Симферополь|0|0|0|1|1|1|1|0|0|1|44.9472883|34.1257965|0
venue_5c1a60b91f51ea000b0b9d82|dvorec-kultury-profsoyuzov-5c1a60b91f51ea000b0b9d82|Дворец культуры профсоюзов|CONCERT_HALL|симферополь|Симферополь|1|1|0|1|1|1|1|0|0|1|44.9650025|34.10613349999994|0
venue_696a63aeea6927d7d0e6c289|дом-музыки-696a63aeea6927d7d0e6c289|Дом Музыки|CONCERT_HALL|смоленск|Смоленск|0|0|0|0|1|1|1|0|0|0|54.7894948|32.0413199|0
venue_6167e1f4f59af73543a434ad|областнои-дворец-культуры-профсоюзов-6167e1f4f59af73543a434ad|Областной Дворец Культуры Профсоюзов|CONCERT_HALL|смоленск|Смоленск|1|1|0|0|1|1|1|0|0|0|54.7821775|32.0430648|0
venue_61a860c04bf4f3be3dc37229|rk-krasnyi-bolshoi-zal-61a860c04bf4f3be3dc37229|РК «Красный». Большой зал|CONCERT_HALL|смоленск|Смоленск|1|1|0|1|1|1|1|0|0|1|54.77231|32.0284349|0
venue_61da8da9a6d632a63198e91d|дк-выстрел-61da8da9a6d632a63198e91d|ДК "Выстрел"|CONCERT_HALL|солнечногорск|Солнечногорск|1|1|0|0|1|1|1|0|0|0|56.1929988|36.9943362|0
venue_66485652502a9046a321e0e4|культурно-досуговыи-центр-тимоново-66485652502a9046a321e0e4|Культурно-досуговый центр "Тимоново"|CONCERT_HALL|солнечногорск|Солнечногорск|1|1|0|0|1|1|1|0|0|0|56.215584|37.0247603|0
venue_6379cabfc82e1808727c8b86|центр-культурного-развития-6379cabfc82e1808727c8b86|Центр культурного развития|CONCERT_HALL|соль-илецк|Соль-Илецк|1|1|0|0|1|1|1|0|0|0|51.1601848|54.99888989999999|0
venue_698dff1717e124c895768909|sea-galaxy-hotel-congress-698dff1717e124c895768909|Sea Galaxy Hotel Congress|CONCERT_HALL|сочи|Сочи|0|0|0|0|1|1|1|0|0|0|43.5697917|39.7345098|0
venue_6a4f8be8a14bb37bdb5347c7|бургерная-грот-6a4f8be8a14bb37bdb5347c7|Бургерная Грот|CONCERT_HALL|сочи|Сочи|0|0|0|0|1|1|1|0|0|0|43.5868903|39.7216041|0
venue_6a041e8e3616157efa5350f4|dzen-bistro-6a041e8e3616157efa5350f4|Дзен Бистро|CONCERT_HALL|сочи|Сочи|0|0|0|1|1|1|1|0|0|1|43.5889547|39.7261497|0
venue_6a3d040d8496233fb0e14ae8|dolche-dacha-6a3d040d8496233fb0e14ae8|Дольче Дача|CONCERT_HALL|сочи|Сочи|1|1|0|1|1|1|1|0|0|1|43.5808191|39.7226875|22
venue_6a998ee9d5623126fbc60c7b|остров-6a998ee9d5623126fbc60c7b|Остров|CONCERT_HALL|сочи|Сочи|0|0|0|0|1|1|1|0|0|0|43.5854383|39.714201|0
venue_6907964a6f54064c3171dc8a|panorama-6907964a6f54064c3171dc8a|Панорама|CONCERT_HALL|сочи|Сочи|1|1|0|1|1|1|1|0|0|1|43.58393950468933|39.732301148727295|0
venue_5a677b3fd35286001e187c9d|роза-холл-5a677b3fd35286001e187c9d|Роза-Холл|CONCERT_HALL|сочи|Сочи|1|1|0|0|1|1|1|0|0|0|43.672299|40.29855399999997|0
venue_5fd8cb1d26ae01ff37782998|рок-база-5fd8cb1d26ae01ff37782998|Рок База|CONCERT_HALL|сочи|Сочи|0|0|0|0|1|1|1|0|0|0|43.608605|39.73343|0
venue_66a018bbda153930876f6fed|сочи-морскои-вокзал-ул-воикова-1-66a018bbda153930876f6fed|Сочи, Морской вокзал, ул. Войкова 1|CONCERT_HALL|сочи|Сочи|1|1|0|0|1|1|1|0|0|0|43.58091425890124|39.71884378737114|93
venue_6ab3abc1e12a6698606938a3|дом-культуры-6ab3abc1e12a6698606938a3|Дом культуры|CONCERT_HALL|сретенск|Сретенск|1|1|0|0|1|1|1|0|0|0|52.243142|117.6968949|0
venue_5d31acb16534e21caeccade9|abrikos-arena-5d31acb16534e21caeccade9|ABRIKOS ARENA|CONCERT_HALL|ставрополь|Ставрополь|1|1|0|1|1|1|1|0|0|1|45.03991|41.95898599999998|0
venue_64ff0825b4a73a874f453f33|abrikos-arena-stavropol-64ff0825b4a73a874f453f33|Abrikos Arena Stavropol|CONCERT_HALL|ставрополь|Ставрополь|1|1|0|0|1|1|1|0|0|0|45.0396477|41.9583705|0
venue_6a93f718ea9088d9642ee6bd|botanica-6a93f718ea9088d9642ee6bd|BOTANICA|CONCERT_HALL|ставрополь|Ставрополь|1|1|0|0|1|1|1|0|0|0|45.0373505|41.9053677|0
venue_68bec0870de5ea8d6472bb98|harats-pub-68bec0870de5ea8d6472bb98|Harats Pub|CONCERT_HALL|ставрополь|Ставрополь|1|1|0|0|1|1|1|0|0|0|45.045986|41.96687439999999|0
venue_5d4062e112cd536e27b41c19|rock-bar-by-abrikos-inc-5d4062e112cd536e27b41c19|Rock Bar by Abrikos Inc.|CONCERT_HALL|ставрополь|Ставрополь|1|1|0|1|1|1|1|0|0|1|45.003932980438805|41.91115840612579|0
venue_693ab1b1af349b1c0aa2d88e|koncert-holl-693ab1b1af349b1c0aa2d88e|Концерт ХОЛЛ|CONCERT_HALL|ставрополь|Ставрополь|1|1|1|1|1|1|1|0|0|1|45.033398|42.0108109|162
venue_6246db180e6019641e729ca8|ставропольскии-дворец-детского-творчества-6246db180e6019641e729ca8|Ставропольский дворец детского творчества|CONCERT_HALL|ставрополь|Ставрополь|1|1|0|0|1|1|1|0|0|0|45.0390553|41.9699299|0
venue_5bcac7e39a4116000ba393a1|gorodskoi-dvorec-kultury-5bcac7e39a4116000ba393a1|Городской дворец культуры|CONCERT_HALL|стерлитамак|Стерлитамак|1|1|0|1|1|1|1|0|0|1|53.6283576|55.92368899999997|0
venue_61458973268af04b1ae24add|дворец-искусств-современник-61458973268af04b1ae24add|Дворец Искусств "Современник"|CONCERT_HALL|стрежевои|Стрежевой|1|1|0|0|1|1|1|0|0|0|60.72578949999999|77.603595|0
venue_5be5efdf19f124000c049b3a|дворец-культуры-5be5efdf19f124000c049b3a|Дворец Культуры|CONCERT_HALL|ступино|Ступино|1|1|0|0|1|1|1|0|0|0|54.886214|38.07953889999999|0
venue_6a3a72a7983cad59b146d44f|manufaktura-dymov-6a3a72a7983cad59b146d44f|Мануфактура Дымов|CONCERT_HALL|суздаль|Суздаль|0|0|1|1|1|1|1|0|0|1|56.42109079999999|40.4604073|338
venue_6a7894ce8d50b57040c28cb0|трактир-пивоварня-балаган-6a7894ce8d50b57040c28cb0|Трактир-пивоварня Балаган|CONCERT_HALL|суздаль|Суздаль|1|1|0|0|1|1|1|0|0|0|56.42918188605174|40.43339400460372|0
venue_69b4654307a95e02fbf6136a|auditorium-bar-69b4654307a95e02fbf6136a|Auditorium Bar|CONCERT_HALL|сургут|Сургут|1|1|0|0|1|1|1|0|0|0|61.259664|73.402846|6
venue_6a31776fc036caec9746bd3c|harat-s-pub-6a31776fc036caec9746bd3c|Harat`s pub|CONCERT_HALL|сургут|Сургут|0|0|0|1|1|1|1|0|0|1|61.24040100000001|73.3894444|0
venue_6064fd44d7f6999642c0820a|гостиница-медвежии-угол-6064fd44d7f6999642c0820a|Гостиница «Медвежий угол»|CONCERT_HALL|сургут|Сургут|0|0|0|0|1|1|1|0|0|0|61.28593300000001|73.340203|0
venue_69429442cb6eda8e20e8e603|kompromat-69429442cb6eda8e20e8e603|Компромат|CONCERT_HALL|сургут|Сургут|1|1|0|1|1|1|1|0|0|1|61.25024930000001|73.3774803|0
venue_57f5f7cb9cb5381e479a0053|рк-вавилон-57f5f7cb9cb5381e479a0053|РК ВАВИЛОН|CONCERT_HALL|сургут|Сургут|1|1|0|0|1|1|1|0|0|0|61.26335899999999|73.43210899999997|32
venue_6a2b1708b2833d60026b9ddd|dk-yunost-6a2b1708b2833d60026b9ddd|ДК юность|CONCERT_HALL|суровикино|Суровикино|0|0|0|1|1|1|1|0|0|1|48.60444522935122|42.84372540752322|0
venue_61fd4ddac6bc382a1d5f2f31|music-hall-61fd4ddac6bc382a1d5f2f31|Music Hall|CONCERT_HALL|сызрань|Сызрань|1|1|0|0|1|1|1|0|0|0|53.1267228|48.4182341|0
venue_6893088c98808b9bf88ce32a|дк-авангард-6893088c98808b9bf88ce32a|ДК Авангард|CONCERT_HALL|сызрань|Сызрань|1|1|0|0|1|1|1|0|0|0|53.1773399|48.49180459999999|0
venue_69941f5b6a63098a4494f695|sindikat-69941f5b6a63098a4494f695|Синдикат|CONCERT_HALL|сыктывкар|Сыктывкар|1|1|0|1|1|1|1|0|0|1|61.6631206|50.83435739999999|0
venue_6a6614902b71a67104cb5f81|цкдис-6a6614902b71a67104cb5f81|ЦКДиС|CONCERT_HALL|сясьстрои|Сясьстрой|1|1|0|0|1|1|1|0|0|0|60.13707950000001|32.5601946|0
venue_602e742c514a2d85d2939d37|дворец-культуры-фестивальныи-602e742c514a2d85d2939d37|Дворец Культуры "Фестивальный"|CONCERT_HALL|таганрог|Таганрог|0|0|0|0|1|1|1|0|0|0|47.231046|38.906166|0
venue_60fa9bc60d1c0e01023a5470|h2o-arthall-60fa9bc60d1c0e01023a5470|H2O ArtHall|CONCERT_HALL|тамбов|Тамбов|1|1|0|0|1|1|1|0|0|0|52.7374652|41.38733819999999|0
venue_6a458d6b4989403eed3893a9|tisound|TiSound|CONCERT_HALL|тамбов|Тамбов|0|0|0|1|1|1|1|0|0|1|52.7371109|41.4396142|0
venue_6274ff7d76eefbc18eccb1d9|кдц-мир-6274ff7d76eefbc18eccb1d9|КДЦ Мир|CONCERT_HALL|тамбов|Тамбов|1|1|0|0|1|1|1|0|0|0|52.7158711|41.4070736|0
venue_6916d6d286b2f219ea2df5b5|новыи-город-6916d6d286b2f219ea2df5b5|Новый Город|CONCERT_HALL|тамбов|Тамбов|1|1|0|0|1|1|1|0|0|0|52.7541489|41.453706|0
venue_68308e2334a9450ee15c1e10|tambovskii-gosudarstvennyi-universitet-im-g-r-derzhavina-68308e2334a9450ee15c1e10|Тамбовский государственный университет им. Г.Р. Державина|CONCERT_HALL|тамбов|Тамбов|1|1|0|1|1|1|1|0|0|1|52.70210044321201|41.470146044316856|14
venue_5a8c49c4515e35001c31d36f|рдк-родина-5a8c49c4515e35001c31d36f|РДК "Родина"|CONCERT_HALL|татарск|Татарск|0|0|0|0|1|1|1|0|0|0|55.22011978642116|75.9733505164744|0
venue_6aa6ab91766ab66a92badbdc|orlusha-online-6aa6ab91766ab66a92badbdc|Orlusha Online|CONCERT_HALL|тбилиси|Тбилиси|1|1|0|0|1|1|1|0|0|0|41.6926381|44.8015138|14
venue_68821471ad8dbeb13b085ebb|harat-s-pub-68821471ad8dbeb13b085ebb|Harat's Pub|CONCERT_HALL|тверь|Тверь|1|1|0|0|1|1|1|0|0|0|56.8556278|35.9054114|0
venue_5e305b5247d15179cf03cd4a|zerkalo-5e305b5247d15179cf03cd4a|ZERKALO|CONCERT_HALL|тверь|Тверь|1|1|0|0|1|1|1|0|0|0|56.8470139|35.9092248|0
venue_5c374ee7b6603c004b81f620|дк-металлист-5c374ee7b6603c004b81f620|ДК Металлист|CONCERT_HALL|тверь|Тверь|1|1|0|0|1|1|1|0|0|0|56.873099|35.85426600000005|0
venue_675268eb6c22678f7b3ea08d|железнодорожныи-вокзал-675268eb6c22678f7b3ea08d|Железнодорожный вокзал|CONCERT_HALL|тверь|Тверь|0|0|0|0|1|1|1|0|0|0|56.836085741049054|35.893235206604004|0
venue_63b1826ad98edcdb52c5b9bc|leningrad-63b1826ad98edcdb52c5b9bc|Ленинград|CONCERT_HALL|тверь|Тверь|0|0|0|1|1|1|1|0|0|1|56.8677575|35.9132303|0
venue_69f378b6ac210af6e8253824|городскои-дворец-культуры-69f378b6ac210af6e8253824|Городской Дворец культуры|CONCERT_HALL|тихорецк|Тихорецк|1|1|0|0|1|1|1|0|0|0|45.85434415515713|40.12252360582352|0
venue_5a8d644fd35286001c4ae761|дк-синтез-5a8d644fd35286001c4ae761|ДК "Синтез"|CONCERT_HALL|тобольск|Тобольск|1|1|0|0|1|1|1|0|0|0|58.2270347|68.27181339999993|0
venue_58b545e4515e350016865b5b|dk-tolyatti-58b545e4515e350016865b5b|ДК Тольятти|CONCERT_HALL|тольятти|Тольятти|1|1|0|1|1|1|1|0|0|1|53.50805399999999|49.42266799999993|0
venue_678e7946f5f375dda0dac305|dk-tolyattiazot-678e7946f5f375dda0dac305|ДК Тольяттиазот|CONCERT_HALL|тольятти|Тольятти|1|1|0|1|1|1|1|0|0|1|53.47466030054345|49.46461737155914|0
venue_614d6e551f1a37482e6d9fdd|культурныи-центр-автоград-614d6e551f1a37482e6d9fdd|Культурный центр «Автоград»|CONCERT_HALL|тольятти|Тольятти|1|1|0|0|1|1|1|0|0|0|53.51784|49.276146|43
venue_58d6aeb2515e350016780377|меисон-58d6aeb2515e350016780377|Мейсон|CONCERT_HALL|тольятти|Тольятти|1|1|0|0|1|1|1|0|0|0|53.501067|49.27334300000007|0
venue_6506ffca269e8cc35a0f9289|tri-topora-6506ffca269e8cc35a0f9289|Три топора|CONCERT_HALL|тольятти|Тольятти|1|1|0|1|1|1|1|0|0|1|53.5415711|49.3486347|0
venue_6a3548cd427b5d0e6ab67d47|дом-культур-6a3548cd427b5d0e6ab67d47|ДОМ КУЛЬТУР|CONCERT_HALL|томск|Томск|1|1|0|0|1|1|1|0|0|0|56.4643273|84.95485219999999|0
venue_667fca808f3afccee7605fc8|дом-искусств-667fca808f3afccee7605fc8|Дом Искусств|CONCERT_HALL|томск|Томск|0|0|0|0|1|1|1|0|0|0|56.48812599999999|84.956811|0
venue_5a82c08dd35286001cd13260|ck-tgu-tomskii-gosudarstvennyi-universitet-5a82c08dd35286001cd13260|ЦК ТГУ (Томский государственный университет)|CONCERT_HALL|томск|Томск|1|1|0|1|1|1|1|0|0|1|56.4695|84.94751300000007|0
venue_6751bcf5823a4dc1df4c179c|mini-by-concert-hall-6751bcf5823a4dc1df4c179c|MINI by Concert Hall|CONCERT_HALL|тула|Тула|1|1|0|1|1|1|1|0|0|1|54.2066392|37.5922108|0
venue_65d44f45c271a48d894280b1|градов-music-bar-65d44f45c271a48d894280b1|Градов Music Bar|CONCERT_HALL|тула|Тула|1|1|0|0|1|1|1|0|0|0|54.1955614|37.6160423|0
venue_6391a172c3daadfc3313448a|tula-arena-6391a172c3daadfc3313448a|Тула Арена|CONCERT_HALL|тула|Тула|1|1|0|1|1|1|1|0|0|1|54.15830130000001|37.5752862|0
venue_6390b1e7048297d7221292be|флигель-6390b1e7048297d7221292be|Флигель|CONCERT_HALL|тула|Тула|1|1|0|0|1|1|1|0|0|0|54.1892876|37.6096394|0
venue_69c79fb776dc0739845372e8|kompleks-russkii-par-69c79fb776dc0739845372e8|комплекс "Русский Пар"|CONCERT_HALL|тула|Тула|0|0|0|1|1|1|1|0|0|1|54.2388224|37.6684849|69
venue_675996009b07f0b8da0591fe|дворец-культуры-русь-675996009b07f0b8da0591fe|Дворец культуры Русь|CONCERT_HALL|тында|Тында|0|0|0|0|1|1|1|0|0|0|55.150598391683225|124.73741568965009|0
venue_6193b3f95666ab3dca836727|bullwar-bar-6193b3f95666ab3dca836727|Bullwar Bar|CONCERT_HALL|тюмень|Тюмень|1|1|0|0|1|1|1|0|0|0|57.1510259|65.5359066|0
venue_63d1b176a1540bbcff97ff2d|cheerduck-63d1b176a1540bbcff97ff2d|CheerDuck|CONCERT_HALL|тюмень|Тюмень|1|1|0|1|1|1|1|0|0|1|57.16053890000001|65.5211075|0
venue_62776e7e506f10b6e48887ac|harat-s-pub-62776e7e506f10b6e48887ac|Harat's Pub|CONCERT_HALL|тюмень|Тюмень|0|0|0|1|1|1|1|0|0|1|57.1528551|65.5670037|0
venue_6874dae7521fb3aff30a2c4c|двор-6874dae7521fb3aff30a2c4c|ДВОР|CONCERT_HALL|тюмень|Тюмень|0|0|0|0|1|1|1|0|0|0|57.1601702|65.5407177|0
venue_5cb5ab90a52c66000b04cb4a|дк-железнодорожник-5cb5ab90a52c66000b04cb4a|ДК "Железнодорожник"|CONCERT_HALL|тюмень|Тюмень|1|1|0|0|1|1|1|0|0|0|57.148075|65.52624600000001|0
venue_5dcd94b300d13d83bc579d39|dk-neftyanik-5dcd94b300d13d83bc579d39|ДК Нефтяник|CONCERT_HALL|тюмень|Тюмень|1|1|0|1|1|1|1|0|0|1|57.160435|65.54336209999997|0
venue_5980918d515e350019c724e6|dom-pechati-5980918d515e350019c724e6|ДОМ ПЕЧАТИ|CONCERT_HALL|тюмень|Тюмень|1|1|0|1|1|1|1|0|0|1|57.1561523|65.56171210000002|0
venue_588f14a0515e350018392700|dvorec-kultury-zheleznodorozhnik-588f14a0515e350018392700|Дворец Культуры "Железнодорожник"|CONCERT_HALL|тюмень|Тюмень|1|1|0|1|1|1|1|0|0|1|57.148075|65.52624600000001|0
venue_62e92287cb29c67eb7a5409c|дом-печати-62e92287cb29c67eb7a5409c|Дом Печати|CONCERT_HALL|тюмень|Тюмень|0|0|0|0|1|1|1|0|0|0|57.1561397|65.5621709|0
venue_5a425c6ad35286001b3fb8c2|золотые-ворота-сибири-5a425c6ad35286001b3fb8c2|ЗОЛОТЫЕ ВОРОТА СИБИРИ|CONCERT_HALL|тюмень|Тюмень|1|1|0|0|1|1|1|0|0|0|57.149628|65.53915899999993|0
venue_5e305d2901167db4a2801044|maksimilians-5e305d2901167db4a2801044|Максимилианс|CONCERT_HALL|тюмень|Тюмень|1|1|0|1|1|1|1|0|0|1|57.1532543|65.5646738|0
venue_6a54a8e0871344641348556e|хижина-лесника-6a54a8e0871344641348556e|Хижина Лесника|CONCERT_HALL|тюмень|Тюмень|0|0|0|0|1|1|1|0|0|0|57.1255567|65.5927664|0
venue_66a8744a02f0ecd221dcc477|cokol-66a8744a02f0ecd221dcc477|Цоколь|CONCERT_HALL|тюмень|Тюмень|0|0|0|1|1|1|1|0|0|1|57.1337027|65.56138349999999|0
venue_689f6c902bf924607f986a1f|kulturno-dosugovyi-centr-rassvet-689f6c902bf924607f986a1f|Культурно-досуговый центр "Рассвет"|CONCERT_HALL|улан-удэ|Улан-Удэ|1|1|0|1|1|1|1|0|0|1|51.868027|107.729748|0
venue_68aff7da0b038ca771c93b0a|myuzik-pab-chaplin-68aff7da0b038ca771c93b0a|Мьюзик-паб Чаплин|CONCERT_HALL|улан-удэ|Улан-Удэ|1|1|0|1|1|1|1|0|0|1|51.8236955|107.5926495|0
venue_67d6116748551ca5316d712c|gipsy-office-67d6116748551ca5316d712c|Gipsy Office|CONCERT_HALL|ульяновск|Ульяновск|0|0|0|0|1|1|1|0|0|0|54.3166658|48.3965849|0
venue_562f71959cb5383e6540bc4b|губернаторскии-дворец-культуры-562f71959cb5383e6540bc4b|Губернаторский дворец культуры|CONCERT_HALL|ульяновск|Ульяновск|1|1|0|0|1|1|1|0|0|0|54.31675|48.401208999999994|0
venue_65f2f9ec10bc4471925ee235|дк-руслан-65f2f9ec10bc4471925ee235|ДК "Руслан"|CONCERT_HALL|ульяновск|Ульяновск|1|1|0|0|1|1|1|0|0|0|54.3699021|48.5862561|11
venue_687f980c249f577aba5186ea|dvorec-knigi-687f980c249f577aba5186ea|Дворец Книги|CONCERT_HALL|ульяновск|Ульяновск|0|0|0|1|1|1|1|0|0|1|54.31646805315552|48.40599928383852|0
venue_65ccc0d98cde97ae4c5228b6|evangelichesko-lyuteranskaya-cerkov-svyatoi-marii-65ccc0d98cde97ae4c5228b6|Евангелическо-Лютеранская церковь Святой Марии|CONCERT_HALL|ульяновск|Ульяновск|1|1|0|1|1|1|1|0|0|1|54.312901|48.3877|44
venue_5a4557a8515e35001e89bdbb|пятое-солнце-5a4557a8515e35001e89bdbb|Пятое солнце|CONCERT_HALL|ульяновск|Ульяновск|1|1|0|0|1|1|1|0|0|0|54.30274499999999|48.32963599999994|0
venue_5c741e63fbafc9000cba179c|mckd-gorizont-5c741e63fbafc9000cba179c|МЦКД «Горизонт»|CONCERT_HALL|уссурииск|Уссурийск|1|1|0|1|1|1|1|0|0|1|43.79456589999999|131.957089|0
venue_600699d53b6d1f85b2d159ab|чаихана-харибу-600699d53b6d1f85b2d159ab|Чайхана Харибу|CONCERT_HALL|уссурииск|Уссурийск|1|1|0|0|1|1|1|0|0|0|43.7881305|131.9557606|0
venue_6305c96a1b631bb4f4f6f522|конгресс-холл-торатау-6305c96a1b631bb4f4f6f522|"Конгресс-холл Торатау»|CONCERT_HALL|уфа|Уфа|1|1|0|0|1|1|1|0|0|0|54.721032|55.928579|0
venue_698a2ab4bac0222a7e00b065|camp-bar-698a2ab4bac0222a7e00b065|Camp Bar|CONCERT_HALL|уфа|Уфа|0|0|0|0|1|1|1|0|0|0|54.72799080000001|55.9415613|0
venue_65fcc3bc002a5200ca307865|dom-печати-65fcc3bc002a5200ca307865|DOM ПЕЧАТИ|CONCERT_HALL|уфа|Уфа|0|0|0|0|1|1|1|0|0|0|54.7379243|55.97109320000001|0
venue_66b76f1084a0191e4f1728f8|darling-bar-66b76f1084a0191e4f1728f8|Darling bar|CONCERT_HALL|уфа|Уфа|0|0|0|0|1|1|1|0|0|0|54.73479099999999|55.9578555|0
venue_666ad1a84400cb5c47f20fcf|harat-s-pub-666ad1a84400cb5c47f20fcf|HARAT'S PUB|CONCERT_HALL|уфа|Уфа|0|0|0|1|1|1|1|0|0|1|54.73479099999999|55.9578555|0
venue_57d5254b9cb5382282452694|music-hall-27-57d5254b9cb5382282452694|Music Hall 27|CONCERT_HALL|уфа|Уфа|1|1|0|1|1|1|1|0|0|1|54.7323234|55.9532995|0
venue_6a4e4a82129a06d7ee3c804a|musichall27-6a4e4a82129a06d7ee3c804a|MusicHall27|CONCERT_HALL|уфа|Уфа|1|1|0|0|1|1|1|0|0|0|54.732184776290694|55.95331013202667|0
venue_5a2017f6515e35001b5e4191|bashkirskaya-gosudarstvennaya-filarmoniya-imeni-husaina-ahmetova-5a2017f6515e35001b5e4191|Башкирская государственная филармония имени Хусаина Ахметова|CONCERT_HALL|уфа|Уфа|1|1|0|1|1|1|1|0|0|1|54.72824019999999|55.93978979999997|0
venue_6a50a38325a888920870c743|дом-призраков-6a50a38325a888920870c743|Дом призраков|CONCERT_HALL|уфа|Уфа|1|1|0|0|1|1|1|0|0|0|54.6362012|56.085536|0
venue_5d38b9c950e2113782de0d68|дорогая-я-перезвоню-5d38b9c950e2113782de0d68|Дорогая, я перезвоню|CONCERT_HALL|уфа|Уфа|1|1|0|0|1|1|1|0|0|0|54.724807|55.944054999999935|0
venue_58a2dd23d352860016d39503|mbu-gorodskoi-dvorec-kultury-go-g-ufy-rb-58a2dd23d352860016d39503|МБУ «Городской дворец культуры» ГО г. Уфы РБ|CONCERT_HALL|уфа|Уфа|1|1|0|1|1|1|1|0|0|1|54.79630599999999|56.037121999999954|0
venue_601d5a4a53f502ebe7fa01ca|ogni-ufy-601d5a4a53f502ebe7fa01ca|Огни Уфы|CONCERT_HALL|уфа|Уфа|1|1|0|1|1|1|1|0|0|1|54.7379243|55.97109320000001|0
venue_68d535794ffc8616b7713ec5|park-attrakcionov-dustar-68d535794ffc8616b7713ec5|Парк аттракционов Дустар|CONCERT_HALL|уфа|Уфа|0|0|1|1|1|1|1|0|0|1|54.71411071831213|55.93701419205013|236
venue_67b8f9f2583757fe3c652f80|пивбургер-67b8f9f2583757fe3c652f80|Пивбургер|CONCERT_HALL|уфа|Уфа|1|1|0|0|1|1|1|0|0|0|54.7412502|55.9876636|0
venue_6a79d50f873f83b7a494a11d|пристань-чаика-6a79d50f873f83b7a494a11d|Пристань Чайка|CONCERT_HALL|уфа|Уфа|0|0|0|0|1|1|0|0|0|0|||83
venue_5ab365c9515e35001baac292|ufa-arena-5ab365c9515e35001baac292|Уфа-Арена|CONCERT_HALL|уфа|Уфа|1|1|0|1|1|1|1|0|0|1|54.739418|55.95709599999998|0
venue_59d55a45d35286001a2737f5|дк-исток-59d55a45d35286001a2737f5|ДК "Исток"|CONCERT_HALL|фрязино|Фрязино|1|1|0|0|1|1|1|0|0|0|55.956177|38.04186800000002|0
venue_5c90fd40204dc0000b051ba4|городскои-дворец-культуры-мау-5c90fd40204dc0000b051ba4|Городской Дворец Культуры, МАУ|CONCERT_HALL|хабаровск|Хабаровск|0|0|0|0|1|1|1|0|0|0|48.468429|135.06775489999995|0
venue_5abe5d39515e35001903d2a5|dvorec-kultury-profsoyuzov-5abe5d39515e35001903d2a5|Дворец культуры профсоюзов|CONCERT_HALL|хабаровск|Хабаровск|1|1|0|1|1|1|1|0|0|1|48.487951|135.06927810000002|0
venue_5909b1dbd352860015099db5|sk-bar-5909b1dbd352860015099db5|SK BAR|CONCERT_HALL|чебоксары|Чебоксары|1|1|0|0|1|1|1|0|0|0|56.134685|47.24859300000003|0
venue_683ece3d9fc0178829e8bbfa|gastropab-tot-samyi-683ece3d9fc0178829e8bbfa|Гастропаб «Тот самый»|CONCERT_HALL|чебоксары|Чебоксары|0|0|0|1|1|1|1|0|0|1|56.1498821|47.195325|0
venue_598335c2515e35001ac74d59|dk-im-ya-uhsaya-598335c2515e35001ac74d59|ДК им. Я. Ухсая|CONCERT_HALL|чебоксары|Чебоксары|1|1|0|1|1|1|1|0|0|1|56.13855|47.24621100000002|0
venue_63eccb6206b389d89aa00a3a|дворец-культуры-салют-63eccb6206b389d89aa00a3a|Дворец Культуры "Салют"|CONCERT_HALL|чебоксары|Чебоксары|1|1|0|0|1|1|1|0|0|0|56.117967|47.181695|15
venue_5e046e81f5395f41c5c83d8e|дворец-культуры-чгу-5e046e81f5395f41c5c83d8e|Дворец культуры ЧГУ|CONCERT_HALL|чебоксары|Чебоксары|1|1|0|0|1|1|1|0|0|0|56.147321|47.16862800000001|0
venue_63bf8147f6671c473cd01c86|hops-spot-63bf8147f6671c473cd01c86|Hops Spot|CONCERT_HALL|челябинск|Челябинск|0|0|0|1|1|1|1|0|0|1|55.1654627|61.3999236|0
venue_6a3485367f35bd8ec6404641|tarantinoz-6a3485367f35bd8ec6404641|TARANTINOZ|CONCERT_HALL|челябинск|Челябинск|1|1|0|0|1|1|1|0|0|0|55.1562598|61.3763587|0
venue_59f998d5519f7b001c947a45|the-бочка-59f998d5519f7b001c947a45|The Бочка|CONCERT_HALL|челябинск|Челябинск|1|1|0|0|1|1|1|0|0|0|55.1658262|61.40695989999995|0
venue_6aa30c95a9caf3497cbaa81f|the-бочка-паб-6aa30c95a9caf3497cbaa81f|The Бочка Паб|CONCERT_HALL|челябинск|Челябинск|0|0|0|0|1|1|1|0|0|0|55.1657413|61.4069049|0
venue_635e9a25374a1c3760c4ea2c|theбочка-635e9a25374a1c3760c4ea2c|TheБОЧКА|CONCERT_HALL|челябинск|Челябинск|1|0|0|0|1|1|1|0|0|0|55.1656023|61.40700119999999|0
venue_6ab52beefbd5a61c75208ec7|zenfactory-студия-иоги-и-медитации-6ab52beefbd5a61c75208ec7|ZenFactory студия йоги и медитации|CONCERT_HALL|челябинск|Челябинск|1|1|0|0|1|1|1|0|0|0|55.1616897|61.38691780000001|0
venue_6a7ecfbb6e666c34f02927ef|дк-амбассадор-6a7ecfbb6e666c34f02927ef|ДК "Амбассадор"|CONCERT_HALL|челябинск|Челябинск|1|1|0|0|1|1|1|0|0|0|55.1828503|61.41391609999999|0
venue_567e7aec9cb53834fc856431|dk-zheleznodorozhnikov-567e7aec9cb53834fc856431|ДК Железнодорожников|CONCERT_HALL|челябинск|Челябинск|1|1|1|1|1|1|1|0|0|1|55.152421|61.408293999999955|1249
venue_68c83bcd83654b6b421ef893|камон-в-кардамон-68c83bcd83654b6b421ef893|Камон в Кардамон|CONCERT_HALL|челябинск|Челябинск|1|1|0|0|1|1|1|0|0|0|55.17047406700759|61.296636934501265|0
venue_5d713399ad2e874ebf794a37|kongress-holl-centra-mezhdunarodnoi-torgovli-5d713399ad2e874ebf794a37|Конгресс-холл Центра Международной торговли|CONCERT_HALL|челябинск|Челябинск|1|1|0|1|1|1|1|0|0|1|55.1605364|61.41598049999993|0
venue_5b6a985f13749d0021cc3b8c|maksimilians-5b6a985f13749d0021cc3b8c|Максимилианс|CONCERT_HALL|челябинск|Челябинск|1|1|0|1|1|1|1|0|0|1|55.1680418|61.374782900000014|0
venue_69848969af2cd5cdc965722f|фортепьяно-69848969af2cd5cdc965722f|Фортепьяно|CONCERT_HALL|челябинск|Челябинск|0|0|0|0|1|1|1|0|0|0|55.1639412|61.4002409|0
venue_5bbe00171fed1e000c20adaf|центр-международнои-торговли-5bbe00171fed1e000c20adaf|Центр Международной Торговли|CONCERT_HALL|челябинск|Челябинск|1|1|0|0|1|1|1|0|0|0|55.1605364|61.41598049999993|0
venue_6a057f77b74ea004cee6d7bf|shum|Шум|CONCERT_HALL|челябинск|Челябинск|0|0|0|0|1|1|1|0|0|1|55.16371014805611|61.400353934370536|0
venue_69161b73d8b7129436f3285d|zavod-69161b73d8b7129436f3285d|Zavod|CONCERT_HALL|череповец|Череповец|1|1|0|0|1|1|1|0|0|0|59.130780526054046|37.96002209186554|0
venue_6a94295a12f8b075440eb236|грифель-плюс-6a94295a12f8b075440eb236|Грифель Плюс|CONCERT_HALL|череповец|Череповец|0|0|0|0|1|1|1|0|0|0|59.12187580000001|37.9302487|0
venue_61e5bf7e99859eb95cf1009c|kulturnyi-centr-pivzavod-61e5bf7e99859eb95cf1009c|Культурный Центр PIVZAVOD|CONCERT_HALL|череповец|Череповец|1|1|0|1|1|1|1|0|0|1|59.13087530000001|37.9602177|0
venue_61266563a162f100c8dfaf1b|государственная-филармония-кчр-г-черкесск-61266563a162f100c8dfaf1b|Государственная филармония КЧР г.Черкесск|CONCERT_HALL|черкесск|Черкесск|0|0|0|0|1|1|1|0|0|0|44.22655820768781|42.048529386520386|0
venue_6ab38b20c3077be4380e4cb1|кдц-овация-6ab38b20c3077be4380e4cb1|КДЦ Овация|CONCERT_HALL|чернышевск|Чернышевск|1|1|0|0|1|1|1|0|0|0|52.5130795|117.012502|0
venue_5be3f5126cc8f6000b09414b|ктц-дружба-5be3f5126cc8f6000b09414b|КТЦ "Дружба"|CONCERT_HALL|чехов-московская-область|Чехов (Московская область)|1|1|0|0|1|1|1|0|0|0|55.14523|37.468084999999974|0
venue_61cd51e0a86ce5d869ae7ea9|harat-s-republic-61cd51e0a86ce5d869ae7ea9|HARAT'S REPUBLIC|CONCERT_HALL|чита|Чита|0|0|0|1|1|1|1|0|0|1|52.03547206968239|113.50412786006927|0
venue_6aa31807e0ee08b94c3db2c1|harat-s-pub-6aa31807e0ee08b94c3db2c1|Harat's Pub|CONCERT_HALL|чита|Чита|1|1|0|0|1|1|1|0|0|0|52.0356511|113.5041272|0
venue_5ddc1cc694d8701384f38213|harat-s-pub-5ddc1cc694d8701384f38213|Harat's pub|CONCERT_HALL|чита|Чита|1|1|0|0|1|1|1|0|0|0|52.03579|113.50429499999996|0
venue_58ab0e07d352860016196dd2|dk-zhd-58ab0e07d352860016196dd2|ДК ЖД|CONCERT_HALL|чита|Чита|1|1|0|1|1|1|1|0|0|1|52.02976262246709|113.44647645950317|0
venue_682d9de08df678a2b6f24ed0|дворец-культуры-железнодорожников-682d9de08df678a2b6f24ed0|Дворец культуры Железнодорожников|CONCERT_HALL|чита|Чита|1|1|0|0|1|1|1|0|0|0|52.02961080062526|113.44647645950317|0
venue_5b741360153f5c001d793387|zabaikalskaya-kraevaya-filarmoniya-im-o-l-lundstrema-5b741360153f5c001d793387|Забайкальская краевая филармония им. О. Л. Лундстрема|CONCERT_HALL|чита|Чита|1|1|0|1|1|1|1|0|0|1|52.036176|113.50071600000001|0
venue_6a99d041b8369580977e0ff3|fabrika-6a99d041b8369580977e0ff3|Fabrika|CONCERT_HALL|шахты|Шахты|1|1|0|0|1|1|1|0|0|0|47.7000269|40.2116109|0
venue_6825ef99afe8c0b93939461c|дк-металлург-6825ef99afe8c0b93939461c|ДК Металлург|CONCERT_HALL|шелехов|Шелехов|0|0|0|0|1|1|1|0|0|0|52.2075403|104.0988309|0
venue_56e6e0789cb5381b2fd39d99|дк-им-карла-маркса-56e6e0789cb5381b2fd39d99|ДК им. Карла Маркса|CONCERT_HALL|электросталь|Электросталь|1|1|0|0|1|1|1|0|0|0|55.794062030551565|38.46435785293579|19
venue_686e8fefbd87a6cf9c0bdd6d|парк-отель-новыи-век-686e8fefbd87a6cf9c0bdd6d|Парк-Отель "Новый Век"|CONCERT_HALL|энгельс|Энгельс|1|1|0|0|1|1|1|0|0|0|51.45086415418063|46.15094058215618|0
venue_5ab4e4e3515e350015060d8d|city-hall-5ab4e4e3515e350015060d8d|City Hall|CONCERT_HALL|южно-сахалинск|Южно-Сахалинск|1|1|0|1|1|1|1|0|0|1|46.9003671|142.74220679999996|0
venue_628f1dff621c399c3ba8d6c6|ккз-октябрь-628f1dff621c399c3ba8d6c6|ККЗ Октябрь|CONCERT_HALL|южно-сахалинск|Южно-Сахалинск|1|1|0|0|1|1|1|0|0|0|46.9578889|142.7330606|0
venue_5a7b6981d35286001b178bc0|конгресс-холл-столица-5a7b6981d35286001b178bc0|Конгресс-холл "Столица"|CONCERT_HALL|южно-сахалинск|Южно-Сахалинск|0|0|0|0|1|1|1|0|0|0|46.9365536|142.75312180000003|0
venue_69af3b0989637b06c8d0a609|рюмка-паб-69af3b0989637b06c8d0a609|Рюмка Паб|CONCERT_HALL|южно-сахалинск|Южно-Сахалинск|1|1|0|0|1|1|1|0|0|0|46.940769|142.737091|19
venue_6ab6947c4d1a4a7c1b26cc52|сахалинская-филармония-6ab6947c4d1a4a7c1b26cc52|Сахалинская филармония|CONCERT_HALL|южно-сахалинск|Южно-Сахалинск|1|1|0|0|1|1|1|0|0|0|46.9628885|142.7358399|0
venue_6768b5858e5d08eb99bf43bc|дк-победа-6768b5858e5d08eb99bf43bc|ДК Победа|CONCERT_HALL|юрга|Юрга|1|1|0|0|1|1|1|0|0|0|55.72246971901109|84.93023872375488|0
venue_6a47622fb86b870e166a4408|municipalnoe-byudzhetnoe-uchrezhdenie-kultury-raionnyi-dom-narodnogo-tvorchestva-6a47622fb86b870e166a4408|Муниципальное бюджетное учреждение культуры "Районный дом народного творчества"|CONCERT_HALL|яранск|Яранск|1|1|0|1|1|1|1|0|0|1|57.30457799999999|47.8763768|0
venue_6a27dac6bb647d78f2fcc043|cirk-shapito-maska-za-avtovokzalom-6a27dac6bb647d78f2fcc043|Цирк шапито "Маска" за автовокзалом|CONCERT_HALL|яровое|Яровое|0|0|0|1|1|1|1|0|0|1|52.9224212|78.56419799999999|0
venue_5abe16c0d35286001d775582|concert-hall-kino-5abe16c0d35286001d775582|Concert-Hall КИНО|CONCERT_HALL|ярославль|Ярославль|1|1|0|1|1|1|1|0|0|1|57.634395072848065|39.892790724468114|0
venue_6a8f43a15ab16129aa715ef6|spirit-sound-base-6a8f43a15ab16129aa715ef6|Spirit Sound Base|CONCERT_HALL|ярославль|Ярославль|0|0|0|0|1|1|1|0|0|0|57.6347007|39.8882156|0
venue_69943701cf62599cd3f31517|spirit-sound-base-69943701cf62599cd3f31517|Spirit Sound Base|CONCERT_HALL|ярославль|Ярославль|1|1|0|1|1|1|1|0|0|1|57.63499280000001|39.8884388|0
venue_66983d578dac11918d115526|dk-neftyanik-66983d578dac11918d115526|ДК "Нефтяник"|CONCERT_HALL|ярославль|Ярославль|1|1|0|1|1|1|1|0|0|1|57.58108357570769|39.84968662261963|0
venue_5beaf526a829bc000c7347a9|ksk-voznesenskii-5beaf526a829bc000c7347a9|КСК "Вознесенский"|CONCERT_HALL|ярославль|Ярославль|1|1|0|1|1|1|1|0|0|1|57.626187992391955|39.869926614116366|0
venue_57c0254d9cb53816638cbe6e|китаискии-летчик-джао-да-57c0254d9cb53816638cbe6e|Китайский Летчик Джао Да|CONCERT_HALL|ярославль|Ярославль|1|1|0|0|1|1|1|0|0|0|57.62407100000001|39.88997199999994|0
venue_572b052e9cb53830633a290d|koncertno-zrelischnyi-centr-millenium-572b052e9cb53830633a290d|Концертно-зрелищный центр "Миллениум"|CONCERT_HALL|ярославль|Ярославль|1|1|0|1|1|1|1|0|0|1|57.61689089999999|39.867819300000065|0
ven_ms_136833bf3c9f3de4|astrahan-rybnyy-rynok-selenskie-isady|Рыбный рынок «Селенские Исады»|GASTRO|астрахань|Астрахань|0|0|1|1|1|1|1|1|1|1|46.361111|48.053889|404
ven_ms_eb341e169596ac6b|voronezh-bar-hlam|Бар «Хлам»|GASTRO|воронеж|Воронеж|0|0|0|1|1|1|1|0|0|1|51.66421|39.200311|0
ven_ms_bbf7391fbcd6dde5|voronezh-gastro-tsentralnyy-rynok|Гастромаркет «Центральный рынок»|GASTRO|воронеж|Воронеж|0|0|0|1|1|1|1|0|0|1|51.663112|39.197212|0
ven_ms_f23b8bb426a62f1d|voronezh-bar-tsenzura|Крафтовый бар «Цензура»|GASTRO|воронеж|Воронеж|0|0|0|1|1|1|1|0|0|1|51.66871|39.208812|0
ven_ms_556b9bad75c7fdea|voronezh-restoran-el-chico|Ресторан «El Chico»|GASTRO|воронеж|Воронеж|0|0|0|1|1|1|1|0|0|1|51.656312|39.19391|0
ven_ms_907c881c170e71f8|voronezh-ryumochnaya-zyuzya|Рюмочная «Зюзя»|GASTRO|воронеж|Воронеж|0|0|0|1|1|1|1|0|0|1|51.661902|39.19911|0
ven_ms_bc36e0bfceceb900|voronezh-ryumochnaya-kulturno-korotko|Рюмочная «Культурно Коротко»|GASTRO|воронеж|Воронеж|0|0|0|1|1|1|1|0|0|1|51.668212|39.208105|0
ven_ms_6f6397dd41ac8ffc|voronezh-spikizi-bar-arhiv|Спикизи-бар «Архив»|GASTRO|воронеж|Воронеж|0|0|0|1|1|1|1|0|0|1|51.663911|39.202912|0
ven_ms_5602f9d7eb68e53f|ekaterinburg-new-bar|New Bar|GASTRO|екатеринбург|Екатеринбург|0|0|0|1|1|1|1|0|0|1|56.835198|60.599167|0
ven_ms_6f5955f42155a97c|ekaterinburg-estory|Гастро-рынок Estory|GASTRO|екатеринбург|Екатеринбург|0|0|0|1|1|1|1|0|0|1|56.8281|60.6067|0
ven_ms_2ced95baf38fea38|ekaterinburg-zmeeed|Ресторан «Змееед»|GASTRO|екатеринбург|Екатеринбург|0|0|0|1|1|1|1|0|0|1|56.843112|60.595611|0
ven_ms_7b7e111d2c0117ad|ekaterinburg-pashtet|Ресторан «Паштет»|GASTRO|екатеринбург|Екатеринбург|0|0|0|1|1|1|1|0|0|1|56.840795|60.608474|0
ven_ms_62ffad54827aa530|ekaterinburg-pelmeni-klub|Ресторан «Пельмени Клуб»|GASTRO|екатеринбург|Екатеринбург|0|0|0|1|1|1|1|0|0|1|56.839051|60.615075|0
ven_ms_24bcdd2336b615cd|ekaterinburg-rok-bar-tsyn|Рок-бар «Цынь»|GASTRO|екатеринбург|Екатеринбург|0|0|0|1|1|1|1|0|0|1|56.835987|60.591214|0
ven_ms_2a84cbe522506b6f|kazan-tyubetey|Ресторан «Тюбетей»|GASTRO|казань|Казань|0|0|0|1|1|1|1|0|0|1|55.791412|49.113211|0
ven_ms_4db426b49b808ea9|kaliningrad-zotler-bier|Zotler Bier|GASTRO|калининград|Калининград|0|0|1|1|1|1|1|1|1|1|54.718406|20.502236|171
ven_ms_9fb89008f8258588|kaliningrad-gastrobar-sol|Гастробар «Соль»|GASTRO|калининград|Калининград|0|0|1|1|1|1|1|1|1|1|54.731105|20.481108|192
ven_ms_1aa0c5314d535a71|kaliningrad-kenigsbergskiy-martsipan|Магазин-музей «Кёнигсбергский марципан»|GASTRO|калининград|Калининград|0|0|1|1|1|1|1|1|1|1|54.697278|20.494649|165
ven_ms_a4ef114eb6ef8dd7|kaliningrad-redyuit|Ресторан «Редюит»|GASTRO|калининград|Калининград|0|0|1|1|1|1|1|1|1|1|54.7127|20.5371|173
ven_ms_a170eb61a7ffc91a|kaliningrad-shtayndamm-99|Ресторан «Штайндамм 99»|GASTRO|калининград|Калининград|0|0|1|1|1|1|1|1|1|1|54.710601|20.506693|222
ven_ms_e339c87dc847bce0|krasnodar-restoran-borschberry|Ресторан «Борщberry»|GASTRO|краснодар|Краснодар|0|0|0|1|1|1|1|0|0|1|45.049112|38.978111|0
ven_ms_325db8cebdbc31fb|krasnoyarsk-restoran-075-please|Ресторан «0.75 Please»|GASTRO|красноярск|Красноярск|0|0|0|1|1|1|1|0|0|1|56.012511|92.867211|0
ven_ms_e699ab992d7b73af|krasnoyarsk-restoran-tunguska|Ресторан «Тунгуска»|GASTRO|красноярск|Красноярск|0|0|0|1|1|1|1|0|0|1|56.037211|92.913311|0
ven_ms_0460697787ac8f80|moscow-danilovskiy-rynok|Даниловский рынок|GASTRO|moskva|Москва|0|0|0|1|1|1|1|0|0|1|55.7105|37.6215|0
ven_ms_0f9a7c7b0ae1f089|moscow-depo-lesnaya|Депо Лесная|GASTRO|moskva|Москва|0|0|1|1|1|1|1|0|0|1|55.779744|37.591942|397
ven_ms_cef8924d1fc2a80f|moscow-kafe-pushkin|Кафе Пушкинъ|GASTRO|moskva|Москва|0|0|1|1|1|1|1|0|0|1|55.764047|37.604639|580
ven_ms_b7b95d1281385991|moscow-profsoyuz-bar-klaster|Профсоюз (бар-кластер)|GASTRO|moskva|Москва|0|0|1|1|1|1|1|0|0|1|55.780182|37.599144|284
ven_ms_f2e83437ddb34e68|moscow-usachevskiy-rynok|Усачевский рынок|GASTRO|moskva|Москва|0|0|1|1|1|1|1|0|0|1|55.727425|37.568912|544
ven_ms_d4108797a4002282|moscow-tsentralnyy-rynok-rozhdestvenka|Центральный рынок (Рождественка)|GASTRO|moskva|Москва|0|0|1|1|1|1|1|0|0|1|55.766947|37.623912|444
ven_ms_3d68df8c17115d7f|novosibirsk-barnyy-dvorik-lenina-3|Бар-хоппинг дворик на Ленина, 3|GASTRO|новосибирск|Новосибирск|0|0|0|1|1|1|1|0|0|1|55.029985|82.918114|0
ven_ms_68f7bc2108df3719|novosibirsk-kafe-ip-fedoseev|Кафе-кондитерская «ИП Федосеев»|GASTRO|новосибирск|Новосибирск|0|0|0|1|1|1|1|0|0|1|55.024412|82.921145|0
ven_ms_f9c332409d933567|novosibirsk-restoran-sibir-sibir|Ресторан «#СибирьСибирь»|GASTRO|новосибирск|Новосибирск|0|0|0|1|1|1|1|0|0|1|55.031245|82.911412|0
ven_ms_b3487dc678f82824|omsk-odno-vino|Винный бар «Одно вино»|GASTRO|омск|Омск|0|0|0|1|1|1|1|0|0|1|54.98381|73.37281|0
ven_ms_2193587d6076f37f|omsk-restoran-senkevich|Ресторан «Сенкевич»|GASTRO|омск|Омск|0|0|0|1|1|1|1|0|0|1|54.97321|73.38021|0
ven_ms_8a7deca27b080f89|penza-centralnyy-rynok|Центральный рынок Пензы|GASTRO|пенза|Пенза|0|0|0|1|1|1|1|0|0|1|53.191912|45.018812|0
ven_ms_e31ceadb0cda9e9b|rostov-na-donu-onegin-dacha|Ресторан «Онегин Дача»|GASTRO|ростов-на-дону|Ростов-на-Дону|0|0|0|1|1|1|1|0|0|1|47.225112|39.728912|0
ven_ms_8716199abb066f7d|rostov-na-donu-raki-i-gady|Ресторан «Раки и Гады»|GASTRO|ростов-на-дону|Ростов-на-Дону|0|0|0|1|1|1|1|0|0|1|47.219112|39.711891|0
ven_ms_ee22ed8ae819974e|rostov-na-donu-tsentral-nyy-rynok-staryy-bazar|Центральный рынок (Старый базар)|GASTRO|ростов-на-дону|Ростов-на-Дону|0|0|1|1|1|1|1|1|1|1|47.216654|39.712854|422
ven_ms_6a0487b133c6c6ca|ryazan-bar-chervyachok|Бар «Червячок»|GASTRO|рязань|Рязань|0|0|0|1|1|1|1|0|0|1|54.629102|39.741412|0
ven_ms_179e89a8a96456c6|ryazan-kafe-briosh|Кафе «Бриошь» на Почтовой|GASTRO|рязань|Рязань|0|0|0|1|1|1|1|0|0|1|54.628312|39.741212|0
ven_ms_ca567003e18a06be|ryazan-muzey-pahlavy|Музей пахлавы|GASTRO|рязань|Рязань|0|0|0|1|1|1|1|0|0|1|54.629112|39.741912|0
ven_ms_b24759aebef12d9a|ryazan-restoran-grafin|Ресторан «Графин»|GASTRO|рязань|Рязань|0|0|0|1|1|1|1|0|0|1|54.614912|39.734112|0
ven_ms_962670d565f9ae07|ryazan-restoran-staryy-melnik|Ресторан «Старый Мельник»|GASTRO|рязань|Рязань|0|0|0|1|1|1|1|0|0|1|54.791912|39.832312|0
ven_ms_21a8b176e76c277c|ryazan-restoran-chulan|Ресторан «Чулан»|GASTRO|рязань|Рязань|0|0|0|1|1|1|1|0|0|1|54.627912|39.740811|0
ven_ms_f43b9e40ad0e728f|samara-gril-bar-po-chesnoku|Гриль-бар «По-чесноку»|GASTRO|самара|Самара|0|0|0|1|1|1|1|0|0|1|53.189111|50.083112|0
ven_ms_cc48f67bd85af989|samara-pivnoy-bar-na-dne|Пивной бар «На Дне»|GASTRO|самара|Самара|0|0|0|1|1|1|1|0|0|1|53.200811|50.098311|0
ven_ms_05087346c8faf2b0|samara-restoran-vasche-ogon|Ресторан «Ваще Огонь»|GASTRO|самара|Самара|0|0|0|1|1|1|1|0|0|1|53.190812|50.093311|0
ven_ms_f775b46791b03fdd|saint-petersburg-art-kafe-brodyachaya-sobaka|Арт-кафе «Бродячая собака»|GASTRO|санкт-петербург|Санкт-Петербург|0|0|1|1|1|1|1|0|0|1|59.937142|30.331411|126
ven_ms_72a1c81dba1fa8f7|saint-petersburg-bar-dead-poets|Бар «Dead Poets»|GASTRO|санкт-петербург|Санкт-Петербург|0|0|0|1|1|1|0|0|0|1|||0
ven_ms_3ccc36c010374c03|saint-petersburg-bar-imbibe|Бар «Imbibe»|GASTRO|санкт-петербург|Санкт-Петербург|0|0|0|1|1|1|0|0|0|1|||0
ven_ms_7b068c2b8b26adb0|saint-petersburg-bar-mishka|Бар «Mishka»|GASTRO|санкт-петербург|Санкт-Петербург|0|0|0|1|1|1|0|0|0|1|||0
ven_ms_3d759672c913c749|saint-petersburg-bar-orthodox|Бар «Orthodox»|GASTRO|санкт-петербург|Санкт-Петербург|0|0|0|1|1|1|0|0|0|1|||0
ven_ms_a4d6f816f66c0f1b|saint-petersburg-bar-balans-belogo|Бар «Баланс Белого»|GASTRO|санкт-петербург|Санкт-Петербург|0|0|0|1|1|1|0|0|0|1|||0
ven_ms_e46facb3fd572a2b|saint-petersburg-bar-zhan-zhak|Бар «Жан-Жак»|GASTRO|санкт-петербург|Санкт-Петербург|0|0|0|1|1|1|0|0|0|1|||0
ven_ms_73f851b9fd7d48d8|saint-petersburg-bar-zaliv|Бар «Залив»|GASTRO|санкт-петербург|Санкт-Петербург|0|0|0|1|1|1|0|0|0|1|||0
ven_ms_61d4f39e2daa7132|saint-petersburg-bar-kollektiv|Бар «Коллектив»|GASTRO|санкт-петербург|Санкт-Петербург|0|0|0|1|1|1|0|0|0|1|||0
ven_ms_1c003ebbe66a4b0c|saint-petersburg-bar-hroniki|Бар «Хроники»|GASTRO|санкт-петербург|Санкт-Петербург|0|0|0|1|1|1|0|0|0|1|||0
ven_ms_a906b1bf01f63197|saint-petersburg-bulochnaya-f-volcheka|Булочная Ф. Вольчека|GASTRO|санкт-петербург|Санкт-Петербург|0|0|0|1|1|1|0|0|0|1|||0
ven_ms_b48cca2780272ed3|saint-petersburg-vasileostrovskiy-rynok|Василеостровский рынок|GASTRO|санкт-петербург|Санкт-Петербург|0|0|0|1|1|1|1|0|0|1|59.9425|30.2785|0
ven_ms_7c4d075c5be614e6|saint-petersburg-vegetarianskoe-kafe-rada-k|Вегетарианское кафе «Рада & К»|GASTRO|санкт-петербург|Санкт-Петербург|0|0|0|1|1|1|0|0|0|1|||0
ven_ms_f979a8b764bef101|saint-petersburg-gastrobar-harvest|Гастробар «Harvest»|GASTRO|санкт-петербург|Санкт-Петербург|0|0|0|1|1|1|0|0|0|1|||0
ven_ms_00ff841ae88b3f47|saint-petersburg-grand-otel-evropa-lobbi-bar|Гранд Отель Европа (Лобби-бар)|GASTRO|санкт-петербург|Санкт-Петербург|0|0|0|1|1|1|0|0|0|1|||0
ven_ms_180b706c4aa1367e|saint-petersburg-kafe-zoom|Кафе «Zoom»|GASTRO|санкт-петербург|Санкт-Петербург|0|0|0|1|1|1|0|0|0|1|||0
ven_ms_0683a3eccb28f59a|saint-petersburg-kafe-rubinshteyn|Кафе «Рубинштейн»|GASTRO|санкт-петербург|Санкт-Петербург|0|0|0|1|1|1|0|0|0|1|||0
ven_ms_6abdad25fd883372|saint-petersburg-kokteylnyy-bar-xander|Коктейльный бар «Xander»|GASTRO|санкт-петербург|Санкт-Петербург|0|0|0|1|1|1|0|0|0|1|||0
ven_ms_342352e448658b03|saint-petersburg-konditerskaya-sever-metropol|Кондитерская «Север-Метрополь»|GASTRO|санкт-петербург|Санкт-Петербург|0|0|0|1|1|1|0|0|0|1|||0
ven_ms_57910b395ce06c2a|saint-petersburg-konditerskaya-troyka|Кондитерская «Тройка»|GASTRO|санкт-петербург|Санкт-Петербург|0|0|0|1|1|1|0|0|0|1|||0
ven_ms_348d7654ae179059|saint-petersburg-kofeynya-tchk|Кофейня «Тчк»|GASTRO|санкт-петербург|Санкт-Петербург|0|0|0|1|1|1|0|0|0|1|||0
ven_ms_f69afcaef186d872|saint-petersburg-literaturnoe-kafe-volf-i-beranzhe|Литературное кафе (Вольф и Беранже)|GASTRO|санкт-петербург|Санкт-Петербург|0|0|1|1|1|1|1|0|0|1|59.936611|30.319112|147
ven_ms_688630175323c32e|saint-petersburg-moskovskiy-rynok|Московский рынок|GASTRO|санкт-петербург|Санкт-Петербург|0|0|0|1|1|1|1|0|0|1|59.8895|30.3195|0
ven_ms_8f1108af2d1a4616|saint-petersburg-pivnoy-bar-dikkens|Пивной бар «Диккенс»|GASTRO|санкт-петербург|Санкт-Петербург|0|0|0|1|1|1|0|0|0|1|||0
ven_ms_d8c69c9b512fe3f8|saint-petersburg-pyshechnaya-na-bolshoy-konyushennoy|Пышечная на Большой Конюшенной|GASTRO|санкт-петербург|Санкт-Петербург|0|0|1|1|1|1|1|0|0|1|59.937112|30.323214|174
ven_ms_5509a533cf06d39f|saint-petersburg-restoran-animals|Ресторан «Animals»|GASTRO|санкт-петербург|Санкт-Петербург|0|0|0|1|1|1|0|0|0|1|||0
ven_ms_8ee49339eb8d15a5|saint-petersburg-restoran-birch|Ресторан «Birch»|GASTRO|санкт-петербург|Санкт-Петербург|0|0|0|1|1|1|0|0|0|1|||0
ven_ms_60bcc7291cca72e7|saint-petersburg-restoran-il-lago-dei-cigni|Ресторан «Il Lago dei Cigni»|GASTRO|санкт-петербург|Санкт-Петербург|0|0|0|1|1|1|0|0|0|1|||0
ven_ms_1062accd5cb2c272|saint-petersburg-restoran-percorso|Ресторан «Percorso»|GASTRO|санкт-петербург|Санкт-Петербург|0|0|0|1|1|1|0|0|0|1|||0
ven_ms_6f3441ac506a3648|saint-petersburg-restoran-blok|Ресторан «Блок»|GASTRO|санкт-петербург|Санкт-Петербург|0|0|0|1|1|1|0|0|0|1|||0
ven_ms_92bacd362c35f905|saint-petersburg-restoran-kokoko|Ресторан «Кококо»|GASTRO|санкт-петербург|Санкт-Петербург|0|0|0|1|1|1|0|0|0|1|||0
ven_ms_50382a35319d065e|saint-petersburg-restoran-koryushka|Ресторан «Корюшка»|GASTRO|санкт-петербург|Санкт-Петербург|0|0|1|1|1|1|1|0|0|1|59.949811|30.321412|160
ven_ms_3da0f7943e9fe4ef|saint-petersburg-restoran-mama-tuta|Ресторан «Мама Тута»|GASTRO|санкт-петербург|Санкт-Петербург|0|0|0|1|1|1|0|0|0|1|||0
ven_ms_143c39135cacd358|saint-petersburg-restoran-mansarda|Ресторан «Мансарда»|GASTRO|санкт-петербург|Санкт-Петербург|0|0|0|1|1|1|0|0|0|1|||0
ven_ms_9b560ae8e12e11ea|saint-petersburg-restoran-metropol|Ресторан «Метрополь»|GASTRO|санкт-петербург|Санкт-Петербург|0|0|0|1|1|1|0|0|0|1|||0
ven_ms_29d06d59dc937966|saint-petersburg-restoran-palkin|Ресторан «Палкинъ»|GASTRO|санкт-петербург|Санкт-Петербург|0|0|0|1|1|1|0|0|0|1|||0
ven_ms_cedc9ea452b7d0ea|saint-petersburg-restoran-sintez|Ресторан «Синтез»|GASTRO|санкт-петербург|Санкт-Петербург|0|0|0|1|1|1|0|0|0|1|||0
ven_ms_d6c9bbd1d0d61e2f|saint-petersburg-restoran-stroganov-steyk-haus|Ресторан «Строганов Стейк Хаус»|GASTRO|санкт-петербург|Санкт-Петербург|0|0|0|1|1|1|0|0|0|1|||0
ven_ms_da802cb1baf6f0c1|saint-petersburg-restoran-teplo|Ресторан «Тепло»|GASTRO|санкт-петербург|Санкт-Петербург|0|0|0|1|1|1|0|0|0|1|||0
ven_ms_5559993c8a1ecdd4|saint-petersburg-ryumochnaya-mayak|Рюмочная «Маяк»|GASTRO|санкт-петербург|Санкт-Петербург|0|0|0|1|1|1|0|0|0|1|||0
ven_ms_d23c1b1491aeadc7|saint-petersburg-spikizi-bar-el-copitas|Спикизи-бар «El Copitas»|GASTRO|санкт-петербург|Санкт-Петербург|0|0|1|1|1|1|1|0|0|1|59.927114|30.347112|147
ven_ms_012f9d7bce930a91|saint-petersburg-fudmoll-vokzal-1853|Фудмолл «Vokzal 1853»|GASTRO|санкт-петербург|Санкт-Петербург|0|0|0|1|1|1|1|0|0|1|59.9195|30.3295|0
ven_ms_01408f845af0a8c0|saint-petersburg-cheburechnaya-salhino|Чебуречная «Салхино»|GASTRO|санкт-петербург|Санкт-Петербург|0|0|0|1|1|1|0|0|0|1|||0
ven_ms_bb2c2322e88c3eb9|tver-bar-kalinin|Бар «Калинин»|GASTRO|тверь|Тверь|0|0|0|1|1|1|1|0|0|1|56.854912|35.911112|0
ven_ms_34606d6835d59df7|tver-vinnyy-bar-manilov|Винный бар «Манилов»|GASTRO|тверь|Тверь|0|0|0|1|1|1|1|0|0|1|56.858902|35.902812|0
ven_ms_11ad4f2404bd9be3|tver-gastrobar-lambada|Гастро-бар «Ламбада»|GASTRO|тверь|Тверь|0|0|0|1|1|1|1|0|0|1|56.858912|35.911112|0
ven_ms_d052c6cd54774471|tver-gastroprostranstvo-fabrika|Гастропространство «Фабрика»|GASTRO|тверь|Тверь|0|0|0|1|1|1|1|0|0|1|56.849112|35.882312|0
ven_ms_b17cb6127b02caa2|tver-kreativnyy-klaster-relsy|Креативный кластер «Рельсы»|GASTRO|тверь|Тверь|0|0|0|1|1|1|1|0|0|1|56.856412|35.911891|0
ven_ms_49122301e876a1cf|tver-restoran-lyublin|Ресторан «Люблин»|GASTRO|тверь|Тверь|0|0|0|1|1|1|1|0|0|1|56.856112|35.904912|0
ven_ms_575a4b1309fed2e2|tver-restoran-staraya-tver|Ресторан «Старая Тверь»|GASTRO|тверь|Тверь|0|0|0|1|1|1|1|0|0|1|56.860912|35.905112|0
ven_ms_b18e619da7f35f81|tyumen-bar-kanava|Бар «Канава»|GASTRO|тюмень|Тюмень|0|0|0|1|1|1|1|0|0|1|57.1558|65.536|0
ven_ms_0ca79fa3d3c0c017|tyumen-kafe-maksim|Кафе «Максим»|GASTRO|тюмень|Тюмень|0|0|0|1|1|1|1|0|0|1|57.1572|65.5405|0
ven_ms_69a3b5a7aef4760d|tyumen-restoran-karavella|Ресторан «Каравелла»|GASTRO|тюмень|Тюмень|0|0|0|1|1|1|1|0|0|1|57.1608|65.5245|0
ven_ms_f6307ee3d1cd383b|tyumen-restoran-poseydon|Ресторан «Посейдон»|GASTRO|тюмень|Тюмень|0|0|0|1|1|1|1|0|0|1|57.148|65.52|0
ven_ms_62eaeb7cf85eb585|tyumen-restoran-chum|Ресторан «Чум»|GASTRO|тюмень|Тюмень|0|0|0|1|1|1|1|0|0|1|57.145|65.555|0
ven_ms_54e0be0815b90082|tyumen-fudkort-parohodnoy-kontory|Фудкорт пароходной конторы|GASTRO|тюмень|Тюмень|0|0|0|1|1|1|1|0|0|1|57.1635|65.5375|0
ven_ms_5718e75e8c516839|ufa-kumpan-cafe|Ресторан «Kumpan Cafe»|GASTRO|уфа|Уфа|0|0|0|1|1|1|1|0|0|1|54.727912|55.949801|0
ven_ms_d452489c14c9dc13|ufa-musichall27|Ресторан «MusicHall27»|GASTRO|уфа|Уфа|0|0|0|1|1|1|1|0|0|1|54.727912|55.955891|0
ven_ms_8d91b6a5d8c34d29|ufa-aibat-hallyar|Ресторан башкирской кухни «Aibat Hallyar»|GASTRO|уфа|Уфа|0|0|0|1|1|1|1|0|0|1|54.723112|55.944902|0
ven_ms_dbaa4606347c6c28|chelyabinsk-bar-tortuga|Бар «Тортуга»|GASTRO|челябинск|Челябинск|0|0|0|1|1|1|1|0|0|1|55.170212|61.392812|0
ven_ms_78e861a9d272805c|chelyabinsk-belyy-rynok|Белый рынок|GASTRO|челябинск|Челябинск|0|0|0|1|1|1|1|0|0|1|55.154212|61.375412|0
ven_ms_a1b869d73d35241a|chelyabinsk-restoran-kupecheskiy|Ресторан «Купеческий»|GASTRO|челябинск|Челябинск|0|0|0|1|1|1|1|0|0|1|55.165412|61.401612|0
venue_6ab7aef63d6a279ec55cbd82|раионныи-центр-культуры-и-досуга-6ab7aef63d6a279ec55cbd82|Районный центр культуры и досуга|MEETING_POINT|агинское|Агинское|1|1|0|0|1|1|1|0|0|0|51.10739459774922|114.54244047403336|0
venue_6a82cfcbba63739e46e3adca|цирк-шапито-чудеса-манежа-г-азнакаево-у-тц-эссен-6a82cfcbba63739e46e3adca|Цирк шапито "Чудеса Манежа" г. Азнакаево у ТЦ "Эссен"|MEETING_POINT|азнакаево|Азнакаево|0|0|0|0|1|1|1|0|0|0|54.85690777733892|53.070332407951355|0
venue_6a7a3179089bf9763b10acd9|парк-ореховая-роща-6a7a3179089bf9763b10acd9|Парк Ореховая Роща|MEETING_POINT|анапа|Анапа|0|0|0|0|1|1|1|0|0|0|44.8771934|37.313755|0
venue_66d5ac76a5473e68688b7efd|цирк-шапито-маска-66d5ac76a5473e68688b7efd|Цирк Шапито Маска|MEETING_POINT|бердск|Бердск|0|0|0|0|1|1|1|0|0|0|54.75291976082076|83.0700998467659|0
venue_6a5f0ebcd26408ac6e1cf227|цирк-шапито-fantastic-6a5f0ebcd26408ac6e1cf227|Цирк шапито "FantastiC"|MEETING_POINT|бронницы|Бронницы|0|0|0|0|1|1|1|0|0|0|55.42622208383551|38.26509654521942|0
venue_6a69fd4213eadb493e98e061|шапито-феникс-6a69fd4213eadb493e98e061|Шапито "Феникс"|MEETING_POINT|брянск|Брянск|0|0|0|0|1|1|1|0|0|0|53.2974842|34.3058481|0
venue_6a08d58f3d6850f0bdb4334f|bylinnyi-bereg-6a08d58f3d6850f0bdb4334f|Былинный Берег|MEETING_POINT|великии-новгород|Великий Новгород|0|0|1|1|1|1|1|0|0|1|58.76471479611029|31.542715395287413|150
venue_6a6474c9c9bf8a381fdd02ae|цирк-circusland-6a6474c9c9bf8a381fdd02ae|Цирк "Circusland"|MEETING_POINT|владикавказ|Владикавказ|0|0|0|0|1|1|1|0|0|0|43.05308635255388|44.638712452984514|0
venue_6aaa5469839c9f89059d8e45|мята-lounge-6aaa5469839c9f89059d8e45|Мята Lounge|MEETING_POINT|владимир|Владимир|1|1|0|0|1|1|1|0|0|0|56.1288506|40.4027711|0
venue_6a743cc544871373cceb887f|цирк-шапито-алле-в-г-волжскии-6a743cc544871373cceb887f|Цирк-шапито Алле в г. Волжский|MEETING_POINT|волжскии-волгоградская-область|Волжский (Волгоградская область)|0|0|0|0|1|1|1|0|0|0|48.7652474|44.7873141|0
venue_6a96ed267beeae8a55afa418|кдц-6a96ed267beeae8a55afa418|КДЦ|MEETING_POINT|воронеж|Воронеж|0|0|0|0|1|1|1|0|0|0|51.7358109|39.2914213|0
venue_6a8882266f13609af24ff3e5|площадка-фестивальныи-центр-лидер-6a8882266f13609af24ff3e5|Площадка Фестивальный центр «Лидер»|MEETING_POINT|гатчина|Гатчина|1|1|0|0|1|1|1|0|0|0|59.55575470624615|30.197553634643555|0
venue_6a7f0374e7df82b2e363a81f|токио-сити-6a7f0374e7df82b2e363a81f|Токио-Сити|MEETING_POINT|гатчина|Гатчина|0|0|0|0|1|1|1|0|0|0|59.574070046536576|30.125831365585327|0
venue_6ab4d70423818d2ee464aca0|цирк-шапито-антре-в-г-данков-6ab4d70423818d2ee464aca0|Цирк-шапито Антре в г. Данков|MEETING_POINT|данков|Данков|1|1|0|0|1|1|1|0|0|0|53.2492394|39.16851210000001|0
venue_6a158f2b35eeca321dcdc63d|azimut-aeroport-otel|AZIMUT Аэропорт Отель|MEETING_POINT|екатеринбург|Екатеринбург|1|1|0|1|1|1|1|0|0|1|56.7509321|60.79888440000001|0
venue_6493f98d1e8eee4dd69318a5|warehouse-6493f98d1e8eee4dd69318a5|WAREHOUSE|MEETING_POINT|екатеринбург|Екатеринбург|0|0|0|1|1|1|1|0|0|1|56.833761|60.604237|0
venue_5784ced39cb5381f67c25df0|маринс-парк-отель-5784ced39cb5381f67c25df0|Маринс Парк Отель|MEETING_POINT|екатеринбург|Екатеринбург|1|1|0|0|1|1|1|0|0|0|56.855895|60.60610099999997|0
venue_6a6c5e749b09e37fae66d501|цирк-шапито-каракат-шоу-6a6c5e749b09e37fae66d501|Цирк Шапито "Каракат Шоу"|MEETING_POINT|елец|Елец|0|0|0|0|1|1|1|0|0|0|52.6092969|38.4699401|0
venue_6aa020c4c47a26fe928cd3b0|ск-мега-6aa020c4c47a26fe928cd3b0|СК МЕГА|MEETING_POINT|ефремов|Ефремов|1|1|0|0|1|1|1|0|0|0|53.1501286|38.0945018|0
venue_6a2001883f970b9635e7a42f|kurort-zavidovo-6a2001883f970b9635e7a42f|Курорт Завидово|MEETING_POINT|завидово|Завидово|0|0|0|1|1|1|1|0|0|1|56.592639|36.5246792|0
venue_6a917fcf03dee8e3f9451af0|цирк-шапито-звезда-6a917fcf03dee8e3f9451af0|Цирк-шапито "Звезда!"|MEETING_POINT|заволжье|Заволжье|0|0|0|0|1|1|1|0|0|0|56.6284415|43.41589339999999|0
venue_6a15b04306e61f2cce3b3c8c|otel-zvezda-6a15b04306e61f2cce3b3c8c|Отель Звезда|MEETING_POINT|иркутск|Иркутск|1|1|0|1|1|1|1|0|0|1|52.2794253|104.3373719|0
venue_6a8ff2f8b75db0878e7155e0|цирк-максимус-6a8ff2f8b75db0878e7155e0|Цирк Максимус|MEETING_POINT|иошкар-ола|Йошкар-Ола|1|1|0|0|1|1|1|0|0|0|56.6313756|47.9303038|0
venue_6a6c4733fa0606ec477a3d57|цирк-максимус-6a6c4733fa0606ec477a3d57|Цирк Максимус|MEETING_POINT|иошкар-ола|Йошкар-Ола|0|0|0|0|1|1|1|0|0|0|56.6272697|47.908184|0
venue_6602f362605d3e772ca71a8f|kaleidoscope-6602f362605d3e772ca71a8f|Kaleidoscope|MEETING_POINT|казань|Казань|1|1|0|1|1|1|1|0|0|1|55.779296|49.135953|0
venue_68e51d4445825aaab8885b3e|мед-68e51d4445825aaab8885b3e|Мёд|MEETING_POINT|казань|Казань|0|0|0|0|1|1|1|0|0|0|55.81991530000001|49.1063529|0
venue_5fec83d283a1253a7126fc8c|отель-ривьера-5fec83d283a1253a7126fc8c|Отель Ривьера|MEETING_POINT|казань|Казань|1|1|0|0|1|1|1|0|0|0|55.815192|49.131643|0
venue_6a565b7175d08b6873b862ab|tba-6a565b7175d08b6873b862ab|TBA|MEETING_POINT|калининград|Калининград|0|0|0|0|1|1|1|0|0|0|54.70915208671863|20.4345703125|3
venue_692891e841df799c88b9e931|aeroport-hrabrovo-692891e841df799c88b9e931|аэропорт Храброво|MEETING_POINT|калининград|Калининград|1|0|0|1|1|1|1|0|0|1|54.882425|20.585614|0
venue_6aacf1b6fb67e6588ac06424|завод-6aacf1b6fb67e6588ac06424|ЗАВОД|MEETING_POINT|краснодар|Краснодар|1|1|0|0|1|1|1|0|0|0|45.07114526448192|38.98802161216736|0
venue_6a3e6a922e17e053cc21dd1d|небесныи-сад-6a3e6a922e17e053cc21dd1d|Небесный сад|MEETING_POINT|краснодар|Краснодар|0|0|0|0|1|1|1|0|0|0|45.02819463859582|38.97186575899025|0
venue_6421ba2cb8b42bee76787b5b|park-galickogo|Парк Галицкого|MEETING_POINT|краснодар|Краснодар|1|1|0|1|1|1|1|0|0|1|45.0551976|39.02809329999999|11
venue_6a5e246f764195c80e7874c6|форум-плаза-6a5e246f764195c80e7874c6|Форум Плаза|MEETING_POINT|краснодар|Краснодар|1|1|0|0|1|1|1|0|0|0|45.0362356|39.0690071|0
venue_6a89d745a4e7e26b7a0783cb|цирк-шапито-маска-6a89d745a4e7e26b7a0783cb|Цирк Шапито Маска|MEETING_POINT|краснообск|Краснообск|0|0|0|0|1|1|1|0|0|0|54.9317954|82.99829710000002|0
venue_6a8bf85dc8a9d590779ff51d|цирк-шапито-скиф-6a8bf85dc8a9d590779ff51d|Цирк шапито "Скиф"|MEETING_POINT|краснотурьинск|Краснотурьинск|0|0|0|0|1|1|1|0|0|0|59.7661583|60.21594959999999|0
venue_69f494f4af6dbb4ca256e0b4|easydraw-69f494f4af6dbb4ca256e0b4|EasyDraw|MEETING_POINT|красноярск|Красноярск|1|1|0|0|1|1|1|0|0|0|56.024512071373685|92.81365078850685|0
venue_694ca8c9e37293e2ca8cc751|fridom-trening-centr-694ca8c9e37293e2ca8cc751|«ФРИДОМ» тренинг-центр|MEETING_POINT|красноярск|Красноярск|0|0|1|1|1|1|1|0|0|1|56.0119897|92.8236367|256
venue_6a910c96b7540a07630e9eb1|база-зеленые-горки-6a910c96b7540a07630e9eb1|База «Зелёные горки»|MEETING_POINT|красноярск|Красноярск|1|1|0|0|1|1|1|0|0|0|55.8575923|93.4775413|0
venue_69a45a33165aa66df71e306c|baza-otdyha-zov-predkov-69a45a33165aa66df71e306c|База отдыха «Зов Предков»|MEETING_POINT|красноярск|Красноярск|0|0|0|1|1|1|1|0|0|1|54.4626837|89.4471346|0
venue_6442aa0c0f746c556ec56ea0|baza-otdyha-buzim-6442aa0c0f746c556ec56ea0|База отдыха Бузим|MEETING_POINT|красноярск|Красноярск|1|1|1|1|1|1|1|0|0|1|56.50316207570843|93.35469457956685|150
venue_64ae4671987eef9bc1415a24|дом-художника-easy-draw-64ae4671987eef9bc1415a24|Дом Художника - Easy Draw|MEETING_POINT|красноярск|Красноярск|1|1|1|0|1|1|1|0|0|0|56.0125407|92.8772949|1534
venue_694402778cab996c3afe5997|zagorodnyi-lager-ogonek-694402778cab996c3afe5997|Загородный лагерь "Огонёк"|MEETING_POINT|красноярск|Красноярск|1|1|0|1|1|1|1|0|0|1|55.9355059|92.8482408|26
venue_6a6864e72e705fd31d6bfcd1|сплав-по-мане-6a6864e72e705fd31d6bfcd1|Сплав по Мане|MEETING_POINT|красноярск|Красноярск|0|0|0|0|1|1|1|0|0|0|55.695613697220004|93.00902634312689|43
venue_69b4605839775d30cea9540f|aerodrom-mylniki-69b4605839775d30cea9540f|Аэродром Мыльники|MEETING_POINT|кунгур|Кунгур|0|0|0|1|1|1|1|0|0|1|57.394141313657684|56.87494926334638|32
venue_5cf8fe56dc3a6e000bae7b87|областнои-дворец-молодежи-5cf8fe56dc3a6e000bae7b87|Областной дворец молодежи|MEETING_POINT|курск|Курск|1|1|0|0|1|1|1|0|0|0|51.6703634|36.14782960000002|0
venue_69fad5a4d23c3fa2f9ffebb7|zheleznodorozhnaya-stanciya-lebyazhe-69fad5a4d23c3fa2f9ffebb7|Железнодорожная станция Лебяжье|MEETING_POINT|лебяжье|Лебяжье|0|0|1|1|1|1|1|0|0|1|59.9552153|29.4131949|248
venue_69faeb284799dc4a5c56bf0d|fort-krasnaya-gorka-69faeb284799dc4a5c56bf0d|Форт Красная Горка|MEETING_POINT|лебяжье|Лебяжье|0|0|1|1|1|1|1|0|0|1|59.9727362|29.334492|246
venue_5d078d658a64d3082a9a3a82|горнолыжныи-семеиныи-комплекс-hillpark-5d078d658a64d3082a9a3a82|Горнолыжный семейный комплекс "HILLPARK"|MEETING_POINT|липецк|Липецк|0|0|0|0|1|1|1|0|0|0|52.7547941|39.677578700000026|0
venue_6a3e7b5c8a674739b630e377|karakat-shou|Каракат-шоу|MEETING_POINT|липецк|Липецк|0|0|1|1|1|1|1|0|0|1|52.62237427595325|39.57514686673432|231
venue_684af4945dcd79a8559f0e34|plyazh-sanatoriya-mechta-684af4945dcd79a8559f0e34|Пляж санатория "Мечта"|MEETING_POINT|липецк|Липецк|0|0|0|1|1|1|1|0|0|1|52.7111782|39.7884621|0
venue_602ba64ef277665474ea4c17|цирк-шапито-fantastic-602ba64ef277665474ea4c17|Цирк шапито "FantastiC"|MEETING_POINT|малаховка|Малаховка|0|0|0|0|1|1|1|0|0|0|55.6249911|38.0104869|0
venue_6a4bca72b889aeea5343d0a1|успешные-люди-6a4bca72b889aeea5343d0a1|Успешные люди|MEETING_POINT|махачкала|Махачкала|0|0|0|0|1|1|1|0|0|0|42.965844953585645|47.492368468591096|19
venue_6ab1604621cda5bffcb9c507|цирк-шапито-circusland-6ab1604621cda5bffcb9c507|Цирк шапито "Circusland"|MEETING_POINT|махачкала|Махачкала|1|1|0|0|1|1|1|0|0|0|42.97168493186516|47.5293108851036|0
venue_6ab4d618e20c142b8103244c|цирк-шапито-алле-в-г-михаиловка-6ab4d618e20c142b8103244c|Цирк-шапито Алле в г. Михайловка|MEETING_POINT|михаиловка-волгоградская-область|Михайловка (Волгоградская область)|1|1|0|0|1|1|1|0|0|0|50.071455|43.223586|0
venue_690341027421b16319714e1e|kvartira-s-vidom-690341027421b16319714e1e|"Квартира с видом"|MEETING_POINT|москва|Москва|0|0|0|1|1|1|1|0|0|1|55.7424408|37.6314455|0
venue_64c8f70537d60549dbed84bf|campus-loft-64c8f70537d60549dbed84bf|Campus Loft|MEETING_POINT|moskva|Москва|1|0|0|1|1|1|1|0|0|1|55.75675889999999|37.674663|20
venue_6a9182a07ed6c40b4f215f69|casa-ricca-expo-6a9182a07ed6c40b4f215f69|Casa Ricca Expo|MEETING_POINT|москва|Москва|0|0|0|0|1|1|1|0|0|0|55.7554088|37.4028511|70
venue_6a70afca596d6ceb350fb0d6|everland-moscow-6a70afca596d6ceb350fb0d6|Everland Moscow|MEETING_POINT|москва|Москва|0|0|0|0|1|1|1|0|0|0|55.75101916401271|37.607343792915344|0
venue_64c2443b60d242519478b894|goelro-space-64c2443b60d242519478b894|GOELRO SPACE|MEETING_POINT|москва|Москва|0|0|0|0|1|1|1|0|0|0|55.781928|37.698256|0
venue_6a47ddd4e0d41d24a660ee72|hype-terrace-6a47ddd4e0d41d24a660ee72|HYPE TERRACE|MEETING_POINT|москва|Москва|0|0|1|0|1|1|1|0|0|0|55.7304459|37.6051419|130
venue_6a4b70c81a8d9918f406d302|jamaa-6a4b70c81a8d9918f406d302|Jamaa|MEETING_POINT|moskva|Москва|0|0|0|1|1|1|1|0|0|1|55.7501868|37.5344604|0
venue_64c11c0a71c2123a8366078b|loft-13-64c11c0a71c2123a8366078b|LOFT 13|MEETING_POINT|moskva|Москва|1|1|0|1|1|1|1|0|0|1|55.762753|37.6331754|0
venue_5c3ce8632061cb000d552062|leveldva-5c3ce8632061cb000d552062|Leveldva|MEETING_POINT|москва|Москва|0|0|0|0|1|1|1|0|0|0|55.7564588|37.60692900000004|0
venue_6a86d27e5355dfa58d0dcd6a|lovelyloft-6a86d27e5355dfa58d0dcd6a|LovelyLoft|MEETING_POINT|москва|Москва|0|0|0|0|1|1|1|0|0|0|55.780559|37.71555499999999|41
venue_69f36d2361aa51f37f2cf4b3|made-in-bali-69f36d2361aa51f37f2cf4b3|MADE IN BALI|MEETING_POINT|moskva|Москва|0|0|0|1|1|1|1|0|0|1|55.730949978282034|37.59958945232107|0
venue_6a7c7b8be5969646d3a3468f|made-in-bali-6a7c7b8be5969646d3a3468f|Made in Bali|MEETING_POINT|москва|Москва|0|0|0|0|1|1|1|0|0|0|55.7142791|37.5805078|0
venue_6a5eb10078041e26c0862f17|oasis-roofstage-6a5eb10078041e26c0862f17|Oasis Roofstage|MEETING_POINT|москва|Москва|0|0|0|0|1|1|1|0|0|0|55.7722043|37.6006662|0
venue_546749c49cb53806c5eefbc9|open-air-546749c49cb53806c5eefbc9|Open Air|MEETING_POINT|moskva|Москва|0|0|0|0|1|1|1|0|0|0|55.755826|37.6173|1
venue_64a047779955c3aa5a5174bf|papa-s-bar-grill-64a047779955c3aa5a5174bf|Papa'S Bar & Grill|MEETING_POINT|moskva|Москва|1|1|0|0|1|1|1|0|0|0|55.75793789999999|37.624493|0
venue_5d48469b69ad2f2a02bf1023|rndm-5d48469b69ad2f2a02bf1023|RNDM|MEETING_POINT|moskva|Москва|1|1|0|1|1|1|1|0|0|1|55.750055|37.66527700000006|0
venue_6a8c25513eef01592600c5f5|soloma-6a8c25513eef01592600c5f5|SOLOMA|MEETING_POINT|москва|Москва|0|0|0|0|1|1|1|0|0|0|55.73050019999999|37.6044846|0
venue_6a2af71f23cc7802c43f730f|substance-6a2af71f23cc7802c43f730f|Substance|MEETING_POINT|moskva|Москва|0|0|0|0|1|1|1|0|0|0|55.72911329999999|37.6019957|0
venue_662677fb72ae4c3e9a11b5e8|swan-lake-662677fb72ae4c3e9a11b5e8|Swan Lake|MEETING_POINT|москва|Москва|0|0|0|0|1|1|1|0|0|0|55.723992399902166|37.59548306465149|89
venue_696fe34a3401853b887c9edd|the-old-school-pub-696fe34a3401853b887c9edd|The old school pub|MEETING_POINT|moskva|Москва|1|1|0|1|1|1|1|0|0|1|55.7722043|37.6006662|0
venue_69ef6b00f713c49c139e9b76|unique-pleasure-69ef6b00f713c49c139e9b76|UNIQUE PLEASURE|MEETING_POINT|moskva|Москва|1|1|0|1|1|1|1|0|0|1|55.7384966|37.4107393|42
venue_6ab4ef5aace22a5cd59164a6|vnvnc-6ab4ef5aace22a5cd59164a6|VNVNC|MEETING_POINT|moskva|Москва|0|0|0|0|1|1|1|0|0|0|55.76226639999999|37.66128|0
venue_66b2659c781439072e03ccca|zorka-panoramic-terrace-bar-66b2659c781439072e03ccca|Zorka Panoramic Terrace & Bar|MEETING_POINT|москва|Москва|0|0|0|1|1|1|1|0|0|1|55.7105224|37.5454039|0
venue_696869194fbcf1cf4ea079e2|art-rezidenciya-muzeya-emalernogo-iskusstva-emalis-696869194fbcf1cf4ea079e2|Арт-резиденция Музея эмальерного искусства "Эмалис"|MEETING_POINT|moskva|Москва|1|1|0|1|1|1|1|0|0|1|55.741910412623376|37.662864990663266|26
venue_5c7a5248737a62000c0a198a|auditorium-5c7a5248737a62000c0a198a|Аудиториум|MEETING_POINT|moskva|Москва|1|1|0|1|1|1|1|0|0|1|55.7527458|37.6042731|36
venue_6618204f01fe1590fa2f3e03|башмет-центр-6618204f01fe1590fa2f3e03|Башмет-центр|MEETING_POINT|moskva|Москва|1|1|0|0|1|1|1|0|0|0|55.755826|37.6173|0
venue_62c67399b25822ed2abcae64|богоявленскии-переулок-62c67399b25822ed2abcae64|Богоявленский переулок|MEETING_POINT|moskva|Москва|0|0|0|0|1|1|1|0|0|0|55.75581612682692|37.62292742729187|0
venue_64071df41241155abfd93f62|bulgakovskaya-moskva-64071df41241155abfd93f62|Булгаковская Москва|MEETING_POINT|moskva|Москва|1|1|0|1|1|1|1|0|0|1|55.76917771089109|37.59621618371071|97
venue_69185afd02a36b9c71f0fee9|бункер-42-69185afd02a36b9c71f0fee9|Бункер-42|MEETING_POINT|moskva|Москва|1|1|0|0|1|1|1|0|0|0|55.7417283|37.64922809999999|0
venue_698f47ad833b11664e1ce50d|бутик-апарт-отель-окно-698f47ad833b11664e1ce50d|Бутик апарт-отель "ОКНО"|MEETING_POINT|moskva|Москва|1|1|0|0|1|1|1|0|0|0|55.765871126649664|37.61594496011817|63
venue_680b997ac4bb784063480ffc|буховски-с-680b997ac4bb784063480ffc|Буховски'с|MEETING_POINT|москва|Москва|0|0|0|0|1|1|1|0|0|0|55.7524339|37.6357288|0
venue_6a7429acd954557e34350e97|ваганьковское-кладбище-6a7429acd954557e34350e97|Ваганьковское кладбище|MEETING_POINT|moskva|Москва|1|1|0|0|1|1|1|0|0|0|55.7678486|37.5500003|0
venue_60d0502bebb7ee7da57a7fe2|верхняя-масловка-9-60d0502bebb7ee7da57a7fe2|Верхняя Масловка, 9|MEETING_POINT|moskva|Москва|1|1|0|0|1|1|1|0|0|0|55.79280499999999|37.564971|0
venue_636a7460d1673e6a3046667f|встреча-636a7460d1673e6a3046667f|Встреча|MEETING_POINT|москва|Москва|0|0|0|0|1|1|1|0|0|0|55.772043|37.672434|0
venue_6aad612ed1316c145afedd4b|встреча-на-тишинскои-пл-у-памятника-дружбы-6aad612ed1316c145afedd4b|Встреча на Тишинской пл. у памятника Дружбы|MEETING_POINT|moskva|Москва|1|1|0|0|1|1|1|0|0|0|55.776805|37.58323499999999|0
venue_64b51897c24fb942a78793eb|vstrecha-na-ulice-u-vyhoda-iz-metro-smolenskaya-arbatsko-pokrovskoi-linii-64b51897c24fb942a78793eb|Встреча на улице, у выхода из метро «Смоленская» Арбатско-Покровской линии|MEETING_POINT|москва|Москва|0|0|0|1|1|1|1|0|0|1|55.74726099999999|37.581945|0
venue_6402193d4609ee8e3a97707b|встреча-у-храма-часовни-св-благоверных-князеи-бориса-и-глеба-6402193d4609ee8e3a97707b|Встреча у храма-часовни св.благоверных князей Бориса и Глеба|MEETING_POINT|moskva|Москва|1|1|0|0|1|1|1|0|0|0|55.7515575|37.6019021|0
venue_65fae09b1ffd72f1fa10d542|гпиб-россии-65fae09b1ffd72f1fa10d542|ГПИБ России|MEETING_POINT|moskva|Москва|1|1|0|0|1|1|1|0|0|0|55.714878|37.572418|0
venue_69a1ae26cd9b1bb6ba528afb|гастроэнотека-мясо-и-вино-69a1ae26cd9b1bb6ba528afb|Гастроэнотека Мясо и Вино|MEETING_POINT|москва|Москва|0|0|0|0|1|1|1|0|0|0|55.703461|37.5164633|0
venue_6997eb0d137bc92705d801bc|glemping-prosto-cosmos-6997eb0d137bc92705d801bc|Глэмпинг «Просто COSMOS»|MEETING_POINT|москва|Москва|0|0|0|1|1|1|1|0|0|1|55.5014727|37.5478196|0
venue_5bceea791e4342000c922256|гоголевскии-бульвар-14-5bceea791e4342000c922256|Гоголевский бульвар, 14|MEETING_POINT|москва|Москва|0|0|0|0|1|1|1|0|0|0|55.7480603|37.60049230000004|0
venue_65785bb3a13352f37cd5095c|gostinica-izmailovo-beta-65785bb3a13352f37cd5095c|Гостиница Измайлово «Бета»|MEETING_POINT|moskva|Москва|1|1|0|1|1|1|1|0|0|1|55.7895468788671|37.74755467038699|0
venue_6a522aad0148833d234c4b32|графит-лето-6a522aad0148833d234c4b32|Графит Лето|MEETING_POINT|moskva|Москва|1|1|0|0|1|1|1|0|0|0|55.75718930644318|37.75079133999024|0
venue_69ef938ef119058e001c8aca|dacha-borodino-69ef938ef119058e001c8aca|Дача Бородино|MEETING_POINT|moskva|Москва|0|0|0|1|1|1|1|0|0|1|55.3503485|35.3731514|0
venue_64070e97cbc02be48306e7f4|dinastiya-romanovyh|Династия Романовых|MEETING_POINT|moskva|Москва|1|1|0|1|1|1|1|0|0|1|51.68905132893644|39.221175949184726|93
venue_64c1754ccfd9eebe1300378f|dmitrovskii-r-on-podmoskovya-64c1754ccfd9eebe1300378f|Дмитровский р-он Подмосковья|MEETING_POINT|moskva|Москва|0|0|0|1|1|1|1|0|0|1|55.8940527|37.52233349999999|0
venue_57602c369cb5383aa0f99ac5|dom-soyuzov-57602c369cb5383aa0f99ac5|Дом Союзов|MEETING_POINT|москва|Москва|0|0|0|1|1|1|1|0|0|1|55.758874|37.61655300000007|0
venue_5d4c94a63eebe79526dc0076|donskaya-ploschad-1-3-5d4c94a63eebe79526dc0076|Донская площадь, 1-3|MEETING_POINT|moskva|Москва|1|1|0|1|1|1|1|0|0|1|55.715276|37.60133510000003|0
venue_6a847276a30dda67036276f9|доходныи-дом-купца-николая-пичугина-6a847276a30dda67036276f9|Доходный дом купца Николая Пичугина|MEETING_POINT|москва|Москва|0|0|0|0|1|1|1|0|0|0|55.7689099|37.633524|0
venue_69b427b222762e53e0924413|zavod-arma-69b427b222762e53e0924413|Завод АРМА|MEETING_POINT|москва|Москва|0|0|0|1|1|1|1|0|0|1|55.7587028067263|37.66611048232608|0
venue_68efa161f55b73599b3b3cda|кибердом-68efa161f55b73599b3b3cda|Кибердом|MEETING_POINT|moskva|Москва|1|1|1|0|1|1|1|0|0|0|55.762245|37.555871|488
venue_64071927db83934e62e05a0a|kolomenskoe-64071927db83934e62e05a0a|Коломенское|MEETING_POINT|москва|Москва|0|0|0|1|1|1|1|0|0|1|55.67635889633427|37.66461020063572|86
venue_6973887111dd50e86bbc15e0|красная-площадь-3-гум-6973887111dd50e86bbc15e0|Красная площадь, 3, ГУМ|MEETING_POINT|moskva|Москва|1|1|0|0|1|1|1|0|0|0|55.7546967|37.6215215|0
venue_5d10d1d7f827526202ba46ae|крутицкое-подворье-5d10d1d7f827526202ba46ae|Крутицкое подворье|MEETING_POINT|москва|Москва|0|0|0|0|1|1|1|0|0|0|55.72810699999999|37.65907590000006|0
venue_6a3afc5ee5cc3a74b1ffc905|kult-garazh-6a3afc5ee5cc3a74b1ffc905|Культ Гараж|MEETING_POINT|moskva|Москва|0|0|0|1|1|1|1|0|0|1|55.72884|37.458323|0
venue_64071023579d1ebab86e0be7|kulturno-matom-64071023579d1ebab86e0be7|Культурно матом|MEETING_POINT|moskva|Москва|1|1|0|1|1|1|1|0|0|1|55.74253006039362|37.65356544557575|102
venue_647f14d0b583497e00682c07|laboratornyi-korpus-glavnogo-botanicheskogo-sada-im-n-v-cicina-ran-647f14d0b583497e00682c07|Лабораторный корпус Главного ботанического сада им. Н. В. Цицина РАН|MEETING_POINT|moskva|Москва|0|0|0|1|1|1|1|0|0|1|55.714878|37.572418|0
venue_69b2d2e9dae88285d7ef3155|мкдц-на-грина-69b2d2e9dae88285d7ef3155|МКДЦ «на Грина»|MEETING_POINT|москва|Москва|0|0|0|0|1|1|1|0|0|0|55.56124759999999|37.5812592|0
venue_6a549beabf4391ed2c2d27ac|мцк-верхние-котлы-6a549beabf4391ed2c2d27ac|МЦК Верхние Котлы|MEETING_POINT|москва|Москва|0|0|0|0|1|1|1|0|0|0|55.7568721|37.6150527|0
venue_5cc59334735a0a000bb2f293|международныи-аэропорт-домодедово-5cc59334735a0a000bb2f293|Международный аэропорт Домодедово|MEETING_POINT|москва|Москва|0|0|0|0|1|1|1|0|0|0|55.41030689999999|37.90245129999994|36
venue_681236142a99558a152b07b1|mesto-vstrechi-m-arbatskaya-sinyaya-liniya-vyhod-no8-srazu-na-vyhode-iz-metro-vas-vstretit-gid-s-tablichkoi-lyubimyi-gorod-6812|Место встречи: м. Арбатская (синяя линия), выход №8, сразу на выходе из метро вас встретит гид с табличкой Любимый город.|MEETING_POINT|moskva|Москва|1|1|1|1|1|1|1|0|0|1|55.75261639858463|37.602999978707096|121
venue_64071f5e85ac6f419606bdc7|mesto-vstrechi-u-pamyatnika-zhukovu-na-manezhnoi-ploschadi-gid-s-tablichkoi-lyubimyi-gorod-64071f5e85ac6f419606bdc7|Место встречи: у памятника Жукову на Манежной площади гид с табличкой Любимый город|MEETING_POINT|moskva|Москва|1|1|0|1|1|1|1|0|0|1|55.75576807922625|37.616745956200354|81
venue_639c12b6a2aa7817880241ba|метро-дмитровская-639c12b6a2aa7817880241ba|Метро Дмитровская|MEETING_POINT|москва|Москва|0|0|0|0|1|1|1|0|0|0|55.80703345431991|37.58148193359375|0
venue_6a1fd40343c52b894c9c5d53|moskva-krymskii-val-10|Москва, Крымский Вал, 10|MEETING_POINT|moskva|Москва|1|1|0|0|1|1|1|0|0|1|55.7324912|37.605782|24
venue_6a1fd188f63c4a0f39f4fa8f|москва-московская-область-мытищинскии-раион-с-марфино-ул-санаторная-6a1fd188f63c4a0f39f4fa8f|Москва, Московская область, Мытищинский район, с. Марфино, ул. Санаторная|MEETING_POINT|moskva|Москва|1|1|0|0|1|1|1|0|0|0|56.0419575|37.6226192|73
venue_6a1fc231b198c1c1e71f03e0|москва-наличная-ул-1-стр-2-метро-лефортово-6a1fc231b198c1c1e71f03e0|Москва, Наличная ул, 1, стр. 2, метро «Лефортово»|MEETING_POINT|moskva|Москва|1|1|0|0|1|1|1|0|0|0|55.7694446|37.7066459|49
venue_6a210dd7c0ea7aaa5b6cc366|москва-пушкинская-площадь-памятник-а-с-пушкину-6a210dd7c0ea7aaa5b6cc366|Москва, Пушкинская площадь, Памятник А.С. Пушкину|MEETING_POINT|moskva|Москва|1|1|0|0|1|1|1|0|0|0|55.714878|37.572418|49
venue_6a1fd09343c52b894c9c5c68|москва-триумфальная-площадь-памятник-маяковскому-6a1fd09343c52b894c9c5c68|Москва, Триумфальная площадь, памятник Маяковскому|MEETING_POINT|moskva|Москва|1|1|0|0|1|1|1|0|0|0|55.7696055|37.5955944|50
venue_6a9917997727e88ee4e77e7e|москва-м-бауманская-встречаемся-у-выхода-из-метро-6a9917997727e88ee4e77e7e|Москва, м. Бауманская, встречаемся у выхода из метро|MEETING_POINT|moskva|Москва|1|1|0|0|1|1|1|0|0|0|55.7720674|37.6788411|0
venue_6a210d36f7f40a12bbd1e718|москва-ул-волхонка-12-6a210d36f7f40a12bbd1e718|Москва, ул. Волхонка 12|MEETING_POINT|moskva|Москва|1|1|0|0|1|1|0|0|0|0|||23
venue_6a1fd5b8fd2c7685dc72e7db|moskva-ul-volhonka-d-14-6a1fd5b8fd2c7685dc72e7db|Москва, ул. Волхонка, д. 14|MEETING_POINT|moskva|Москва|1|1|0|1|1|1|1|0|0|1|55.7465481|37.605045|27
venue_603115d1804d751023cdaeea|moskva-ul-kalanchevskaya-21-40-na-ulice-sprava-ot-vhoda-603115d1804d751023cdaeea|Москва, ул. Каланчевская, 21/40, на улице, справа от входа|MEETING_POINT|moskva|Москва|1|1|0|1|1|1|1|0|0|1|55.7741044|37.651761|0
venue_6a210eaa8af0fb08b7eefe36|московская-область-городскои-округ-красногорск-пос-архангельское-6a210eaa8af0fb08b7eefe36|Московская область, городской округ Красногорск, пос. Архангельское|MEETING_POINT|moskva|Москва|1|1|0|0|1|1|1|0|0|0|55.7882944|37.2961886|67
venue_6407146145d051981c552ef2|moskovskii-kvartal-krasnyh-fonarei-6407146145d051981c552ef2|Московский квартал красных фонарей|MEETING_POINT|moskva|Москва|1|1|0|1|1|1|1|0|0|1|55.772295672052714|37.631719219830494|97
venue_699975d403e1ffb97b2f610a|моховая-15-1-699975d403e1ffb97b2f610a|Моховая 15/1|MEETING_POINT|moskva|Москва|1|1|0|0|1|1|1|0|0|0|55.7568721|37.6150527|0
venue_620b9cb13bff38a59dd6e9ed|националь-620b9cb13bff38a59dd6e9ed|Националь|MEETING_POINT|moskva|Москва|0|0|0|0|1|1|1|0|0|0|55.7568241178651|37.61421553307672|0
venue_6703f9a379e3836557b73e03|невротик-6703f9a379e3836557b73e03|Невротик|MEETING_POINT|москва|Москва|0|0|0|0|1|1|1|0|0|0|55.7495669|37.6450326|0
venue_6257358d23891713a3cceb56|nikolskaya-15-6257358d23891713a3cceb56|Никольская, 15|MEETING_POINT|moskva|Москва|1|1|0|1|1|1|1|0|0|1|55.755826|37.6173|0
venue_605a3161740c6a4a4055a6a7|novaya-basmannaya-14-605a3161740c6a4a4055a6a7|Новая Басманная,14|MEETING_POINT|moskva|Москва|1|1|0|1|1|1|1|0|0|1|55.769558|37.65751059999999|0
venue_5c20f59092b29e000c6282a3|новодевичье-кладбище-5c20f59092b29e000c6282a3|Новодевичье кладбище|MEETING_POINT|moskva|Москва|1|1|0|0|1|1|1|0|0|0|55.72491081363781|37.55405902862549|0
venue_5a02b6ccd35286001c45a804|особняк-тарасова-5a02b6ccd35286001c45a804|Особняк Тарасова|MEETING_POINT|moskva|Москва|1|1|0|0|1|1|1|0|0|0|55.7622589|37.59069679999993|0
venue_6aa83aecb9d85a696ae0c046|особняк-инвестора-6aa83aecb9d85a696ae0c046|Особняк инвестора|MEETING_POINT|moskva|Москва|1|1|0|0|1|1|1|0|0|0|55.77772849999999|37.6935669|0
venue_68480db3ad5f77dd8ef200c6|павильон-No44-кролиководство-на-вднх-68480db3ad5f77dd8ef200c6|Павильон №44 «Кролиководство» на ВДНХ|MEETING_POINT|москва|Москва|0|0|0|0|1|1|1|0|0|0|55.8381155|37.6193895|0
venue_60508fa06f80350cd3d8b1a4|pamyatnik-pushkinu-pushkinskaya-ploschad-60508fa06f80350cd3d8b1a4|Памятник Пушкину, Пушкинская площадь|MEETING_POINT|moskva|Москва|1|1|0|1|1|1|1|0|0|1|55.76562|37.605626|0
venue_67ffe7a41240befd6bc8d593|panterik-stankolit-67ffe7a41240befd6bc8d593|Пантерик Станколит|MEETING_POINT|moskva|Москва|1|1|0|1|1|1|1|0|0|1|55.798963966391376|37.59398947969945|0
venue_68998bb50d947dfd818e67c9|пионерскии-пруд-парка-горького-68998bb50d947dfd818e67c9|Пионерский пруд парка Горького|MEETING_POINT|москва|Москва|0|0|0|0|1|1|1|0|0|0|55.7304459|37.6051419|30
venue_6ab14ad8972bf18307753b7e|площадка-уточняется-6ab14ad8972bf18307753b7e|Площадка уточняется|MEETING_POINT|moskva|Москва|1|1|0|0|1|1|1|0|0|0|55.755814|37.617635|1
venue_62069a03db8fe78c6bea1343|подсосенскии-пер-21-стр-1-62069a03db8fe78c6bea1343|Подсосенский пер., 21, стр. 1|MEETING_POINT|moskva|Москва|1|1|0|0|1|1|1|0|0|0|55.75598799999999|37.6537995|0
venue_6852b83f998a695b176002d9|полевая-12-пушкино-6852b83f998a695b176002d9|Полевая 12, Пушкино|MEETING_POINT|москва|Москва|0|0|0|0|1|1|1|0|0|0|56.0089842|37.8528613|0
venue_6857c51ed6f99f614adda2c8|prohodnaya-mgtu-6857c51ed6f99f614adda2c8|Проходная МГТУ|MEETING_POINT|moskva|Москва|0|0|0|1|1|1|1|0|0|1|55.7668355|37.6839233|0
venue_686cd7abd45e9c58d541495d|ре-зиденция-686cd7abd45e9c58d541495d|РЕ:ЗИДЕНЦИЯ|MEETING_POINT|москва|Москва|0|0|0|0|1|1|1|0|0|0|55.7683299|37.6425363|0
venue_64759f515af2290af4248178|sad-shredera-64759f515af2290af4248178|Сад Шредера|MEETING_POINT|moskva|Москва|0|0|1|1|1|1|1|0|0|1|55.828432|37.5486919|154
venue_5532304f9cb5387c401d984f|sad-ermitazh-5532304f9cb5387c401d984f|Сад Эрмитаж|MEETING_POINT|moskva|Москва|1|1|1|1|1|1|1|0|0|1|55.770808|37.609241|229
venue_58206229515e3500168592ca|sandunovskie-bani-58206229515e3500168592ca|Сандуновские бани|MEETING_POINT|moskva|Москва|1|1|0|1|1|1|1|0|0|1|55.7642575|37.62210540000001|0
venue_5f0bf775047d68bbadd87c23|sergiev-posad-5f0bf775047d68bbadd87c23|Сергиев-Посад|MEETING_POINT|москва|Москва|0|0|0|1|1|1|1|0|0|1|56.30191680000001|38.1364933|0
venue_6ab2915f72014627b5f627c2|славянская-площадь-2-5-4-6ab2915f72014627b5f627c2|Славянская площадь, 2/5/4|MEETING_POINT|moskva|Москва|1|1|0|0|1|1|1|0|0|0|55.7524339|37.6357288|0
venue_6048cbe8da0b284bab0051db|собаки-в-тумане-6048cbe8da0b284bab0051db|Собаки в тумане|MEETING_POINT|moskva|Москва|1|1|0|0|1|1|1|0|0|0|55.7671271|37.6196934|0
venue_6406fe000feab308782560b0|stalinskie-vysotki|Сталинские высотки|MEETING_POINT|moskva|Москва|1|1|0|1|1|1|1|0|0|1|55.76925112670969|37.65090752304192|103
venue_6a91e022f1546f7260f5c945|студия-6a91e022f1546f7260f5c945|Студия|MEETING_POINT|moskva|Москва|1|1|0|0|1|1|1|0|0|0|55.7381355|37.543676|0
venue_6613cf0d963c8dad5a3f3442|трц-мозаика-6613cf0d963c8dad5a3f3442|ТРЦ МОЗАИКА|MEETING_POINT|москва|Москва|0|0|0|0|1|1|1|0|0|0|55.71055813080052|37.672773599624634|0
venue_63022db55c3532b64ea4012e|u-vhoda-v-manezh-63022db55c3532b64ea4012e|У входа в Манеж|MEETING_POINT|москва|Москва|0|0|0|1|1|1|1|0|0|1|55.7534116|37.612291|0
venue_5925d968515e350016024cdc|усадьба-быково-5925d968515e350016024cdc|Усадьба Быково|MEETING_POINT|москва|Москва|0|0|0|0|1|1|1|0|0|0|55.6105832|38.05731709999998|0
venue_6863da10468781ead2d1aa5c|усадьба-капцовои-6863da10468781ead2d1aa5c|Усадьба Капцовой|MEETING_POINT|moskva|Москва|1|1|0|0|1|1|1|0|0|0|55.7534384|37.6525517|0
venue_6906214e136add13c51f0aa1|фонд-наследие-севера-6906214e136add13c51f0aa1|Фонд "Наследие Севера"|MEETING_POINT|москва|Москва|0|0|0|0|1|1|1|0|0|0|55.7626382|37.67798730000001|0
venue_6a302150fbfeb8d1107a573e|fontan-rotonda-natalya-i-aleksandr-6a302150fbfeb8d1107a573e|Фонтан-ротонда «Наталья и Александр»|MEETING_POINT|moskva|Москва|0|0|0|1|1|1|1|0|0|1|55.7207539|37.5891171|0
venue_572b3ea79cb5384b3c3a262a|frunzenskaya|Фрунзенская|MEETING_POINT|moskva|Москва|1|1|1|1|1|1|1|0|0|1|55.727024|37.57968899999992|169
venue_64071a5f6b04236ae9ad4fae|hram-hrista-spasitelya-64071a5f6b04236ae9ad4fae|Храм Христа Спасителя|MEETING_POINT|moskva|Москва|1|1|0|1|1|1|1|0|0|1|55.744905422665745|37.60451480276424|103
venue_5f18bc6b0c3afc03ef15d451|храм-святого-благоверного-князя-игоря-черниговского-5f18bc6b0c3afc03ef15d451|Храм святого благоверного князя Игоря Черниговского|MEETING_POINT|moskva|Москва|1|1|0|0|1|1|1|0|0|0|55.657842|37.3464059|0
venue_6ab5016809c6d7d8c800260a|цветы-для-вас-авиамоторная-6ab5016809c6d7d8c800260a|Цветы для Вас (Авиамоторная)|MEETING_POINT|moskva|Москва|1|1|0|0|1|1|1|0|0|0|55.75096915856251|37.70627066611366|70
venue_6353d77489b54b9ffeb848f9|centralnyi-rynok-na-maroseike-6353d77489b54b9ffeb848f9|Центральный Рынок на Маросейке|MEETING_POINT|moskva|Москва|0|0|0|1|1|1|1|0|0|1|55.7573902|37.6334437|82
venue_693ee7c2057272585f617f04|cirk-shapito-fantastic-693ee7c2057272585f617f04|Цирк шапито "FantastiC"|MEETING_POINT|moskva|Москва|0|0|1|1|1|1|1|0|0|1|55.5278245|37.6201102|185
venue_6ab672f5e6f8405d70d9d63d|цирк-шапито-fantastic-6ab672f5e6f8405d70d9d63d|Цирк шапито "FantastiC"|MEETING_POINT|moskva|Москва|1|1|0|0|1|1|1|0|0|0|55.55719464612493|37.81596051176961|0
venue_63a195bf4710ab14f45dd172|экскурсия-в-деиствующую-масонскую-ложу-63a195bf4710ab14f45dd172|Экскурсия в действующую Масонскую Ложу|MEETING_POINT|moskva|Москва|1|1|1|0|1|1|1|0|0|0|55.7992983|37.5730858|200
venue_6410f3664bbabcdaeaaa3c89|г-королев-6410f3664bbabcdaeaaa3c89|г. Королев|MEETING_POINT|moskva|Москва|1|1|0|0|1|1|1|0|0|0|55.649238|37.3309592|0
venue_6999d0d0c4c1a5b887bb4290|м-кропоткинкская-6999d0d0c4c1a5b887bb4290|м Кропоткинкская|MEETING_POINT|moskva|Москва|1|1|0|0|1|1|1|0|0|0|55.7446375|37.6054939|0
venue_6a5613a10a0f681c47e5c68b|м-кропоткинская-6a5613a10a0f681c47e5c68b|м Кропоткинская|MEETING_POINT|москва|Москва|0|0|0|0|1|1|1|0|0|0|55.7568721|37.6150527|0
venue_67fcfb94039a434769c854dc|м-1905-года-67fcfb94039a434769c854dc|м. 1905 года|MEETING_POINT|moskva|Москва|1|1|0|0|1|1|1|0|0|0|55.76493199999999|37.561387|0
venue_601182900bf2efda8d42ad05|м-авиамоторная-601182900bf2efda8d42ad05|м. Авиамоторная|MEETING_POINT|москва|Москва|0|0|0|0|1|1|1|0|0|0|55.7510767|37.7170718|0
venue_69a6cc78a31b9bd7a8e395cb|м-аэропорт-внуково-69a6cc78a31b9bd7a8e395cb|м. Аэропорт Внуково|MEETING_POINT|moskva|Москва|1|1|0|0|1|1|1|0|0|0|55.714878|37.572418|0
venue_6a96b3b57ea67726a1ec9b58|м-аэропорт-внуково-6a96b3b57ea67726a1ec9b58|м. Аэропорт Внуково|MEETING_POINT|moskva|Москва|1|1|0|0|1|1|1|0|0|0|55.7568721|37.6150527|0
venue_69f0849564c6ebc73497a303|m-botanicheskii-sad|м. Ботанический сад|MEETING_POINT|moskva|Москва|1|1|1|1|1|1|1|0|0|1|55.77355490000001|37.5436564|213
venue_66212f8077bdbd90241d0c55|m-vdnh-66212f8077bdbd90241d0c55|м. ВДНХ|MEETING_POINT|moskva|Москва|0|0|0|1|1|1|1|0|0|1|55.755826|37.6173|0
venue_667b0bf1e20c98e4aba1c14d|m-kuzneckii-most-667b0bf1e20c98e4aba1c14d|м. Кузнецкий мост|MEETING_POINT|moskva|Москва|1|1|0|1|1|1|1|0|0|1|55.755826|37.6173|0
venue_6814d519a72266f82fe48f1b|м-лефортово-6814d519a72266f82fe48f1b|м. Лефортово|MEETING_POINT|москва|Москва|0|0|0|0|1|1|1|0|0|0|55.7634828|37.7055625|0
venue_6a42ba18a78fb85ce22e2ff7|m-lubyanka-vyhod-iz-metro-no10-u-avtosalona-bentley-vas-vstretit-gid-s-tablichkoi-lyubimyi-gorod|м. Лубянка, выход из метро №10, у автосалона Bentley вас встретит гид с табличкой Любимый город.|MEETING_POINT|moskva|Москва|1|1|1|1|1|1|1|0|0|1|55.759321|37.624413|135
venue_6a689911da24c523a61ac319|м-маяковская-6a689911da24c523a61ac319|м. Маяковская|MEETING_POINT|москва|Москва|0|0|0|0|1|1|1|0|0|0|55.7696055|37.5955944|0
venue_5a6f4ecd515e35001cceb291|м-славянскии-бульвар-5a6f4ecd515e35001cceb291|м. Славянский бульвар|MEETING_POINT|москва|Москва|0|0|0|0|1|1|1|0|0|0|55.729602|37.47081400000002|0
venue_67fd01ed3d80c46b9031f78d|м-сокол-67fd01ed3d80c46b9031f78d|м. Сокол|MEETING_POINT|москва|Москва|0|0|0|0|1|1|1|0|0|0|55.805167|37.515181|0
venue_64399f29706586d0b7e7a384|m-suharevskaya-vyhod-nomer-2-gid-s-tab-lyubimyi-gorod-64399f29706586d0b7e7a384|м. Сухаревская, выход номер 2, гид с таб. Любимый город|MEETING_POINT|moskva|Москва|1|1|0|1|1|1|1|0|0|1|55.77223222961286|37.63278262544442|0
venue_6a79880c1df2112b86c4fa25|м-таганская-кольцевая-6a79880c1df2112b86c4fa25|м. Таганская-кольцевая,|MEETING_POINT|москва|Москва|0|0|0|0|1|1|1|0|0|0|55.7568721|37.6150527|0
venue_610061d68a751286fee56394|м-тимирязевская-610061d68a751286fee56394|м. Тимирязевская|MEETING_POINT|moskva|Москва|1|1|0|0|1|1|1|0|0|0|55.8195707|37.5755794|0
venue_5b28e002d35286001d453fb8|м-трубная-5b28e002d35286001d453fb8|м. Трубная|MEETING_POINT|moskva|Москва|1|1|0|0|1|1|1|0|0|0|55.7678796|37.62181720000001|34
venue_6602aee069c3db487dad02ce|м-физтех-6602aee069c3db487dad02ce|м. Физтех|MEETING_POINT|moskva|Москва|1|1|0|0|1|1|1|0|0|0|55.755826|37.6173|0
venue_67f42f455560fd53adbd9057|metro-kurskaya-67f42f455560fd53adbd9057|метро "Курская"|MEETING_POINT|москва|Москва|0|0|0|1|1|1|1|0|0|1|55.7585111053495|37.66008507057618|0
venue_654a7c61f8dbf4d6f2cfcc1d|метро-1905-года-выход-1-у-памятника-героям-революции-654a7c61f8dbf4d6f2cfcc1d|метро 1905 года, выход 1, у памятника Героям революции|MEETING_POINT|moskva|Москва|1|1|0|0|1|1|1|0|0|0|55.76493199999999|37.561387|0
venue_6a8daebd7ee079637b46ed34|метро-кропоткинская-6a8daebd7ee079637b46ed34|метро «Кропоткинская»|MEETING_POINT|moskva|Москва|1|1|0|0|1|1|1|0|0|0|55.744263|37.6004452|0
venue_61e09ae3c8cf14cf5a7f8d95|metro-annino-61e09ae3c8cf14cf5a7f8d95|метро Аннино|MEETING_POINT|москва|Москва|0|0|0|1|1|1|1|0|0|1|55.583584295727185|37.59693145751953|0
venue_69c14258054c286cb77fa614|метро-павелецкая-кольцевая-выход-2-69c14258054c286cb77fa614|метро Павелецкая кольцевая выход 2|MEETING_POINT|moskva|Москва|1|1|0|0|1|1|1|0|0|0|55.731308145638664|37.63648758917319|25
venue_69ba92bee3c0ca2629854230|просп-мира-150-69ba92bee3c0ca2629854230|просп. Мира, 150|MEETING_POINT|москва|Москва|0|0|0|0|1|1|1|0|0|0|55.7568721|37.6150527|0
venue_69413fec5b3978d770c1363b|ст-м-красные-ворота-выход-No2-69413fec5b3978d770c1363b|ст. м. «Красные ворота». Выход №2.|MEETING_POINT|москва|Москва|0|0|0|0|1|1|1|0|0|0|55.7568721|37.6150527|0
venue_6a3d42e95fefd934e2f247b7|ul-bolshaya-gruzinskaya-1-naprotiv-stancii-metro-krasnopresnenskaya-6a3d42e95fefd934e2f247b7|ул. Большая Грузинская, 1, напротив станции метро «Краснопресненская»|MEETING_POINT|moskva|Москва|1|1|0|0|1|1|1|0|0|1|55.76101380000001|37.5772176|69
venue_62bcad65f567301a898aa838|ул-даниловскии-вал-22-у-входа-в-монастырь-62bcad65f567301a898aa838|ул. Даниловский Вал, 22, у входа в монастырь|MEETING_POINT|москва|Москва|0|0|0|0|1|1|1|0|0|0|55.7110972|37.6278305|0
venue_6061b9292bbaab07e09084c1|ул-пречистенка-16-6061b9292bbaab07e09084c1|ул. Пречистенка 16|MEETING_POINT|москва|Москва|0|0|0|0|1|1|1|0|0|0|55.7433708|37.596394|0
venue_65b26c2790c2be68c9e9f8ef|hhbar-65b26c2790c2be68c9e9f8ef|HHBAR|MEETING_POINT|мурманск|Мурманск|1|1|0|0|1|1|1|0|0|0|68.97331129999999|33.0855848|0
venue_68345b29c493ca98514b0114|pivovarnya-zagovor-68345b29c493ca98514b0114|Пивоварня «Заговор»|MEETING_POINT|мытищи|Мытищи|1|1|0|1|1|1|1|0|0|1|55.9321329|37.7703259|0
venue_6a88107c24d375c8696b3ad7|цирк-circusland-6a88107c24d375c8696b3ad7|Цирк "Circusland"|MEETING_POINT|невинномысск|Невинномысск|0|0|0|0|1|1|1|0|0|0|44.6392525|41.9674278|19
venue_5e39701faa4bd6145da25df0|технопарк-анкудиновка-5e39701faa4bd6145da25df0|Технопарк «Анкудиновка»|MEETING_POINT|нижнии-новгород|Нижний Новгород|1|1|0|0|1|1|1|0|0|0|56.2647886|44.0235428|0
venue_68e7d6ddda1bce00c94e3e93|cum-68e7d6ddda1bce00c94e3e93|ЦУМ|MEETING_POINT|нижнии-новгород|Нижний Новгород|1|1|0|1|1|1|1|0|0|1|56.3202609|43.9464523|22
venue_6926b6740cca0782c74b78f7|гкц-современник-6926b6740cca0782c74b78f7|ГКЦ "Современник"|MEETING_POINT|новоалтаиск|Новоалтайск|1|1|0|0|1|1|1|0|0|0|53.3914241|83.938786|95
venue_6a3112408e6c2b97b1810fdc|актион-новосибирск-мега-6a3112408e6c2b97b1810fdc|АКТИОН Новосибирск Мега|MEETING_POINT|новосибирск|Новосибирск|0|0|0|0|1|1|1|0|0|0|54.9645435|82.93757459999999|0
venue_684fe5f5dd35c51d2faf4a82|krysha-gastrokorta-684fe5f5dd35c51d2faf4a82|Крыша ГАСТРОКОРТА|MEETING_POINT|новосибирск|Новосибирск|0|0|0|0|1|1|1|0|0|1|55.0361819|82.91734699999999|0
venue_6a716caf0f1a15ccaae5192c|лаки-леик-6a716caf0f1a15ccaae5192c|Лаки лейк|MEETING_POINT|новосибирск|Новосибирск|0|0|0|0|1|1|1|0|0|0|55.24272642500118|83.03947448730469|0
venue_65af85e7dd9f0e3d067b2da3|умная-школа-65af85e7dd9f0e3d067b2da3|Умная школа|MEETING_POINT|новосибирск|Новосибирск|0|0|0|0|1|1|1|0|0|0|55.026521|82.952496|0
venue_6ab8e3895889e57e74ddda5f|цирк-шапито-маска-6ab8e3895889e57e74ddda5f|Цирк Шапито Маска|MEETING_POINT|новосибирск|Новосибирск|1|1|0|0|1|1|1|0|0|0|54.9832693|82.8963831|0
venue_6a6030bac8b4c467e5fd9061|цирк-шапито-маска-на-пересечении-ул-печатников-и-ул-часовои-6a6030bac8b4c467e5fd9061|Цирк шапито "Маска", на пересечении ул. Печатников и ул. Часовой|MEETING_POINT|новосибирск|Новосибирск|0|0|0|0|1|1|1|0|0|0|54.8650848|82.97581770000001|0
venue_6a800364f09d7ba4af342fbf|цирк-шапито-чудеса-манежа-у-центрального-рынка-со-стороны-стоянки-6a800364f09d7ba4af342fbf|Цирк шапито "Чудеса манежа" у Центрального рынка (со стороны стоянки)|MEETING_POINT|нурлат|Нурлат|0|0|0|0|1|1|1|0|0|0|54.4332885|50.8034055|0
venue_6a68f66e64bc7b3f91c9ce72|цирк-шапито-скиф-6a68f66e64bc7b3f91c9ce72|Цирк шапито «Скиф»|MEETING_POINT|нягань|Нягань|0|0|0|0|1|1|1|0|0|0|62.1483521|65.4350145|0
venue_6a79cd426d6e82c9e1aa384c|гуляи-город-6a79cd426d6e82c9e1aa384c|"Гуляй-город"|MEETING_POINT|омск|Омск|0|0|0|0|1|1|1|0|0|0|55.027250004788215|73.0614081076148|94
venue_5c3660143a60af000c0ff597|gcnt-dvorec-im-malunceva-5c3660143a60af000c0ff597|ГЦНТ Дворец им. Малунцева|MEETING_POINT|омск|Омск|1|1|0|1|1|1|1|0|0|1|55.02986077386456|73.27787518501282|0
venue_6aa3d16c876be4ba5fa600b1|пространство-реквизит-6aa3d16c876be4ba5fa600b1|Пространство "Реквизит"|MEETING_POINT|омск|Омск|0|0|0|0|1|1|1|0|0|0|55.027984|73.265075|0
venue_614b4da1a5ea9e968b02b51d|long-way-bar-614b4da1a5ea9e968b02b51d|Long Way Bar|MEETING_POINT|оренбург|Оренбург|0|0|1|1|1|1|1|0|0|1|51.7645212|55.1052957|160
venue_5c46dcc668dcd1000cb4a237|ледовыи-дворец-звездныи-5c46dcc668dcd1000cb4a237|Ледовый дворец "Звездный"|MEETING_POINT|оренбург|Оренбург|1|1|0|0|1|1|1|0|0|0|51.78913001113174|55.099782494596184|0
venue_63cebd55701eabb244ea1646|на-борту-лаинера-63cebd55701eabb244ea1646|НА БОРТУ ЛАЙНЕРА|MEETING_POINT|оренбург|Оренбург|1|1|0|0|1|1|1|0|0|0|51.817432|55.1735323|0
venue_6a8863672084498c8e81f20d|цирк-шапито-чудеса-манежа-6a8863672084498c8e81f20d|Цирк шапито "Чудеса Манежа"|MEETING_POINT|оренбург|Оренбург|1|1|0|0|1|1|1|0|0|0|51.81318160000001|55.1825529|0
venue_5b1fa99e515e35001e2d20d8|голубая-лагуна-5b1fa99e515e35001e2d20d8|Голубая Лагуна|MEETING_POINT|паратунка|Паратунка|0|0|0|0|1|1|1|0|0|0|52.998876269949726|158.2263422012329|10
venue_5c4732dc58de0d000b88eb9f|автопарковка-трк-коллаж-5c4732dc58de0d000b88eb9f|Автопарковка ТРК "Коллаж"|MEETING_POINT|пенза|Пенза|0|0|0|0|1|1|1|0|0|0|53.2204748|44.951683600000024|0
venue_6a6b3ed4d53e40e2eeb1d717|остров-спутник-6a6b3ed4d53e40e2eeb1d717|Остров Спутник|MEETING_POINT|пенза|Пенза|0|0|0|0|1|1|1|0|0|0|53.14175089007391|45.05587577819824|0
venue_6a4ea3a7a6782beaf5d15c69|black-bar-6a4ea3a7a6782beaf5d15c69|Black Bar|MEETING_POINT|пермь|Пермь|1|1|0|0|1|1|1|0|0|0|58.0107461|56.2495118|0
venue_69fae8c33b5c92c46396ad45|sciencely-пгниу-69fae8c33b5c92c46396ad45|Sciencely ПГНИУ|MEETING_POINT|пермь|Пермь|1|1|0|0|1|1|1|0|0|0|58.0083723|56.1878097|0
venue_6a05ec8bb4f0c4ae9990d48b|amaks-premer-otel-6a05ec8bb4f0c4ae9990d48b|АМАКС Премьер-отель|MEETING_POINT|пермь|Пермь|1|1|0|1|1|1|1|0|0|1|58.015726|56.23641689999999|0
venue_69f04d546ab14033e4823efe|parma-vallei-69f04d546ab14033e4823efe|Парма Валлей|MEETING_POINT|пермь|Пермь|0|0|0|1|1|1|1|0|0|1|58.6280686|55.7548044|0
venue_6613fe34576e993d444dc8e2|studiya-svechei-ogonek-6613fe34576e993d444dc8e2|Студия свечей OGONEK|MEETING_POINT|пермь|Пермь|1|1|0|1|1|1|1|0|0|1|58.0131953|56.2345519|0
venue_582c46d4d352860016126adf|centr-gorodskoi-kultury-582c46d4d352860016126adf|Центр Городской Культуры|MEETING_POINT|пермь|Пермь|0|0|0|1|1|1|1|0|0|1|58.0090527143251|56.25194191932678|0
venue_674990df99d9c94f7bf7b1c1|cirk-fantastic-674990df99d9c94f7bf7b1c1|Цирк «FANTASTIC»|MEETING_POINT|подольск|Подольск|0|0|0|1|1|1|1|0|0|1|55.4277254|37.5588934|0
venue_6648b45816b2d6509203df76|двор-на-анисимова-6648b45816b2d6509203df76|Двор на Анисимова|MEETING_POINT|пятигорск|Пятигорск|0|0|0|0|1|1|1|0|0|0|44.038453816126946|43.07755132627139|0
venue_6a998de41b891a0c26caf607|цирк-circusland-6a998de41b891a0c26caf607|Цирк "Circusland"|MEETING_POINT|пятигорск|Пятигорск|1|1|0|0|1|1|1|0|0|0|44.0512101|43.0342651|0
venue_6780ddc698817c87f5ef0efc|obedinenie-gzhel-6780ddc698817c87f5ef0efc|Объединение Гжель|MEETING_POINT|раменское|Раменское|1|1|0|1|1|1|1|0|0|1|55.58615533668333|38.507723808288574|12
venue_68ff65d3bf0757f15bb5470e|цирк-шапито-fantastic-68ff65d3bf0757f15bb5470e|Цирк шапито "FantastiC"|MEETING_POINT|раменское|Раменское|1|1|0|0|1|1|1|0|0|0|55.5587781|38.2521559|0
venue_65311ed27ab55ebf3ecffcbb|амакс-конгресс-отель-65311ed27ab55ebf3ecffcbb|Амакс. Конгресс отель|MEETING_POINT|ростов-на-дону|Ростов-на-Дону|0|0|0|0|1|1|1|0|0|0|47.2357137|39.701505|0
venue_6a5de0c2a19598748ab1a67e|пц-победа-6a5de0c2a19598748ab1a67e|ПЦ Победа|MEETING_POINT|ростов-на-дону|Ростов-на-Дону|1|1|0|0|1|1|1|0|0|0|47.22175232321486|39.714323580265045|0
venue_6914686275a7994daf2fadcb|парк-чудес-галилео-6914686275a7994daf2fadcb|«Парк чудес Галилео»|MEETING_POINT|самара|Самара|1|1|0|0|1|1|1|0|0|0|53.20219606157689|50.14042179422892|67
venue_6ab2b8af5ec793d5472af4e9|потрачено-6ab2b8af5ec793d5472af4e9|Потрачено|MEETING_POINT|самара|Самара|1|1|0|0|1|1|1|0|0|0|53.2142697|50.12765109999999|0
venue_680941341b9f07a13a2daf65|sklon-680941341b9f07a13a2daf65|Склон|MEETING_POINT|самара|Самара|0|0|0|1|1|1|1|0|0|1|53.4377472|50.2031972|0
venue_6a1c6766e38ce7a56780cc1a|три-медведя-6a1c6766e38ce7a56780cc1a|Три медведя|MEETING_POINT|самара|Самара|0|0|0|0|1|1|1|0|0|0|53.229104711731715|50.20275539306676|0
venue_677a8d8bbd383765c67fb13f|art-studio-8-677a8d8bbd383765c67fb13f|Art Studio 8|MEETING_POINT|санкт-петербург|Санкт-Петербург|0|0|0|1|1|1|1|0|0|1|59.920602023474174|30.352652786320117|23
venue_66a616f5aeab507e0f84a9c9|base-66a616f5aeab507e0f84a9c9|BASE|MEETING_POINT|санкт-петербург|Санкт-Петербург|0|0|0|1|1|1|1|0|0|1|59.971308|30.386526|0
venue_691ca652237a0cb9f621b719|cookforia-dybenko-691ca652237a0cb9f621b719|Cookforia Дыбенко|MEETING_POINT|санкт-петербург|Санкт-Петербург|1|1|0|1|1|1|1|0|0|1|59.9017777|30.4558021|0
venue_692067ab4ff3bc5b8466ea44|cookforia-комендантскии-проспект-692067ab4ff3bc5b8466ea44|Cookforia Комендантский проспект|MEETING_POINT|санкт-петербург|Санкт-Петербург|1|1|0|0|1|1|1|0|0|0|60.00847442864766|30.250762845920843|0
venue_691c9e4c88983941ca237df1|cookforia-moskovskii-691c9e4c88983941ca237df1|Cookforia Московский|MEETING_POINT|санкт-петербург|Санкт-Петербург|1|1|1|1|1|1|1|0|0|1|59.85503730000001|30.31914849999999|183
venue_6a33f3839fa9118f762cb1b2|fortnight-6a33f3839fa9118f762cb1b2|FORTNIGHT|MEETING_POINT|санкт-петербург|Санкт-Петербург|0|0|0|1|1|1|1|0|0|1|60.040447652776706|29.875345423289883|0
venue_6421656779c406dfb1de088d|goose-goose-6421656779c406dfb1de088d|Goose Goose|MEETING_POINT|санкт-петербург|Санкт-Петербург|1|1|0|1|1|1|1|0|0|1|59.93756130000001|30.322662|0
venue_697e32d424b6621a748ce7cc|lounge-bar-1-2-of-you-liteinyi-697e32d424b6621a748ce7cc|Lounge Bar 1/2 of You ЛИТЕЙНЫЙ|MEETING_POINT|санкт-петербург|Санкт-Петербург|0|0|0|1|1|1|1|0|0|1|59.93375399999999|30.3462639|0
venue_63f3735362e68aafeefe06aa|monterey-bar-63f3735362e68aafeefe06aa|Monterey bar|MEETING_POINT|санкт-петербург|Санкт-Петербург|0|0|0|0|1|1|1|0|0|0|59.964283704751224|30.309327053001958|6
venue_69a02371663d88a4bf4d3e5c|playloft-gaga-69a02371663d88a4bf4d3e5c|Playloft GaGa|MEETING_POINT|санкт-петербург|Санкт-Петербург|1|1|0|0|1|1|1|0|0|0|59.935383|30.3112687|0
venue_6a45707396dfdf168eeefa17|savana-6a45707396dfdf168eeefa17|SAVANA|MEETING_POINT|санкт-петербург|Санкт-Петербург|0|0|0|0|1|1|1|0|0|0|59.9811087|30.21003589999999|0
venue_6a45707adc665c7c2fbed4c4|savana|SAVANA|MEETING_POINT|санкт-петербург|Санкт-Петербург|0|0|0|1|1|1|1|0|0|1|59.9811087|30.21003589999999|0
venue_6900835436773e0842bb3626|парк-чудес-галилео-6900835436773e0842bb3626|«Парк чудес Галилео»|MEETING_POINT|санкт-петербург|Санкт-Петербург|1|1|1|0|1|1|1|0|0|0|59.93765240183946|30.434317588806152|120
venue_676197419d5702555711749d|avtobus-676197419d5702555711749d|Автобус|MEETING_POINT|санкт-петербург|Санкт-Петербург|0|0|0|1|1|1|1|0|0|1|59.9335022|30.3309027|34
venue_66fe7772aa57a3bbeb3ee025|антикварныи-салон-alter-ego-home-66fe7772aa57a3bbeb3ee025|Антикварный салон Alter Ego Home|MEETING_POINT|санкт-петербург|Санкт-Петербург|0|0|0|0|1|1|1|0|0|0|59.9229156|30.2486321|42
venue_6a3d0e5a429a45b1e904beb7|аристократка-6a3d0e5a429a45b1e904beb7|Аристократка|MEETING_POINT|санкт-петербург|Санкт-Петербург|0|0|0|0|1|1|1|0|0|0|59.960204|30.296842|0
venue_6a119c53fb4d6d07bc864d08|винотека-6a119c53fb4d6d07bc864d08|Винотека|MEETING_POINT|санкт-петербург|Санкт-Петербург|1|1|0|0|1|1|1|0|0|0|59.9616446|30.3043795|0
venue_68643c126b9239f3d8f7c668|всмоле-68643c126b9239f3d8f7c668|Всмоле|MEETING_POINT|санкт-петербург|Санкт-Петербург|1|1|0|0|1|1|1|0|0|0|59.930418|30.3599759|37
venue_66ec2046f741cbf2b998a80c|гороховая-47-66ec2046f741cbf2b998a80c|Гороховая, 47|MEETING_POINT|санкт-петербург|Санкт-Петербург|0|0|0|0|1|1|1|0|0|0|59.92754120000001|30.3232249|32
venue_6925a2d216fce4ad8aa89c83|гостиная-на-казанскои-6925a2d216fce4ad8aa89c83|Гостиная на Казанской|MEETING_POINT|санкт-петербург|Санкт-Петербург|0|0|0|0|1|1|1|0|0|0|59.9306519|30.3181358|0
venue_691c24a665fe7fa4103dd158|gostinica-oktyabrskaya-691c24a665fe7fa4103dd158|Гостиница "Октябрьская"|MEETING_POINT|санкт-петербург|Санкт-Петербург|1|1|0|1|1|1|1|0|0|1|59.93225155792278|30.362843750740222|0
venue_67c879e2c7cd0013e01b3e4f|dacan-interernaya-ekskursiya-67c879e2c7cd0013e01b3e4f|Дацан интерьерная экскурсия|MEETING_POINT|санкт-петербург|Санкт-Петербург|0|0|0|1|1|1|1|0|0|1|59.9310584|30.3609097|0
venue_6a42d610146ea0234eb2397b|dacha-gausvald-6a42d610146ea0234eb2397b|Дача Гаусвальд|MEETING_POINT|санкт-петербург|Санкт-Петербург|0|0|0|1|1|1|1|0|0|1|59.97778899999999|30.283558|14
venue_622c689899b9ee6f0a0249c5|дворец-великого-князя-владимира-622c689899b9ee6f0a0249c5|Дворец Великого князя Владимира|MEETING_POINT|санкт-петербург|Санкт-Петербург|1|1|0|0|1|1|1|0|0|0|59.9434229|30.3196653|0
venue_69f44a7ef6431c02b00c8419|dvorec-kvarengi-freedom-69f44a7ef6431c02b00c8419|Дворец Кваренги (Freedom)|MEETING_POINT|санкт-петербург|Санкт-Петербург|0|0|0|1|1|1|1|0|0|1|59.93195919999999|30.3208313|0
venue_62b62beb09fee5170a384a2f|дворцовая-62b62beb09fee5170a384a2f|Дворцовая|MEETING_POINT|санкт-петербург|Санкт-Петербург|1|1|0|0|1|1|1|0|0|0|59.9382398|30.3148729|0
venue_680b3c000e406bbeab1101d9|дом-мурузи-680b3c000e406bbeab1101d9|Дом Мурузи|MEETING_POINT|санкт-петербург|Санкт-Петербург|1|1|0|0|1|1|1|0|0|0|59.94274960000001|30.3489975|32
venue_5654ee5d9cb53824ad74bec4|dom-oficerov-zapadnogo-voennogo-okruga-5654ee5d9cb53824ad74bec4|Дом офицеров Западного военного округа|MEETING_POINT|санкт-петербург|Санкт-Петербург|1|1|0|1|1|1|1|0|0|1|59.943628|30.348993999999948|0
venue_653d1e794a52fdf0ef772f84|zoocentr-panterik-spb-653d1e794a52fdf0ef772f84|Зооцентр Пантерик СПб|MEETING_POINT|санкт-петербург|Санкт-Петербург|1|1|0|1|1|1|1|0|0|1|59.95355009451504|30.292996507595262|30
venue_6aa3c7cc4fcc61d56e4b1f77|ильмарин-6aa3c7cc4fcc61d56e4b1f77|Ильмарин|MEETING_POINT|санкт-петербург|Санкт-Петербург|1|1|0|0|1|1|1|0|0|0|59.9277357|30.3381642|0
venue_6a48c1c05af680046ef4fe0b|институт-физиологии-имени-и-п-павлова-6a48c1c05af680046ef4fe0b|Институт физиологии имени И.П. Павлова|MEETING_POINT|санкт-петербург|Санкт-Петербург|1|1|0|0|1|1|1|0|0|0|59.944700343018496|30.299659967422485|0
venue_5a8d453b519f7b0018287ab1|kc-petrokongress-5a8d453b519f7b0018287ab1|КЦ "Петроконгресс"|MEETING_POINT|санкт-петербург|Санкт-Петербург|1|1|0|1|1|1|1|0|0|1|59.96379719999999|30.289478299999928|0
venue_6692a9d04e099de07d1ebf14|креативныи-кластер-атс-6692a9d04e099de07d1ebf14|Креативный кластер – АТС|MEETING_POINT|санкт-петербург|Санкт-Петербург|0|0|0|0|1|1|1|0|0|0|59.9385182|30.3515436|23
venue_6a5e9b2fc028bdf38f62c70f|кузнечныи-переулок-2-4-лит-б-начало-от-baggins-coffee-6a5e9b2fc028bdf38f62c70f|Кузнечный переулок, 2-4 лит Б (начало от Baggins Coffee)|MEETING_POINT|санкт-петербург|Санкт-Петербург|0|0|0|0|1|1|1|0|0|0|59.9277902|30.349318|0
venue_68f263f67107c8331f9ccb09|lenfilm-ekskursiya-68f263f67107c8331f9ccb09|Ленфильм экскурсия|MEETING_POINT|санкт-петербург|Санкт-Петербург|1|1|0|1|1|1|1|0|0|1|59.957591|30.3145248|34
venue_6a8313553f4f1f45dd21b609|летнии-сад-6a8313553f4f1f45dd21b609|Летний сад|MEETING_POINT|санкт-петербург|Санкт-Петербург|0|0|0|0|1|1|1|0|0|0|59.946865590379424|30.333329359989555|0
venue_6883cd4b0998f839ea55aec7|лиговскии-пр-10-6883cd4b0998f839ea55aec7|Лиговский пр. 10|MEETING_POINT|санкт-петербург|Санкт-Петербург|0|0|0|0|1|1|1|0|0|0|59.93145999999999|30.35651399999999|0
venue_6a6b48a1c82b2989f588d91d|лиговскии-пр-10б-6a6b48a1c82b2989f588d91d|Лиговский пр., 10б|MEETING_POINT|санкт-петербург|Санкт-Петербург|0|0|0|0|1|1|1|0|0|0|59.93274109999999|30.3626451|43
venue_6646484b4755d92396dfdbba|лиговскии-проспект-10-гостиница-октябрьская-6646484b4755d92396dfdbba|Лиговский проспект 10 .Гостиница "Октябрьская"|MEETING_POINT|санкт-петербург|Санкт-Петербург|1|1|0|0|1|1|1|0|0|0|59.93267489999999|30.3627473|0
venue_69d291300b0274b3495100ff|лиговскии-проспект-10-гостиница-октябрьская-у-главного-входа-в-гостиницу-69d291300b0274b3495100ff|Лиговский проспект 10 .Гостиница "Октябрьская", у главного входа в гостиницу|MEETING_POINT|санкт-петербург|Санкт-Петербург|1|1|0|0|1|1|1|0|0|0|59.93267489999999|30.3627473|0
venue_6a63ae19e295fefe2716784e|ломоносова-14-6a63ae19e295fefe2716784e|Ломоносова 14|MEETING_POINT|санкт-петербург|Санкт-Петербург|1|1|0|0|1|1|1|0|0|0|59.9277357|30.3381642|0
venue_6a798d34afec3e0b76ac90d4|место-встречи-на-выходе-из-метро-шушары-6a798d34afec3e0b76ac90d4|Место встречи: на выходе из метро Шушары|MEETING_POINT|санкт-петербург|Санкт-Петербург|0|0|0|0|1|1|1|0|0|0|59.81981946130451|30.431442260742188|0
venue_66d863d7af92fd722510fca1|мираж-на-большом-66d863d7af92fd722510fca1|Мираж на Большом|MEETING_POINT|санкт-петербург|Санкт-Петербург|0|0|0|0|1|1|1|0|0|0|59.9593611|30.3018594|0
venue_684962096add75c763faf618|муздвор-684962096add75c763faf618|МузДвор|MEETING_POINT|санкт-петербург|Санкт-Петербург|0|0|0|0|1|1|1|0|0|0|59.8765181|30.35991799999999|0
venue_68b9fb59acc0f0f0bbf82ae9|невскии-проспект-д-72-около-кондитерскои-ванлав-68b9fb59acc0f0f0bbf82ae9|Невский проспект д.72 (Около кондитерской "Ванлав")|MEETING_POINT|санкт-петербург|Санкт-Петербург|1|1|0|0|1|1|1|0|0|0|59.9331623|30.3460275|51
venue_64e7916ebfa192ec54efea0f|osobnyak-brusnicynyh-64e7916ebfa192ec54efea0f|Особняк Брусницыных|MEETING_POINT|санкт-петербург|Санкт-Петербург|1|1|0|1|1|1|1|0|0|1|59.92281819999999|30.2500908|0
venue_6abed6b0d5ef002596d0da1b|остров-6abed6b0d5ef002596d0da1b|Остров|MEETING_POINT|санкт-петербург|Санкт-Петербург|1|1|0|0|1|1|1|0|0|0|59.92252869999999|30.2500897|0
venue_683d95fb11c0886c72682b6f|отель-коринтия-683d95fb11c0886c72682b6f|Отель Коринтия|MEETING_POINT|санкт-петербург|Санкт-Петербург|0|0|0|0|1|1|1|0|0|0|59.93200659999999|30.3508545|0
venue_600921e967208b1a5b4b5a67|pamyatnik-dostoevskomu-st-metro-vladimirskaya-600921e967208b1a5b4b5a67|Памятник Достоевскому, ст. метро Владимирская|MEETING_POINT|санкт-петербург|Санкт-Петербург|1|1|0|1|1|1|1|0|0|1|59.927496|30.3470451|69
venue_69808f22665f508657e61e5c|панинаро-69808f22665f508657e61e5c|Панинаро|MEETING_POINT|санкт-петербург|Санкт-Петербург|0|0|0|0|1|1|1|0|0|0|59.9310584|30.3609097|0
venue_6aba490670d7da2c03513567|петропавловская-крепость-6aba490670d7da2c03513567|Петропавловская крепость|MEETING_POINT|санкт-петербург|Санкт-Петербург|1|1|0|0|1|1|1|0|0|0|59.9500028|30.3145055|24
venue_69e771f91af11ec6bef13fde|развлекательныи-центр-ванька-град-69e771f91af11ec6bef13fde|Развлекательный центр "Ванька-град"|MEETING_POINT|санкт-петербург|Санкт-Петербург|0|0|0|0|1|1|1|0|0|0|59.9235842619822|30.48207527234381|0
venue_64aeaff3c346f98f2bd814d6|rossiiskaya-nacionalnaya-biblioteka-64aeaff3c346f98f2bd814d6|Российская национальная библиотека|MEETING_POINT|санкт-петербург|Санкт-Петербург|1|1|0|1|1|1|1|0|0|1|59.86546809999999|30.3173039|0
venue_5f64f74a25c3d5b5cd8b565a|rotonda-5f64f74a25c3d5b5cd8b565a|Ротонда|MEETING_POINT|санкт-петербург|Санкт-Петербург|0|0|1|1|1|1|1|0|0|1|59.969919|30.2492039|131
venue_697afe5f689546c6a8aa6af3|роял-нева-697afe5f689546c6a8aa6af3|Роял Нева|MEETING_POINT|санкт-петербург|Санкт-Петербург|1|1|0|0|1|1|1|0|0|0|59.940801724251614|30.325293838977814|0
venue_6a210c7eb1e465813a42aad6|санкт-петербург-инженерная-ул-4-6a210c7eb1e465813a42aad6|Санкт-Петербург, Инженерная ул., 4|MEETING_POINT|санкт-петербург|Санкт-Петербург|1|1|0|0|1|1|1|0|0|0|59.9386219|30.3320736|34
venue_6a42cfeda0e107c8efd626e3|sennaya-ploschad-6a42cfeda0e107c8efd626e3|Сенная площадь|MEETING_POINT|санкт-петербург|Санкт-Петербург|0|0|0|1|1|1|1|0|0|1|59.927094|30.3204373|17
venue_69c562f6d35e277940e548b3|sennaya-ploschad-sadovaya-ul-d-37-69c562f6d35e277940e548b3|Сенная площадь (Садовая ул. д. 37)|MEETING_POINT|санкт-петербург|Санкт-Петербург|0|0|0|1|1|1|1|0|0|1|59.9276304|30.3193442|34
venue_6a2d183e6d10398e498f1025|spektakl-masha-tancui-6a2d183e6d10398e498f1025|Спектакль "Маша, танцуй!"|MEETING_POINT|санкт-петербург|Санкт-Петербург|0|0|1|1|1|1|1|0|0|1|59.941900334047574|30.330069858944324|138
venue_6862e1f37e11f8a47ad381ea|st-metro-petrogradskaya-mezhdu-rostiks-i-vkusno-i-tochka-6862e1f37e11f8a47ad381ea|Ст. метро Петроградская, между Ростикс и Вкусно и Точка|MEETING_POINT|санкт-петербург|Санкт-Петербург|1|1|0|1|1|1|1|0|0|1|59.96719119999999|30.3112627|55
venue_6a5102e250a3e0710f487581|студия-керамики-керамиста-6a5102e250a3e0710f487581|Студия керамики Керамиста|MEETING_POINT|санкт-петербург|Санкт-Петербург|1|1|1|0|1|1|1|0|0|0|59.9236428|30.3509855|199
venue_6a5754c535ebda2970a74b64|таврическии-6a5754c535ebda2970a74b64|Таврический|MEETING_POINT|санкт-петербург|Санкт-Петербург|0|0|0|0|1|1|1|0|0|0|59.9460112986366|30.373122768787873|0
venue_682b9e43c744fb088f5c7a21|tochka-sbora-682b9e43c744fb088f5c7a21|Точка сбора|MEETING_POINT|санкт-петербург|Санкт-Петербург|0|0|0|1|1|1|1|0|0|1|59.9319496|30.3649736|32
venue_6a426c45c14f2ecf93737875|troickaya-ploschad-chasovnya-svyatoi-troicy-6a426c45c14f2ecf93737875|Троицкая площадь, часовня Святой троицы|MEETING_POINT|санкт-петербург|Санкт-Петербург|0|0|0|1|1|1|1|0|0|1|59.95173842498619|30.32577943845612|88
venue_661692eed1f9f1a4c5cc5d9a|у-грифонов-банковского-моста-661692eed1f9f1a4c5cc5d9a|У грифонов  Банковского моста|MEETING_POINT|санкт-петербург|Санкт-Петербург|1|1|0|0|1|1|1|0|0|0|59.932136340736314|30.325120945067543|0
venue_643522dae305f22ce428fc97|фрегат-благодать-643522dae305f22ce428fc97|Фрегат “Благодать”|MEETING_POINT|санкт-петербург|Санкт-Петербург|1|1|0|0|1|1|1|0|0|0|59.9516688886403|30.328145027160645|0
venue_6a620ce7aa5ba4fc3189d6b9|художественная-студия-артиста-6a620ce7aa5ba4fc3189d6b9|Художественная студия Артиста|MEETING_POINT|санкт-петербург|Санкт-Петербург|1|1|0|0|1|1|1|0|0|0|59.9450132|30.2887334|0
venue_6a315af4c86b2989f93d19d7|ekskursiya-6a315af4c86b2989f93d19d7|Экскурсия|MEETING_POINT|санкт-петербург|Санкт-Петербург|0|0|0|1|1|1|1|0|0|1|59.92254610000001|30.3346949|0
venue_6a50bae601a10f8f5845017c|яхта-6a50bae601a10f8f5845017c|ЯХТА|MEETING_POINT|санкт-петербург|Санкт-Петербург|0|0|0|0|1|1|1|0|0|0|59.95767499999999|30.2363192|33
venue_686d0fc5b7b57b485dde5c1c|pamyatnik-dostoevskomu-686d0fc5b7b57b485dde5c1c|памятник Достоевскому|MEETING_POINT|санкт-петербург|Санкт-Петербург|1|1|0|1|1|1|1|0|0|1|59.92695570000001|30.346837|52
venue_68089f88ac1dbb88c1611aed|pamyatnik-dostoevskomu-ekskursiya-68089f88ac1dbb88c1611aed|памятник Достоевскому экскурсия|MEETING_POINT|санкт-петербург|Санкт-Петербург|1|1|0|1|1|1|1|0|0|1|59.92747139999999|30.3482071|93
venue_6a7907892a408f415def23b6|ул-ломоносова-д-12-у-заведения-double-bubble-tea-6a7907892a408f415def23b6|ул. ЛОМОНОСОВА, д.12, у заведения Double Bubble Tea|MEETING_POINT|санкт-петербург|Санкт-Петербург|1|1|0|0|1|1|1|0|0|0|59.9281423|30.3374531|0
venue_6a7cedf5e5cc91ca173acc54|ул-кленовая-территория-михаиловского-замка-6a7cedf5e5cc91ca173acc54|ул.Кленовая, территория Михайловского замка|MEETING_POINT|санкт-петербург|Санкт-Петербург|1|1|0|0|1|1|1|0|0|0|59.93992293925984|30.338041717645407|43
venue_6a79eed0ac08e5dace3d95fa|чертики-6a79eed0ac08e5dace3d95fa|чертики|MEETING_POINT|санкт-петербург|Санкт-Петербург|0|0|0|0|1|1|1|0|0|0|59.93344219999999|30.331182|17
venue_6a0151e4db7837c27ba3d18f|tc-heppi-moll-6a0151e4db7837c27ba3d18f|ТЦ "Хеппи Молл"|MEETING_POINT|саратов|Саратов|0|0|0|1|1|1|1|0|0|1|51.6219313|45.9737316|0
venue_6aa298ee829352423d4317ff|цирк-шапито-звезда-6aa298ee829352423d4317ff|Цирк-Шапито «Звезда»|MEETING_POINT|семенов|Семёнов|0|0|0|0|1|1|1|0|0|0|56.795348630987064|44.50870893542258|0
venue_6a8bf8e3bfa9de557ddcf0f2|цирк-шапито-скиф-6a8bf8e3bfa9de557ddcf0f2|Цирк шапито "Скиф"|MEETING_POINT|серов|Серов|0|0|0|0|1|1|1|0|0|0|59.6111349|60.5760252|0
venue_69f3af63d50a32ab92e5d649|депо-69f3af63d50a32ab92e5d649|ДЕПО|MEETING_POINT|симферополь|Симферополь|1|1|0|0|1|1|1|0|0|0|44.9472883|34.1257965|0
venue_6a60e3f942b79d662559c4ea|сортавала-площадь-чкалова-6a60e3f942b79d662559c4ea|Сортавала, площадь Чкалова|MEETING_POINT|сортавала|Сортавала|0|0|0|0|1|1|1|0|0|0|61.701659884611566|30.6902698782022|0
venue_68375b08fdb37268d98fc8b7|газпром-альпика-68375b08fdb37268d98fc8b7|Газпром Альпика|MEETING_POINT|сочи|Сочи|0|0|0|0|1|1|1|0|0|0|43.67602760545787|40.283528566360474|21
venue_6a843a7cd2135ecd5edb88c4|над-парусами-6a843a7cd2135ecd5edb88c4|Над Парусами|MEETING_POINT|сочи|Сочи|0|0|0|0|1|1|1|0|0|0|43.5680122|39.7332496|0
venue_6a743c53fff3b071c12c9735|сиенна-6a743c53fff3b071c12c9735|Сиенна|MEETING_POINT|сыктывкар|Сыктывкар|0|0|0|0|1|1|1|0|0|0|61.666614|50.832251|37
venue_6a68d987e4eeb40d2d584071|парковка-тц-июнь-6a68d987e4eeb40d2d584071|парковка ТЦ "Июнь"|MEETING_POINT|сыктывкар|Сыктывкар|0|0|0|0|1|1|1|0|0|0|61.6900902|50.8028336|0
venue_6526fe993a60928c3a915a0e|д-тутань-6526fe993a60928c3a915a0e|д. Тутань|MEETING_POINT|тверь|Тверь|1|1|0|0|1|1|1|0|0|0|56.8707252|35.4105591|0
venue_6889cf3833fb774f51f02d28|abalak-6889cf3833fb774f51f02d28|Абалак|MEETING_POINT|тобольск|Тобольск|0|0|0|0|1|1|1|0|0|1|58.12597394047053|68.5916805267334|0
venue_6a5f75697f6ca5f7c4e24f21|актион-областнои-томскии-рынок-6a5f75697f6ca5f7c4e24f21|АКТИОН областной томский рынок|MEETING_POINT|томск|Томск|0|0|0|0|1|1|1|0|0|0|56.4755495|85.00339869999999|0
venue_553619b59cb538077d1dc5e5|likerka-loft-ликерка-лофт-553619b59cb538077d1dc5e5|Likerka Loft - Ликёрка Лофт|MEETING_POINT|тула|Тула|0|0|1|0|1|1|1|0|0|0|54.175905847183614|37.599313259124756|131
venue_6a8a135571767e62ab3804ef|территория-картхолл-6a8a135571767e62ab3804ef|Территория "Картхолл"|MEETING_POINT|ульяновск|Ульяновск|0|0|0|0|1|1|1|0|0|0|54.2857666|48.27516929999999|0
venue_6ab4d9a0f86c15febc4896c4|цирк-шапито-звезда-в-г-урень-6ab4d9a0f86c15febc4896c4|Цирк-шапито "Звезда!" в г. Урень|MEETING_POINT|урень|Урень|1|1|0|0|1|1|1|0|0|0|57.4759877|45.7865905|0
venue_5e5a5c03535e078a31defb5b|art-kvadrat-5e5a5c03535e078a31defb5b|Арт-квадрат|MEETING_POINT|уфа|Уфа|0|0|0|1|1|1|1|0|0|1|54.728628|55.946859|0
venue_6a142150b6e6076d617b987c|baza-otdyha-tashly-6a142150b6e6076d617b987c|База отдыха "Ташлы"|MEETING_POINT|уфа|Уфа|0|0|1|1|1|1|1|0|0|1|54.59950869999999|56.1834324|730
venue_6050a29ab5dbc5a2904b47ed|gostinica-prezident-otel-6050a29ab5dbc5a2904b47ed|Гостиница «Президент отель»|MEETING_POINT|уфа|Уфа|1|1|0|1|1|1|1|0|0|1|54.692501|56.00416689999999|0
venue_69e60c58c33272435231f66f|cirk-maksimus-69e60c58c33272435231f66f|Цирк Максимус|MEETING_POINT|уфа|Уфа|0|0|0|1|1|1|1|0|0|1|54.7818581|56.07288570000001|0
venue_6a15ad4554c32959d2727a5d|dom-kultury-dlya-molodezhi-i-naseleniya-6a15ad4554c32959d2727a5d|Дом культуры для молодежи и населения|MEETING_POINT|хабаровск|Хабаровск|1|1|0|1|1|1|1|0|0|1|48.4098125|135.1133541|0
venue_6a68f60a1df8d901af2d46ca|цирк-шапито-скиф-6a68f60a1df8d901af2d46ca|Цирк шапито «Скиф»|MEETING_POINT|ханты-мансииск|Ханты-Мансийск|0|0|0|0|1|1|1|0|0|0|61.00269309999999|68.9894485|0
venue_6a97f80cacf479c9fe95de13|маук-чановскии-рдк-6a97f80cacf479c9fe95de13|МАУК «Чановский РДК»|MEETING_POINT|чаны|Чаны|0|0|0|0|1|1|1|0|0|0|55.3080542|76.76384709999999|0
venue_6a4e404ceed1d12acffd0457|цирк-максимус-6a4e404ceed1d12acffd0457|Цирк Максимус|MEETING_POINT|чебоксары|Чебоксары|0|0|0|0|1|1|1|0|0|0|56.1458398|47.2104551|0
venue_54d9df539cb5382f9d9c8ddf|гранд-отель-видгоф-54d9df539cb5382f9d9c8ddf|Гранд Отель "Видгоф"|MEETING_POINT|челябинск|Челябинск|1|1|0|0|1|1|1|0|0|0|55.1616234|61.4346898|0
venue_698f0f0a50bfae850de6e02f|malahit-698f0f0a50bfae850de6e02f|Малахит|MEETING_POINT|челябинск|Челябинск|0|0|0|1|1|1|1|0|0|1|55.16717152771968|61.39513671398163|0
venue_6a06b73e6f8e9c633866e7f4|event-holl-markshtadt-6a06b73e6f8e9c633866e7f4|Эвент-Холл Маркштадт|MEETING_POINT|челябинск|Челябинск|1|1|0|1|1|1|1|0|0|1|55.1649904|61.39394369999999|0
venue_6a511767ded2feea08e404f6|шоу-каскадеров-парковка-торгового-центра-6a511767ded2feea08e404f6|Шоу каскадёров (парковка торгового центра)|MEETING_POINT|череповец|Череповец|0|0|0|0|1|1|1|0|0|0|59.1037568|37.9098373|0
venue_609a44a7def9ddd10220f528|cirk-shapito-fantastic-609a44a7def9ddd10220f528|Цирк шапито "FantastiC"|MEETING_POINT|чехов-московская-область|Чехов (Московская область)|0|0|0|1|1|1|1|0|0|1|55.1568|37.479862|0
venue_6a8a76e00d1d61f14413626c|приморскии-сафари-парк-6a8a76e00d1d61f14413626c|Приморский Сафари Парк|MEETING_POINT|шкотово|Шкотово|0|0|0|0|1|1|1|0|0|0|43.32467816302811|132.40362167358398|22
venue_63edf2f18389c57c5322903f|пивоварь-63edf2f18389c57c5322903f|Пивоварь|MEETING_POINT|ярославль|Ярославль|0|0|0|0|1|1|1|0|0|0|57.6229643|39.89038619999999|0
ven_ms_e5b4963fc0b1e351|arhangelsk-pamyatnik-petru-i|Памятник Петру I|MONUMENT|архангельск|Архангельск|0|0|1|1|1|1|1|1|1|1|64.535854|40.516542|371
ven_ms_0b7d9665149071e4|belgorod-pamyatnik-smotritel-dorog-pamyatnik-chestnomu-avtoinspektoru-grechihinu|Памятник «Смотритель дорог» (Памятник честному автоинспектору Гречихину)|MONUMENT|белгород|Белгород|0|0|1|1|1|1|1|1|1|1|50.591245|36.601245|420
ven_ms_3e52f386cdd96cc2|belgorod-pamyatnik-knyazyu-vladimiru-krestitelyu-rusi|Памятник князю Владимиру (Крестителю Руси)|MONUMENT|белгород|Белгород|0|0|1|1|1|1|1|1|1|1|50.576111|36.586944|420
ven_ms_e7aa2f79ac7a7c01|blagoveschensk-amurskaya-oblast-pamyatnik-n-n-murav-evu-amurskomu|Памятник Н. Н. Муравьеву-Амурскому|MONUMENT|благовещенск-амурская-область|Благовещенск (Амурская область)|0|0|1|1|1|1|1|1|1|1|50.256111|127.538542|418
ven_ms_c22dac1cd65ab65c|bryansk-memorial-nyy-kompleks-partizanskaya-polyana|Мемориальный комплекс «Партизанская поляна»|MONUMENT|брянск|Брянск|0|0|1|1|1|1|1|1|1|1|53.221245|34.594124|418
ven_ms_53798b50b26caf88|veliky-novgorod-pamyatnik-tysyacheletie-rossii|Памятник «Тысячелетие России»|MONUMENT|великии-новгород|Великий Новгород|0|0|1|1|1|1|1|1|1|1|58.521111|31.275278|338
ven_ms_ecb3d903175fad0d|vologda-pamyatnik-bukve-o|Памятник букве «О»|MONUMENT|вологда|Вологда|0|0|1|1|1|1|1|1|1|1|59.224854|39.884512|456
ven_ms_e3041bcffcdf3e3f|voronezh-pamyatnik-platonovu|Памятник А. Платонову|MONUMENT|воронеж|Воронеж|0|0|0|1|1|1|1|0|0|1|51.671403|39.21147|0
ven_ms_a16a3e7149167be8|voronezh-pamyatnik-belomu-bimu|Памятник Белому Биму|MONUMENT|воронеж|Воронеж|0|0|1|1|1|1|1|1|1|1|51.665942|39.205241|410
ven_ms_b6bd3cc438bc0e13|voronezh-pamyatnik-vysotskomu|Памятник В. Высоцкому|MONUMENT|воронеж|Воронеж|0|0|0|1|1|1|1|0|0|1|51.663189|39.201479|0
ven_ms_ae4ff0fc6baed0ed|voronezh-pamyatnik-buninu|Памятник И. Бунину|MONUMENT|воронеж|Воронеж|0|0|0|1|1|1|1|0|0|1|51.662241|39.19965|0
ven_ms_465839fd17ee8d07|voronezh-pamyatnik-kotenku-s-ulitsy-lizyukova|Памятник Котенку с улицы Лизюкова|MONUMENT|воронеж|Воронеж|0|0|0|1|1|1|1|0|0|1|51.706782|39.171853|0
ven_ms_8a0895e4d3714649|voronezh-pamyatnik-pyatnitskomu|Памятник Митрофану Пятницкому|MONUMENT|воронеж|Воронеж|0|0|0|1|1|1|1|0|0|1|51.669527|39.209633|0
ven_ms_e0e861706147b3b0|voronezh-pamyatnik-mandelshtamu|Памятник О. Мандельштаму|MONUMENT|воронеж|Воронеж|0|0|0|1|1|1|1|0|0|1|51.674315|39.207883|0
ven_ms_2ed3c5fa85540d5e|voronezh-pamyatnik-petru-i|Памятник Петру I|MONUMENT|воронеж|Воронеж|0|0|0|1|1|1|1|0|0|1|51.671911|39.209867|0
ven_ms_48045aaf391032bc|voronezh-pamyatnik-eseninu|Памятник С. Есенину|MONUMENT|воронеж|Воронеж|0|0|0|1|1|1|1|0|0|1|51.662719|39.198305|0
ven_ms_b0aa5514cf9f2e5b|voronezh-pamyatnik-yuriyu-hoyu|Памятник Юрию Хою|MONUMENT|воронеж|Воронеж|0|0|0|1|1|1|1|0|0|1|51.681121|39.262444|0
ven_ms_65a1284c3d52409f|voronezh-pamyatnik-lechebnomu-stulu|Памятник лечебному стулу|MONUMENT|воронеж|Воронеж|0|0|0|1|1|1|1|0|0|1|51.664811|39.203023|0
ven_ms_ca6767c5db321e36|voronezh-pamyatnik-frontovomu-pochtalonu|Памятник фронтовому почтальону|MONUMENT|воронеж|Воронеж|0|0|0|1|1|1|1|0|0|1|51.670698|39.211438|0
ven_ms_5a50b24ca6b39e1d|voronezh-skulptura-neznakomka|Скульптура «Незнакомка»|MONUMENT|воронеж|Воронеж|0|0|0|1|1|1|1|0|0|1|51.668102|39.208119|0
ven_ms_f9bcf457e477c726|voronezh-skulptura-prodavets-i-pokupatel|Скульптура «Продавец и Покупатель»|MONUMENT|воронеж|Воронеж|0|0|0|1|1|1|1|0|0|1|51.66442|39.196924|0
ven_ms_75bb74d1324376ee|ekaterinburg-byust-mamina-sibiryaka|Бюст Д. Н. Мамина-Сибиряка|MONUMENT|екатеринбург|Екатеринбург|0|0|0|1|1|1|1|0|0|1|56.838278|60.602778|0
ven_ms_626e8c8fd93f4399|ekaterinburg-pamyatnik-beatles|Памятник The Beatles|MONUMENT|екатеринбург|Екатеринбург|0|0|0|1|1|1|1|0|0|1|56.834|60.606874|0
ven_ms_c31aed27d0f94fc4|ekaterinburg-pamyatnik-popovu|Памятник А. С. Попову|MONUMENT|екатеринбург|Екатеринбург|0|0|0|1|1|1|1|0|0|1|56.839619|60.6078|0
ven_ms_609037b250869a2b|ekaterinburg-pamyatnik-pushkinu|Памятник А. С. Пушкину|MONUMENT|екатеринбург|Екатеринбург|0|0|0|1|1|1|1|0|0|1|56.8419|60.6078|0
ven_ms_d9cc2218a7d2ff2a|ekaterinburg-pamyatnik-vysotskomu|Памятник Высоцкому и Марине Влади|MONUMENT|екатеринбург|Екатеринбург|0|0|0|1|1|1|1|0|0|1|56.8358|60.6162|0
ven_ms_797e1e9978a58edb|ekaterinburg-pamyatnik-mamina-sibiryaka-pushkina|Памятник Мамину-Сибиряку (ул. Пушкина)|MONUMENT|екатеринбург|Екатеринбург|0|0|0|1|1|1|1|0|0|1|56.8342|60.6108|0
ven_ms_4d2f5cf784d96d84|ekaterinburg-pamyatnik-bazhovu|Памятник П. П. Бажову|MONUMENT|екатеринбург|Екатеринбург|0|0|0|1|1|1|1|0|0|1|56.8415|60.6083|0
ven_ms_db32590b29941c06|ekaterinburg-pamyatnik-pervoy-uchitelnitse|Памятник Первой учительнице|MONUMENT|екатеринбург|Екатеринбург|0|0|0|1|1|1|1|0|0|1|56.8378|60.6091|0
ven_ms_34812c05e319c906|ekaterinburg-pamyatnik-tatischevu-i-de-genninu|Памятник Татищеву и де Геннину|MONUMENT|екатеринбург|Екатеринбург|0|0|0|1|1|1|1|0|0|1|56.838158|60.605889|0
ven_ms_d8c506c92c119463|ekaterinburg-pamyatnik-cherepanovym|Памятник братьям Черепановым|MONUMENT|екатеринбург|Екатеринбург|0|0|0|1|1|1|1|0|0|1|56.8402|60.615|0
ven_ms_e5371d6f639dc3b8|ekaterinburg-pamyatnik-uralskiy-tankovyy-korpus|Памятник воинам Уральского добровольческого танкового корпуса|MONUMENT|екатеринбург|Екатеринбург|0|0|0|1|1|1|1|0|0|1|56.8583|60.6042|0
ven_ms_6722be9a3c1f07d1|ekaterinburg-pamyatnik-artamonovu|Памятник изобретателям велосипеда (Артамонову)|MONUMENT|екатеринбург|Екатеринбург|0|0|0|1|1|1|1|0|0|1|56.8369|60.6031|0
ven_ms_785d383b9ede4598|ekaterinburg-pamyatnik-klaviatura|Памятник клавиатуре|MONUMENT|екатеринбург|Екатеринбург|0|0|0|1|1|1|1|0|0|1|56.8298|60.6125|0
ven_ms_3d8d9214fe7ee737|ekaterinburg-pamyatnik-zhukovu|Памятник маршалу Жукову|MONUMENT|екатеринбург|Екатеринбург|0|0|0|1|1|1|1|0|0|1|56.841068|60.624437|0
ven_ms_56dfd5d1732bf322|ekaterinburg-pamyatnik-semye-nikolaya-ii|Памятник семье Николая II|MONUMENT|екатеринбург|Екатеринбург|0|0|0|1|1|1|1|0|0|1|56.8436|60.6089|0
ven_ms_0c0b76646ff6397f|izhevsk-mihaylovskaya-kolonna|Михайловская колонна|MONUMENT|ижевск|Ижевск|0|0|1|1|1|1|1|1|1|1|56.843889|53.203611|405
ven_ms_389b3e77768f2dac|izhevsk-pamyatnik-izhiku|Памятник Ижику|MONUMENT|ижевск|Ижевск|0|0|1|1|1|1|1|1|1|1|56.848542|53.203145|423
ven_ms_259babe7bcfef38c|yoshkar-ola-skul-pturnaya-kompozitsiya-yoshkin-kot|Скульптурная композиция «Йошкин кот»|MONUMENT|иошкар-ола|Йошкар-Ола|0|0|1|1|1|1|1|1|1|1|56.634444|47.886944|388
ven_ms_36f69f833922a9da|kazan-pamyatnik-blagotvoritelyu|Памятник Благотворителю|MONUMENT|казань|Казань|0|0|0|1|1|1|1|0|0|1|55.795211|49.102911|0
ven_ms_bc6dcd0b815312de|kazan-pamyatnik-gabdulle-tukayu|Памятник Габдулле Тукаю|MONUMENT|казань|Казань|0|0|0|1|1|1|1|0|0|1|55.786521|49.124512|0
ven_ms_96a3baa6c9ffe305|kazan-pamyatnik-karlu-fuksu|Памятник Карлу Фуксу|MONUMENT|казань|Казань|0|0|0|1|1|1|1|0|0|1|55.801612|49.132511|0
ven_ms_cb67825e5a89c11b|kazan-pamyatnik-lobachevskomu|Памятник Лобачевскому|MONUMENT|казань|Казань|0|0|0|1|1|1|1|0|0|1|55.790912|49.119511|0
ven_ms_3473c513b583ea50|kazan-pamyatnik-tolstomu|Памятник Льву Толстому|MONUMENT|казань|Казань|0|0|0|1|1|1|1|0|0|1|55.791533|49.141211|0
ven_ms_eccf4d43b69afedc|kazan-pamyatnik-muse-dzhaliyu|Памятник Мусе Джалилю|MONUMENT|казань|Казань|0|0|0|1|1|1|1|0|0|1|55.794612|49.106211|0
ven_ms_ca3f10255b0f60d4|kazan-pamyatnik-fedoru-shalyapinu|Памятник Федору Шаляпину|MONUMENT|казань|Казань|0|0|0|1|1|1|1|0|0|1|55.787723|49.120112|0
ven_ms_69d8caf3aab900d0|kazan-pamyatnik-voinam-internatsionalistam|Памятник воинам-интернационалистам|MONUMENT|казань|Казань|0|0|0|1|1|1|1|0|0|1|55.829811|49.121512|0
ven_ms_8e950fd9f46b2b46|kazan-pamyatnik-drakonu-zilantu|Памятник дракону Зиланту|MONUMENT|казань|Казань|0|0|0|1|1|1|1|0|0|1|55.794122|49.106511|0
ven_ms_5e4646cb4e474edd|kazan-pamyatnik-kotu-kazanskomu|Памятник коту казанскому|MONUMENT|казань|Казань|0|0|0|1|1|1|1|0|0|1|55.792341|49.111452|0
ven_ms_435bb21e23d29007|kazan-skulptura-zagadki-shurale|Скульптура «Загадки Шурале»|MONUMENT|казань|Казань|0|0|0|1|1|1|1|0|0|1|55.783412|49.118901|0
ven_ms_c6655ae4beecb48e|kazan-skulptura-taykazan|Скульптура «Тайказан»|MONUMENT|казань|Казань|0|0|0|1|1|1|1|0|0|1|55.812411|49.108211|0
ven_ms_a5421ac00f6dbec1|kaliningrad-pamyatnik-boruschiesya-zubry|Борющиеся зубры|MONUMENT|калининград|Калининград|0|0|1|1|1|1|1|1|1|1|54.719722|20.500278|130
ven_ms_0c7db18b7e890aad|kaliningrad-malysh-homlin-unya|Малыш Хомлин (Уня)|MONUMENT|калининград|Калининград|0|0|1|1|1|1|1|1|1|1|54.706444|20.500111|172
ven_ms_26c2b952fa56e0a6|kaliningrad-malyshka-homlin-ulya|Малышка Хомлин (Уля)|MONUMENT|калининград|Калининград|0|0|1|1|1|1|1|1|1|1|54.720361|20.488306|142
ven_ms_eee458a82bd5f368|kaliningrad-memorial-1200-gvardeytsam|Мемориал 1200 гвардейцам|MONUMENT|калининград|Калининград|0|0|1|1|1|1|1|1|1|1|54.708889|20.489167|154
ven_ms_f4d9ff61c81b63bf|kaliningrad-monument-mat-rossiya|Монумент «Мать-Россия»|MONUMENT|калининград|Калининград|0|0|1|1|1|1|1|1|1|1|54.715556|20.501944|128
ven_ms_61733156aea70796|kaliningrad-pamyatnik-aleksandru-marinesko|Памятник Александру Маринеско|MONUMENT|калининград|Калининград|0|0|1|1|1|1|1|1|1|1|54.713611|20.5175|151
ven_ms_6c755a95ae261cd5|kaliningrad-pamyatnik-vladimiru-vysotskomu|Памятник Владимиру Высоцкому|MONUMENT|калининград|Калининград|0|0|1|1|1|1|1|1|1|1|54.716944|20.478056|129
ven_ms_8af119ff747fa40d|kaliningrad-pamyatnik-immanuilu-kantu|Памятник Иммануилу Канту|MONUMENT|калининград|Калининград|0|0|1|1|1|1|1|1|1|1|54.713917|20.510006|163
ven_ms_7d0359e5b474a831|kaliningrad-pamyatnik-fridrihu-shilleru|Памятник Фридриху Шиллеру|MONUMENT|калининград|Калининград|0|0|0|1|1|1|1|1|1|1|54.719444|20.498333|119
ven_ms_865f06b99bc76d15|kaliningrad-pamyatnik-baronu-myunhgauzenu|Памятник барону Мюнхгаузену|MONUMENT|калининград|Калининград|0|0|1|1|1|1|1|1|1|1|54.717617|20.476483|130
ven_ms_64fd36bdec52eba1|kaliningrad-pamyatnik-gertsogu-albrehtu|Памятник герцогу Альбрехту|MONUMENT|калининград|Калининград|0|0|1|1|1|1|1|1|1|1|54.706786|20.512683|152
ven_ms_10119beeb48b6c21|kaliningrad-pamyatnik-zemlyakam-kosmonavtam|Памятник землякам-космонавтам|MONUMENT|калининград|Калининград|0|0|1|1|1|1|1|1|1|1|54.719167|20.485833|148
ven_ms_2ff85dc5e9b6bf8e|kaliningrad-skulptura-babushka-homlin-marta|Скульптура «Бабушка Хомлин» (Марта)|MONUMENT|калининград|Калининград|0|0|1|1|1|1|1|1|1|1|54.722222|20.528889|151
ven_ms_f9a5da206a3b5511|kaliningrad-skulptura-dedushka-homlin-karl|Скульптура «Дедушка Хомлин» (Карл)|MONUMENT|калининград|Калининград|0|0|1|1|1|1|1|1|1|1|54.706111|20.513333|154
ven_ms_664394fa80261936|kaliningrad-homlin-mama-varya|Хомлин-мама (Варя)|MONUMENT|калининград|Калининград|0|0|1|1|1|1|1|1|1|1|54.697417|20.494722|180
ven_ms_a44335267a369f4a|kemerovo-monument-pamyat-shahteram-kuzbassa-ernsta-neizvestnogo|Монумент «Память шахтерам Кузбасса» Эрнста Неизвестного|MONUMENT|кемерово|Кемерово|0|0|1|1|1|1|1|1|1|1|55.375124|86.069124|453
ven_ms_49c55edbaa67a1a0|krasnodar-pamyatnik-pushkinu|Памятник А. С. Пушкину|MONUMENT|краснодар|Краснодар|0|0|0|1|1|1|1|0|0|1|45.015211|38.966911|0
ven_ms_9d55be7d7ca8a280|krasnodar-pamyatnik-ekaterine-ii|Памятник Екатерине II|MONUMENT|краснодар|Краснодар|0|0|1|1|1|1|1|1|1|1|45.013412|38.964511|389
ven_ms_014fb9ddb5251fb1|krasnodar-pamyatnik-repinu|Памятник И. Е. Репину|MONUMENT|краснодар|Краснодар|0|0|0|1|1|1|1|0|0|1|45.016912|38.966411|0
ven_ms_fd1a32af14971fd8|krasnodar-pamyatnik-klare-luchko|Памятник Кларе Лучко и кубанским казакам|MONUMENT|краснодар|Краснодар|0|0|0|1|1|1|1|0|0|1|45.012512|38.966711|0
ven_ms_d5d96408887c431d|krasnodar-pamyatnik-kubanskomu-kazachestvu|Памятник Кубанскому казачеству|MONUMENT|краснодар|Краснодар|0|0|0|1|1|1|1|0|0|1|45.024612|38.971512|0
ven_ms_e7587dc145f79c6e|krasnodar-pamyatnik-pervoy-uchitelnitse|Памятник Первой учительнице|MONUMENT|краснодар|Краснодар|0|0|0|1|1|1|1|0|0|1|45.029112|38.974211|0
ven_ms_305bca4e6eb7d75e|krasnodar-pamyatnik-voinam-osvoboditelyam|Памятник воинам-освободителям|MONUMENT|краснодар|Краснодар|0|0|0|1|1|1|1|0|0|1|45.011512|38.969112|0
ven_ms_c382928b596c641c|krasnodar-pamyatnik-kornilovu|Памятник генералу Корнилову|MONUMENT|краснодар|Краснодар|0|0|0|1|1|1|1|0|0|1|45.041521|38.928311|0
ven_ms_92539d604235d777|krasnodar-pamyatnik-kazakam-pismo-sultanu|Памятник казакам, пишущим письмо султану|MONUMENT|краснодар|Краснодар|0|0|0|1|1|1|1|0|0|1|45.031512|38.972511|0
ven_ms_bd5b3c3693929f1f|krasnodar-pamyatnik-koshelku|Памятник кошельку|MONUMENT|краснодар|Краснодар|0|0|0|1|1|1|1|0|0|1|45.023411|38.973911|0
ven_ms_cd20259d3b1ab24a|krasnodar-skulptura-avrora|Скульптура «Аврора»|MONUMENT|краснодар|Краснодар|0|0|0|1|1|1|1|0|0|1|45.058342|38.980511|0
ven_ms_b6d0c3219f1ebfc7|krasnodar-skulptura-gost|Скульптура «Гость»|MONUMENT|краснодар|Краснодар|0|0|0|1|1|1|1|0|0|1|45.053112|38.979112|0
ven_ms_20c8734fc2c7e48f|krasnodar-skulptura-gulyayuschie-sobachki|Скульптура «Гуляющие собачки»|MONUMENT|краснодар|Краснодар|0|0|0|1|1|1|1|0|0|1|45.021211|38.971212|0
ven_ms_10e300add47506c5|krasnodar-skulptura-industriya|Скульптура «Индустрия»|MONUMENT|краснодар|Краснодар|0|0|0|1|1|1|1|0|0|1|45.061211|38.989411|0
ven_ms_14a529b66576afc1|krasnodar-skulptura-lida-i-shurik|Скульптура «Студенты Лида и Шурик»|MONUMENT|краснодар|Краснодар|0|0|0|1|1|1|1|0|0|1|45.044112|38.975611|0
ven_ms_bc80752fb8dad558|krasnoyarsk-pamyatnik-andreyu-dubenskomu|Памятник Андрею Дубенскому|MONUMENT|красноярск|Красноярск|0|0|0|1|1|1|1|0|0|1|56.023342|92.895611|0
ven_ms_1b8df3dcb2c3f762|krasnoyarsk-pamyatnik-chekhovu|Памятник Антону Чехову|MONUMENT|красноярск|Красноярск|0|0|0|1|1|1|1|0|0|1|56.009412|92.879112|0
ven_ms_cd3544cdda0f1d90|krasnoyarsk-pamyatnik-surikovu|Памятник В. И. Сурикову|MONUMENT|красноярск|Красноярск|0|0|0|1|1|1|1|0|0|1|56.012512|92.866711|0
ven_ms_d6eb70bf603e694a|krasnoyarsk-pamyatnik-stepanovu|Памятник В. П. Степанову|MONUMENT|красноярск|Красноярск|0|0|0|1|1|1|1|0|0|1|56.015211|92.836911|0
ven_ms_2ecc19ec922a34b4|krasnoyarsk-pamyatnik-astafievu|Памятник Виктору Астафьеву|MONUMENT|красноярск|Красноярск|0|0|0|1|1|1|1|0|0|1|56.016912|92.894411|0
ven_ms_f011d9e8b052e9fe|krasnoyarsk-pamyatnik-khvorostovskomu|Памятник Дмитрию Хворостовскому|MONUMENT|красноярск|Красноярск|0|0|0|1|1|1|1|0|0|1|56.014112|92.875611|0
ven_ms_bd4d066209d79626|krasnoyarsk-pamyatnik-arkhiepiskopu-luke|Памятник архиепископу Луке|MONUMENT|красноярск|Красноярск|0|0|0|1|1|1|1|0|0|1|56.011842|92.850511|0
ven_ms_c3f584316f628e5f|krasnoyarsk-pamyatnik-voinam-sportsmenam|Памятник воинам-спортсменам|MONUMENT|красноярск|Красноярск|0|0|0|1|1|1|1|0|0|1|55.998512|92.869112|0
ven_ms_8ffd473963c71d7f|krasnoyarsk-pamyatnik-katorzhaninu|Памятник каторжанину|MONUMENT|красноярск|Красноярск|0|0|0|1|1|1|1|0|0|1|56.021521|92.808311|0
ven_ms_e93acfa880146c86|krasnoyarsk-pamyatnik-fotografu|Памятник фотографу|MONUMENT|красноярск|Красноярск|0|0|0|1|1|1|1|0|0|1|56.012612|92.868112|0
ven_ms_9f5315409fbf9dbe|krasnoyarsk-dyadya-yasha-i-stazher|Скульптура «Дядя Яша и стажер»|MONUMENT|красноярск|Красноярск|0|0|0|1|1|1|1|0|0|1|56.015112|92.884211|0
ven_ms_fab6310581f28822|krasnoyarsk-pokhishchenie-evropy|Скульптура «Похищение Европы»|MONUMENT|красноярск|Красноярск|0|0|0|1|1|1|1|0|0|1|55.991512|92.892511|0
ven_ms_9cb4e4bf8199d4f7|krasnoyarsk-skulptura-reka-enisey|Скульптура «Река Енисей»|MONUMENT|красноярск|Красноярск|0|0|0|1|1|1|1|0|0|1|56.009112|92.869411|0
ven_ms_ba84ada5a4ba3874|krasnoyarsk-tsar-ryba|Скульптура «Царь-рыба»|MONUMENT|красноярск|Красноярск|0|0|0|1|1|1|1|0|0|1|55.955412|92.598211|0
ven_ms_74b2a5ed0de561d3|kursk-memorialnyy-kompleks-kurskaya-duga|Мемориальный комплекс «Курская дуга»|MONUMENT|курск|Курск|0|0|1|1|1|1|1|1|1|1|51.785412|36.171245|441
ven_ms_5f4740b77a732ae5|lipeck-pamyatnik-petru-i-na-ploschadi-petra-velikogo|Памятник Петру I на площади Петра Великого|MONUMENT|липецк|Липецк|0|0|1|1|1|1|1|1|1|1|52.599444|39.598333|394
ven_ms_ee178761149a5cab|moscow-monument-pokoritelyam-kosmosa|Монумент «Покорителям космоса»|MONUMENT|moskva|Москва|0|0|1|1|1|1|1|0|0|1|55.822295|37.639726|313
ven_ms_7fee26e9371fa097|moscow-monument-rabochiy-i-kolhoznitsa|Монумент «Рабочий и колхозница»|MONUMENT|moskva|Москва|0|0|1|1|1|1|1|0|0|1|55.828352|37.646549|481
ven_ms_e10eb6fb54b901bd|moscow-pamyatnik-dyadya-stepa|Памятник «Дядя Степа»|MONUMENT|moskva|Москва|0|0|1|1|1|1|1|0|0|1|55.780182|37.632296|370
ven_ms_2194e6206345aefb|moscow-pamyatnik-a-s-griboedovu|Памятник А. С. Грибоедову|MONUMENT|moskva|Москва|0|0|1|1|1|1|1|1|1|1|55.760278|37.638611|133
ven_ms_e19a9a76e22c7990|moscow-pamyatnik-a-s-pushkinu|Памятник А.С. Пушкину|MONUMENT|moskva|Москва|0|0|1|1|1|1|1|0|0|1|55.765604|37.605892|284
ven_ms_2e0c196649a4fde1|moscow-pamyatnik-aleksandru-ii|Памятник Александру II|MONUMENT|moskva|Москва|0|0|1|1|1|1|1|0|0|1|55.744111|37.606277|359
ven_ms_c9904b6c77f025d3|moscow-pamyatnik-aleksandru-bloku|Памятник Александру Блоку|MONUMENT|moskva|Москва|0|0|0|1|1|1|1|1|1|1|55.759444|37.594722|100
ven_ms_82d09f661e3fe923|moscow-pamyatnik-aleksandru-griboedovu|Памятник Александру Грибоедову|MONUMENT|moskva|Москва|0|0|1|1|1|1|1|0|0|1|55.765697|37.636605|357
ven_ms_94e52670de559748|moscow-pamyatnik-aleksandru-pushkinu-na-pushkinskoy|Памятник Александру Пушкину на Пушкинской|MONUMENT|moskva|Москва|0|0|1|1|1|1|1|1|1|1|55.765633|37.606214|142
ven_ms_0d79b1b69bfb0aaf|moscow-pamyatnik-anne-ahmatovoy|Памятник Анне Ахматовой|MONUMENT|moskva|Москва|0|0|1|1|1|1|1|0|0|1|55.742328|37.624792|355
ven_ms_1b597f024aac4ab5|moscow-pamyatnik-bulatu-okudzhave|Памятник Булату Окуджаве|MONUMENT|moskva|Москва|0|0|1|1|1|1|1|1|1|1|55.749444|37.592222|135
ven_ms_ad2e78add967993d|moscow-pamyatnik-v-i-leninu-kaluzhskaya-pl|Памятник В.И. Ленину (Калужская пл.)|MONUMENT|moskva|Москва|0|0|1|1|1|1|1|0|0|1|55.729447|37.613317|228
ven_ms_84221fe8deff8765|moscow-pamyatnik-viktoru-tsoyu-na-mototsikle|Памятник Виктору Цою на мотоцикле|MONUMENT|moskva|Москва|0|0|1|1|1|1|1|1|1|1|55.726514|37.669861|249
ven_ms_91679a7a2f0314c6|moscow-pamyatnik-vladimiru-velikomu|Памятник Владимиру Великому|MONUMENT|moskva|Москва|0|0|1|1|1|1|1|0|0|1|55.749666|37.611756|460
ven_ms_a0a8504d9f4a8291|moscow-pamyatnik-vladimiru-vysotskomu|Памятник Владимиру Высоцкому|MONUMENT|moskva|Москва|0|0|1|1|1|1|1|1|1|1|55.767222|37.611111|149
ven_ms_7331ff9d8baf9533|moscow-pamyatnik-vladimiru-mayakovskomu|Памятник Владимиру Маяковскому|MONUMENT|moskva|Москва|0|0|1|1|1|1|1|1|1|1|55.769444|37.595833|161
ven_ms_396fd4baeff36669|moscow-pamyatnik-geroyam-plevny|Памятник Героям Плевны|MONUMENT|moskva|Москва|0|0|1|1|1|1|1|1|1|1|55.756944|37.631667|170
ven_ms_ce5cb2ebec982458|moscow-pamyatnik-gogolyu-skorbnyy-nikitskiy|Памятник Гоголю (скорбный, Никитский)|MONUMENT|moskva|Москва|0|0|1|1|1|1|1|0|0|1|55.753361|37.599144|475
ven_ms_da0df5847f0fb51f|moscow-pamyatnik-gogolyu-torzhestvennyy-gogolevskiy|Памятник Гоголю (торжественный, Гоголевский)|MONUMENT|moskva|Москва|0|0|1|1|1|1|1|0|0|1|55.750567|37.601911|366
ven_ms_ef5cae60a91d0a8a|moscow-pamyatnik-daniilu-moskovskomu|Памятник Даниилу Московскому|MONUMENT|moskva|Москва|0|0|1|1|1|1|1|0|0|1|55.711818|37.621458|386
ven_ms_ff104a7911fd8da7|moscow-pamyatnik-evgeniyu-leonovu|Памятник Евгению Леонову|MONUMENT|moskva|Москва|0|0|1|1|1|1|1|0|0|1|55.723145|37.525624|302
ven_ms_0fbee6060eeac984|moscow-pamyatnik-iosifu-brodskomu|Памятник Иосифу Бродскому|MONUMENT|moskva|Москва|0|0|1|1|1|1|1|0|0|1|55.755353|37.584347|338
ven_ms_69a0a1ca837b268f|moscow-pamyatnik-karlu-marksu|Памятник Карлу Марксу|MONUMENT|moskva|Москва|0|0|1|1|1|1|1|1|1|1|55.758056|37.620278|137
ven_ms_2ac1a4ffd088999c|moscow-pamyatnik-kirillu-i-mefodiyu|Памятник Кириллу и Мефодию|MONUMENT|moskva|Москва|0|0|1|1|1|1|1|0|0|1|55.754763|37.63223|347
ven_ms_827a3ade00d0bcb5|moscow-pamyatnik-m-v-lomonosovu|Памятник М.В. Ломоносову|MONUMENT|moskva|Москва|0|0|1|1|1|1|1|0|0|1|55.754665|37.610992|339
ven_ms_9882d631c3beb35f|moscow-pamyatnik-m-yu-lermontovu|Памятник М.Ю. Лермонтову|MONUMENT|moskva|Москва|0|0|1|1|1|1|1|0|0|1|55.769188|37.649377|379
ven_ms_b6bf5c8e9fcfc8cd|moscow-pamyatnik-maye-plisetskoy|Памятник Майе Плисецкой|MONUMENT|moskva|Москва|0|0|1|1|1|1|1|0|0|1|55.761614|37.615124|427
ven_ms_60a87cce47cf0823|moscow-pamyatnik-marine-tsvetaevoy|Памятник Марине Цветаевой|MONUMENT|moskva|Москва|0|0|1|1|1|1|1|1|1|1|55.753056|37.594167|137
ven_ms_205727d64195ad71|moscow-pamyatnik-mininu-i-pozharskomu|Памятник Минину и Пожарскому|MONUMENT|moskva|Москва|0|0|1|1|1|1|1|1|1|1|55.751717|37.622694|156
ven_ms_4be4d6ac1cdd0cce|moscow-pamyatnik-mihailu-bulgakovu|Памятник Михаилу Булгакову|MONUMENT|moskva|Москва|0|0|1|1|1|1|1|1|1|1|55.729167|37.568333|154
ven_ms_f8514317085b75de|moscow-pamyatnik-mihailu-sholohovu|Памятник Михаилу Шолохову|MONUMENT|moskva|Москва|0|0|1|1|1|1|1|1|1|1|55.748333|37.599167|134
ven_ms_abe707fa99241964|moscow-pamyatnik-muslimu-magomaevu|Памятник Муслиму Магомаеву|MONUMENT|moskva|Москва|0|0|1|1|1|1|1|0|0|1|55.757753|37.606277|352
ven_ms_16762a4ec5c4147e|moscow-pamyatnik-muhtaru|Памятник Мухтару|MONUMENT|moskva|Москва|0|0|1|1|1|1|1|1|1|1|55.729114|37.502844|161
ven_ms_99d37127c07a81a3|moscow-pamyatnik-n-v-gogolyu-grustnyy|Памятник Н. В. Гоголю (грустный)|MONUMENT|moskva|Москва|0|0|1|1|1|1|1|1|1|1|55.753333|37.599444|177
ven_ms_d8c2e1078935f14c|moscow-pamyatnik-n-v-gogolyu-paradnyy|Памятник Н. В. Гоголю (парадный)|MONUMENT|moskva|Москва|0|0|1|1|1|1|1|1|1|1|55.751667|37.601389|178
ven_ms_96366232ad84d21c|moscow-pamyatnik-petru-i|Памятник Петру I|MONUMENT|moskva|Москва|0|0|1|1|1|1|1|0|0|1|55.740528|37.608031|321
ven_ms_1169d00e8229d503|moscow-pamyatnik-sergeyu-eseninu|Памятник Сергею Есенину|MONUMENT|moskva|Москва|0|0|1|1|1|1|1|0|0|1|55.762886|37.602656|318
ven_ms_da33963bc1cb153d|moscow-pamyatnik-f-m-dostoevskomu|Памятник Ф.М. Достоевскому|MONUMENT|moskva|Москва|0|0|1|1|1|1|1|0|0|1|55.751351|37.609462|353
ven_ms_589961aff00965c1|moscow-pamyatnik-ho-shi-minu|Памятник Хо Ши Мину|MONUMENT|moskva|Москва|0|0|1|1|1|1|1|1|1|1|55.688333|37.560833|125
ven_ms_51556e575f964a1f|moscow-pamyatnik-chaykovskomu|Памятник Чайковскому|MONUMENT|moskva|Москва|0|0|1|1|1|1|1|0|0|1|55.756285|37.604639|327
ven_ms_d6b5935982a45e03|moscow-pamyatnik-sherloku-holmsu-i-doktoru-vatsonu|Памятник Шерлоку Холмсу и доктору Ватсону|MONUMENT|moskva|Москва|0|0|1|1|1|1|1|1|1|1|55.754167|37.574167|182
ven_ms_d927c5b32ed7962f|moscow-pamyatnik-yuriyu-gagarinu|Памятник Юрию Гагарину|MONUMENT|moskva|Москва|0|0|1|1|1|1|1|0|0|1|55.707834|37.580196|344
ven_ms_f18193fdf71bf56e|moscow-pamyatnik-yuriyu-dolgorukomu|Памятник Юрию Долгорукому|MONUMENT|moskva|Москва|0|0|1|1|1|1|1|0|0|1|55.761358|37.609204|406
ven_ms_afdb1eed97a888ae|moscow-pamyatnik-yuriyu-nikulinu|Памятник Юрию Никулину|MONUMENT|moskva|Москва|0|0|1|1|1|1|1|0|0|1|55.772592|37.620025|463
ven_ms_e4414a226a77a257|moscow-pamyatnik-vracham-geroyam|Памятник врачам-героям|MONUMENT|moskva|Москва|0|0|1|1|1|1|1|0|0|1|55.731452|37.572412|380
ven_ms_b626953459eea5ef|moscow-pamyatnik-knyazyu-vladimiru|Памятник князю Владимиру|MONUMENT|moskva|Москва|0|0|1|1|1|1|1|1|1|1|55.749722|37.612222|128
ven_ms_63d05dbfd023aa83|moscow-pamyatnik-marshalu-zhukovu|Памятник маршалу Жукову|MONUMENT|moskva|Москва|0|0|1|1|1|1|1|0|0|1|55.755403|37.618037|433
ven_ms_b99dbe96fa6e8be8|moscow-pamyatnik-plavlenomu-syrku-druzhba|Памятник плавленому сырку «Дружба»|MONUMENT|moskva|Москва|0|0|1|1|1|1|1|1|1|1|55.811633|37.60155|211
ven_ms_25514725c29b18e8|moscow-skulptura-dorogu-utyatam|Скульптура «Дорогу утятам!»|MONUMENT|moskva|Москва|0|0|1|1|1|1|1|1|1|1|55.725833|37.558333|150
ven_ms_ab7c0146b0c077a2|moscow-skulptura-prostranstvo-sveta|Скульптура «Пространство света»|MONUMENT|moskva|Москва|0|0|1|1|1|1|1|0|0|1|55.747805|37.626707|290
ven_ms_c71d57618823a70a|moscow-skulpturnaya-gruppa-klouny|Скульптурная группа «Клоуны»|MONUMENT|moskva|Москва|0|0|1|1|1|1|1|0|0|1|55.771343|37.620835|314
ven_ms_6ab3eb47eeb75f3b|murmansk-memorial-zaschitnikam-sovetskogo-zapolyarya-v-gody-velikoy-otechestvenno|Мемориал «Защитникам Советского Заполярья в годы Великой Отечественной войны» («Алёша»)|MONUMENT|мурманск|Мурманск|0|0|1|1|1|1|1|1|1|1|68.992222|33.071111|407
ven_ms_892fd24a29b6df4e|murmansk-memorial-zaschitnikam-sovetskogo-zapolyar-ya-v-gody-velikoy-ote|Мемориал «Защитникам Советского Заполярья в годы Великой Отечественной войны» («Алёша»)|MONUMENT|мурманск|Мурманск|0|0|1|1|1|1|1|1|1|1|68.992222|33.071111|407
ven_ms_7195fd5a7dc98154|murmansk-memorialnyy-kompleks-moryakam-pogibshim-v-mirnoe-vremya|Мемориальный комплекс «Морякам, погибшим в мирное время»|MONUMENT|мурманск|Мурманск|0|0|1|1|1|1|1|1|1|1|68.981245|33.093142|418
ven_ms_851f9195bdfd5671|murmansk-pamyatnik-zhduschaya|Памятник «Ждущая»|MONUMENT|мурманск|Мурманск|0|0|1|1|1|1|1|1|1|1|69.011111|33.065412|404
ven_ms_e53cc6129a789f40|nizhny-novgorod-kater-geroy|Катер «Герой»|MONUMENT|нижнии-новгород|Нижний Новгород|0|0|1|1|1|1|1|1|1|1|56.331289|44.009389|154
ven_ms_3db6d23f7dc818d3|nizhny-novgorod-pamyatnik-olen|Памятник «Олень»|MONUMENT|нижнии-новгород|Нижний Новгород|0|0|1|1|1|1|1|1|1|1|56.331481|44.007694|227
ven_ms_d662b8541600b6cb|nizhny-novgorod-pamyatnik-chitatel-gazety|Памятник «Читатель газеты»|MONUMENT|нижнии-новгород|Нижний Новгород|0|0|1|1|1|1|1|1|1|1|56.321156|43.999719|188
ven_ms_d6e8655ac67b34f2|nizhny-novgorod-pamyatnik-valeriyu-chkalovu|Памятник Валерию Чкалову|MONUMENT|нижнии-новгород|Нижний Новгород|0|0|1|1|1|1|1|1|1|1|56.330119|44.009386|136
ven_ms_d467c11b555a4935|nizhny-novgorod-pamyatnik-georgiyu-vsevolodovichu-i-simonu-suzdalskomu|Памятник Георгию Всеволодовичу и Симону Суздальскому|MONUMENT|нижнии-новгород|Нижний Новгород|0|0|1|1|1|1|1|1|1|1|56.328333|44.006944|164
ven_ms_457f0d8395072504|nizhny-novgorod-pamyatnik-gorodovomu|Памятник Городовому|MONUMENT|нижнии-новгород|Нижний Новгород|0|0|0|1|1|1|1|1|1|1|56.326389|44.003611|110
ven_ms_a961c6599d6d9922|nizhny-novgorod-pamyatnik-evgeniyu-evstigneevu|Памятник Евгению Евстигнееву|MONUMENT|нижнии-новгород|Нижний Новгород|0|0|1|1|1|1|1|1|1|1|56.323611|44.001667|136
ven_ms_28bb0e45c3467fd2|nizhny-novgorod-pamyatnik-zhyulyu-vernu|Памятник Жюлю Верну|MONUMENT|нижнии-новгород|Нижний Новгород|0|0|1|1|1|1|1|1|1|1|56.326261|43.980836|171
ven_ms_73d65db79ac6fb11|nizhny-novgorod-pamyatnik-kuzme-mininu|Памятник Кузьме Минину|MONUMENT|нижнии-новгород|Нижний Новгород|0|0|1|1|1|1|1|1|1|1|56.3275|44.005556|179
ven_ms_b4cc2406c24f9fae|nizhny-novgorod-pamyatnik-lozhke-vkusa|Памятник Ложке вкуса|MONUMENT|нижнии-новгород|Нижний Новгород|0|0|1|1|1|1|1|1|1|1|56.32185|44.000431|218
ven_ms_3de15de9c2eb1935|nizhny-novgorod-pamyatnik-maksimu-gorkomu|Памятник Максиму Горькому|MONUMENT|нижнии-новгород|Нижний Новгород|0|0|0|1|1|1|1|1|1|1|56.312986|43.992203|119
ven_ms_6586b9b105cd7dd7|nizhny-novgorod-pamyatnik-mininu-i-pozharskomu|Памятник Минину и Пожарскому|MONUMENT|нижнии-новгород|Нижний Новгород|0|0|1|1|1|1|1|1|1|1|56.329444|44.003333|152
ven_ms_eec2d68f526a5ec7|nizhny-novgorod-pamyatnik-n-a-dobrolyubovu|Памятник Н. А. Добролюбову|MONUMENT|нижнии-новгород|Нижний Новгород|0|0|1|1|1|1|1|1|1|1|56.323889|44.000833|129
ven_ms_d152973325742c0b|nizhny-novgorod-pamyatnik-petru-i|Памятник Петру I|MONUMENT|нижнии-новгород|Нижний Новгород|0|0|1|1|1|1|1|1|1|1|56.331111|44.003889|123
ven_ms_bc16c6b93020fc9d|nizhny-novgorod-pamyatnik-pochtalonu|Памятник Почтальону|MONUMENT|нижнии-новгород|Нижний Новгород|0|0|1|1|1|1|1|1|1|1|56.315556|43.996111|127
ven_ms_f51ad6b4336e6b24|nizhny-novgorod-pamyatnik-sirano-de-berzheraku|Памятник Сирано де Бержераку|MONUMENT|нижнии-новгород|Нижний Новгород|0|0|0|1|1|1|1|1|1|1|56.317222|43.9975|118
ven_ms_4faff596e4a931da|nizhny-novgorod-skulptura-veselaya-koza|Скульптура «Веселая коза»|MONUMENT|нижнии-новгород|Нижний Новгород|0|0|1|1|1|1|1|1|1|1|56.325556|44.002222|128
ven_ms_22915bb874385a54|novosibirsk-pamyatnik-vysotskomu|Памятник Высоцкому|MONUMENT|новосибирск|Новосибирск|0|0|0|1|1|1|1|0|0|1|55.026411|82.930214|0
ven_ms_6e33ef20dd0a4169|novosibirsk-pamyatnik-leninu|Памятник Ленину и фигурам революции|MONUMENT|новосибирск|Новосибирск|0|0|0|1|1|1|1|0|0|1|55.030221|82.920556|0
ven_ms_f1d5838e25e1a5e9|novosibirsk-pamyatnik-kryachkovu|Памятник архитектору Андрею Крячкову|MONUMENT|новосибирск|Новосибирск|0|0|0|1|1|1|1|0|0|1|55.018541|82.922115|0
ven_ms_f8ee991b8eb9f1b4|novosibirsk-pamyatnik-laboratornoy-myshi|Памятник лабораторной мыши|MONUMENT|новосибирск|Новосибирск|0|0|0|1|1|1|1|0|0|1|54.849202|83.106209|0
ven_ms_2335e72df9924cf2|novosibirsk-pamyatnik-pervomu-mostu|Памятник первому мосту через Обь|MONUMENT|новосибирск|Новосибирск|0|0|0|1|1|1|1|0|0|1|55.011245|82.935147|0
ven_ms_951c15d6aabebf6c|novosibirsk-pamyatnik-pervomu-svidaniyu|Памятник первому свиданию|MONUMENT|новосибирск|Новосибирск|0|0|0|1|1|1|1|0|0|1|55.032115|82.921245|0
ven_ms_7804c8cb7ed0e132|novosibirsk-pamyatnik-svetoforu|Памятник светофору|MONUMENT|новосибирск|Новосибирск|0|0|0|1|1|1|1|0|0|1|55.023249|82.925424|0
ven_ms_aa4c3c3592a39d5e|novosibirsk-pamyatnik-tostu-za-zdravie|Памятник тосту «За здравие»|MONUMENT|новосибирск|Новосибирск|0|0|0|1|1|1|1|0|0|1|55.038145|82.931241|0
ven_ms_0a0432475795a76f|novosibirsk-pamyatnik-tramvayu-13|Памятник трамваю №13|MONUMENT|новосибирск|Новосибирск|0|0|0|1|1|1|1|0|0|1|55.031548|82.924874|0
ven_ms_572fbb22247c1dc5|novosibirsk-pamyatnik-shveynoy-mashinke-zinger|Памятник швейной машинке «Зингер»|MONUMENT|новосибирск|Новосибирск|0|0|0|1|1|1|1|0|0|1|55.022145|82.926214|0
ven_ms_fd52c931eb61f1ef|novosibirsk-vovka-v-tridevyatom-tsarstve|Скульптура «Вовка в Тридевятом царстве»|MONUMENT|новосибирск|Новосибирск|0|0|0|1|1|1|1|0|0|1|55.042312|82.930411|0
ven_ms_b5dfb5a033e20585|novosibirsk-skulptura-delovaya-zhenschina|Скульптура «Деловая женщина»|MONUMENT|новосибирск|Новосибирск|0|0|0|1|1|1|1|0|0|1|55.036541|82.924115|0
ven_ms_657a1cde6fe676d1|novosibirsk-stseny-iz-kukolnyh-spektakley|Скульптурная композиция «Сцены из кукольных спектаклей»|MONUMENT|новосибирск|Новосибирск|0|0|0|1|1|1|1|0|0|1|55.031201|82.910245|0
ven_ms_7d2669bd396502e7|omsk-pamyatnik-slesar-stepanych|Памятник «Слесарь Степаныч»|MONUMENT|омск|Омск|0|0|1|1|1|1|1|1|1|1|54.982845|73.376142|389
ven_ms_f3ced088265aa835|omsk-pamyatnik-dostoevskomu-nesuschiy-krest|Памятник Достоевскому «Несущий крест»|MONUMENT|омск|Омск|0|0|0|1|1|1|1|0|0|1|54.986912|73.366112|0
ven_ms_6f3d8427167223fa|omsk-pamyatnik-leninu|Памятник Ленину на Ленинской площади|MONUMENT|омск|Омск|0|0|0|1|1|1|1|0|0|1|54.985112|73.373912|0
ven_ms_85e539daed846c23|omsk-pamyatnik-petru-i-fevronii|Памятник Петру и Февронии|MONUMENT|омск|Омск|0|0|0|1|1|1|1|0|0|1|54.988912|73.368112|0
ven_ms_15f6642e9b3bd89e|omsk-pamyatnik-valihanovu|Памятник Чокану Валиханову|MONUMENT|омск|Омск|0|0|0|1|1|1|1|0|0|1|54.973912|73.381112|0
ven_ms_84d689515f40321f|omsk-pamyatnik-kolchaku|Памятник адмиралу Колчаку|MONUMENT|омск|Омск|0|0|0|1|1|1|1|0|0|1|54.976112|73.371112|0
ven_ms_960fd5a8904162b4|omsk-pamyatnik-bortsam-revolyutsii|Памятник борцам революции|MONUMENT|омск|Омск|0|0|0|1|1|1|1|0|0|1|54.981112|73.376912|0
ven_ms_43bfa492356c163b|omsk-pamyatnik-gorodovomu|Памятник городовому|MONUMENT|омск|Омск|0|0|0|1|1|1|1|0|0|1|54.984912|73.372312|0
ven_ms_6da18c7a7cf9b92b|omsk-pamyatnik-kniga-lyubvi|Скульптура «Книга любви»|MONUMENT|омск|Омск|0|0|0|1|1|1|1|0|0|1|54.954912|73.385891|0
ven_ms_2fd29fd17631a9bb|omsk-pamyatnik-lyubochka|Скульптура «Любочка»|MONUMENT|омск|Омск|0|0|0|1|1|1|1|0|0|1|54.983912|73.373112|0
ven_ms_f04d40f247dcbf8d|omsk-pamyatnik-maratonets|Скульптура «Марафонец»|MONUMENT|омск|Омск|0|0|0|1|1|1|1|0|0|1|54.983112|73.361112|0
ven_ms_27277e7e13d2f96a|omsk-pamyatnik-van-gogu|Скульптура Ван Гога|MONUMENT|омск|Омск|0|0|0|1|1|1|1|0|0|1|54.984312|73.371412|0
ven_ms_2a8fa4bdfc8512d8|omsk-pamyatnik-olenyu|Скульптура оленя|MONUMENT|омск|Омск|0|0|0|1|1|1|1|0|0|1|54.984912|73.363112|0
ven_ms_035629210b952479|orel-pamyatnik-ivanu-groznomu|Памятник Ивану Грозному|MONUMENT|орел|Орёл|0|0|1|1|1|1|1|1|1|1|52.964124|36.070655|390
ven_ms_f864c327221ddc5d|penza-byust-radishcheva|Бюст А. Н. Радищева|MONUMENT|пенза|Пенза|0|0|0|1|1|1|1|0|0|1|53.195312|45.018712|0
ven_ms_f4182fab4852659d|penza-byust-denisa-davydova|Бюст Дениса Давыдова|MONUMENT|пенза|Пенза|0|0|0|1|1|1|1|0|0|1|53.194812|45.017512|0
ven_ms_4810eb0e6ecb1d02|penza-pamyatnik-belinskomu|Памятник В. Г. Белинскому|MONUMENT|пенза|Пенза|0|0|0|1|1|1|1|0|0|1|53.198812|45.016912|0
ven_ms_bc09ceff6f65667d|penza-pamyatnik-klyuchevskomu|Памятник В. О. Ключевскому|MONUMENT|пенза|Пенза|0|0|0|1|1|1|1|0|0|1|53.198112|45.024112|0
ven_ms_23fd8c7a4caa0241|penza-pamyatnik-meyerholdu|Памятник В. Э. Мейерхольду|MONUMENT|пенза|Пенза|0|0|0|1|1|1|1|0|0|1|53.196112|45.020612|0
ven_ms_f031aa48bd41a3d6|penza-pamyatnik-lermontovu|Памятник М. Ю. Лермонтову|MONUMENT|пенза|Пенза|0|0|0|1|1|1|1|0|0|1|53.195612|45.018412|0
ven_ms_0ea8bc208508f647|penza-pamyatnik-pervoposelentsu|Памятник Первопоселенцу|MONUMENT|пенза|Пенза|0|0|1|1|1|1|1|1|1|1|53.184124|45.010655|425
ven_ms_c4b31fa9face0232|penza-pamyatnik-vrachu|Памятник врачу|MONUMENT|пенза|Пенза|0|0|0|1|1|1|1|0|0|1|53.197112|45.017912|0
ven_ms_29822ef168169540|penza-pamyatnik-materi|Памятник матери|MONUMENT|пенза|Пенза|0|0|0|1|1|1|1|0|0|1|53.196212|45.019012|0
ven_ms_8b5ca59f95d08a58|penza-pamyatnik-seme|Памятник семье|MONUMENT|пенза|Пенза|0|0|0|1|1|1|1|0|0|1|53.194912|45.016212|0
ven_ms_fb7f1ac1fc8ee3e8|penza-pamyatnik-stroitelyam-kreposti|Памятник строителям крепости|MONUMENT|пенза|Пенза|0|0|0|1|1|1|1|0|0|1|53.195412|45.019412|0
ven_ms_e82e31994be751a4|penza-pamyatnik-bratyam-nikitinym|Памятник цирковым братьям Никитиным|MONUMENT|пенза|Пенза|0|0|0|1|1|1|1|0|0|1|53.193612|45.016412|0
ven_ms_d87fe52e2600c7a5|penza-pamyatnik-chekanshchiku|Памятник чеканщику|MONUMENT|пенза|Пенза|0|0|0|1|1|1|1|0|0|1|53.194412|45.015712|0
ven_ms_18e607416e221e66|penza-pamyatnik-yuveliru|Памятник ювелиру|MONUMENT|пенза|Пенза|0|0|0|1|1|1|1|0|0|1|53.194212|45.016012|0
ven_ms_5b6002ff9535dd10|penza-dama-s-sobachkoy|Скульптура «Дама с собачкой»|MONUMENT|пенза|Пенза|0|0|0|1|1|1|1|0|0|1|53.194712|45.015212|0
ven_ms_903b3b131e5e374b|perm-monument-geroyam-fronta-i-tyla|Монумент «Героям фронта и тыла»|MONUMENT|пермь|Пермь|0|0|1|1|1|1|1|1|1|1|58.011667|56.229167|144
ven_ms_9d873e99eb518968|perm-pamyatnik-aleksandru-popovu|Памятник Александру Попову|MONUMENT|пермь|Пермь|0|0|0|1|1|1|1|1|1|1|58.011944|56.232222|111
ven_ms_8674f5eeb6a2c800|perm-pamyatnik-borisu-pasternaku|Памятник Борису Пастернаку|MONUMENT|пермь|Пермь|0|0|0|1|1|1|1|1|1|1|58.016389|56.248611|99
ven_ms_49d01841efef946a|perm-pamyatnik-vasiliyu-tatischevu|Памятник Василию Татищеву|MONUMENT|пермь|Пермь|0|0|1|1|1|1|1|1|1|1|58.019556|56.262528|121
ven_ms_fb1e7febad818c10|perm-pamyatnik-permskomu-tramvayu|Памятник Пермскому трамваю|MONUMENT|пермь|Пермь|0|0|1|1|1|1|1|1|1|1|58.031556|56.291389|211
ven_ms_861e397951a84fd0|perm-pamyatnik-skorbyaschey-materi|Памятник Скорбящей матери|MONUMENT|пермь|Пермь|0|0|0|1|1|1|1|1|1|1|58.0075|56.258889|114
ven_ms_5bbb991fdda7954b|perm-pamyatnik-trus-balbes-i-byvalyy|Памятник Трус, Балбес и Бывалый|MONUMENT|пермь|Пермь|0|0|1|1|1|1|1|1|1|1|57.999722|56.251389|138
ven_ms_141a00560693f51e|perm-pamyatnik-doktoru-gralyu|Памятник доктору Гралю|MONUMENT|пермь|Пермь|0|0|0|1|1|1|1|1|1|1|58.017778|56.253889|108
ven_ms_6cfdf0bb0ac1b1b3|perm-pamyatnik-permskomu-vodoprovodchiku|Памятник пермскому водопроводчику|MONUMENT|пермь|Пермь|0|0|1|1|1|1|1|1|1|1|58.008333|56.247222|124
ven_perm_f189c7def1cb6d|perm-permskiy-medved|Пермский медведь|MONUMENT|пермь|Пермь|0|0|1|1|1|1|1|1|1|1|58.009489|56.221528|135
ven_perm_solenye_ushi|permsky-solenye-ushi|Пермяк - соленые уши|MONUMENT|пермь|Пермь|0|0|1|1|1|1|1|1|1|1|58.010461|56.237881|157
ven_ms_0638754b366c5a09|perm-skulptura-ikonki-permskogo-stilya|Скульптура «Иконки пермского стиля»|MONUMENT|пермь|Пермь|0|0|1|1|1|1|1|1|1|1|58.006944|56.216389|143
ven_ms_1b5399fafb035827|perm-skulptura-kama-reka|Скульптура «Кама-река»|MONUMENT|пермь|Пермь|0|0|1|1|1|1|1|1|1|1|58.014167|56.239444|150
ven_ms_6e50e8607e6f08a1|rostov-na-donu-rostovskiy-rak|Арт-объект «Ростовский рак»|MONUMENT|ростов-на-дону|Ростов-на-Дону|0|0|0|1|1|1|1|0|0|1|47.211112|39.734912|0
ven_ms_7074f86b48dfa267|rostov-na-donu-tachanka-rostovchanka|Памятник «Тачанка-Ростовчанка»|MONUMENT|ростов-на-дону|Ростов-на-Дону|0|0|0|1|1|1|1|0|0|1|47.184112|39.739112|0
ven_ms_cfa048e4ff8138b3|rostov-na-donu-pamyatnik-pushkinu|Памятник А. С. Пушкину|MONUMENT|ростов-на-дону|Ростов-на-Дону|0|0|0|1|1|1|1|0|0|1|47.224112|39.715891|0
ven_ms_59f46dc109e8fc25|rostov-na-donu-pamyatnik-leninu|Памятник В. И. Ленину у парка Горького|MONUMENT|ростов-на-дону|Ростов-на-Дону|0|0|0|1|1|1|1|0|0|1|47.221412|39.709912|0
ven_ms_9c8c9305064a597c|rostov-na-donu-pamyatnik-dimitriyu-rostovskomu|Памятник Димитрию Ростовскому|MONUMENT|ростов-на-дону|Ростов-на-Дону|0|0|0|1|1|1|1|0|0|1|47.219812|39.711912|0
ven_ms_8366b9d6d09f36ea|rostov-na-donu-pamyatnik-elizavete-petrovne|Памятник Елизавете Петровне|MONUMENT|ростов-на-дону|Ростов-на-Дону|0|0|0|1|1|1|1|0|0|1|47.225912|39.731112|0
ven_ms_c91c863de5eacb03|rostov-na-donu-pamyatnik-sholohovu|Памятник М. А. Шолохову|MONUMENT|ростов-на-дону|Ростов-на-Дону|0|0|0|1|1|1|1|0|0|1|47.218112|39.718912|0
ven_ms_b985a060ffa656e5|rostov-na-donu-pamyatnik-pervokonnikam|Памятник Первоконникам|MONUMENT|ростов-на-дону|Ростов-на-Дону|0|0|0|1|1|1|1|0|0|1|47.221112|39.719812|0
ven_ms_ae26149f862c552e|rostov-na-donu-pamyatnik-stepanu-razinu|Памятник Степану Разину с дружиной|MONUMENT|ростов-на-дону|Ростов-на-Дону|0|0|0|1|1|1|1|0|0|1|47.218901|39.721112|0
ven_ms_c27600dae09a8f36|rostov-na-donu-pamyatnik-vodoprovodu|Памятник водопроводу|MONUMENT|ростов-на-дону|Ростов-на-Дону|0|0|0|1|1|1|1|0|0|1|47.225112|39.732312|0
ven_ms_7d05af1d5a597869|rostov-na-donu-pamyatnik-santehniku|Памятник сантехнику|MONUMENT|ростов-на-дону|Ростов-на-Дону|0|0|0|1|1|1|1|0|0|1|47.223891|39.745112|0
ven_ms_220840239a4463f5|rostov-na-donu-skulptura-kupec-korobeynik|Скульптура «Купец-коробейник»|MONUMENT|ростов-на-дону|Ростов-на-Дону|0|0|0|1|1|1|1|0|0|1|47.221912|39.711112|0
ven_ms_0068aebaecb679d4|rostov-na-donu-skulptura-nahalenok-i-ded-shchukar|Скульптура «Нахаленок и Дед Щукарь»|MONUMENT|ростов-на-дону|Ростов-на-Дону|0|0|0|1|1|1|1|0|0|1|47.217812|39.712312|0
ven_ms_67116ca3b17141bf|rostov-na-donu-skulptura-rostovchanka|Скульптура «Ростовчанка»|MONUMENT|ростов-на-дону|Ростов-на-Дону|0|0|0|1|1|1|1|0|0|1|47.218312|39.715891|0
ven_ms_59ae323906c7229b|rostov-na-donu-skulptura-cvetochnica|Скульптура «Цветочница»|MONUMENT|ростов-на-дону|Ростов-на-Дону|0|0|0|1|1|1|1|0|0|1|47.222312|39.714912|0
ven_ms_94d5617cd6bc391d|ryazan-grib-borovik|Грибной боровик (Главный гриб)|MONUMENT|рязань|Рязань|0|0|0|1|1|1|1|0|0|1|54.625412|39.749005|0
ven_ms_9804e293e6de94b3|ryazan-memorial-voinam-internatsionalistam|Мемориал воинам-интернационалистам|MONUMENT|рязань|Рязань|0|0|0|1|1|1|1|0|0|1|54.631901|39.733112|0
ven_ms_e80b7444278b70c4|ryazan-monument-pobedy|Монумент Победы|MONUMENT|рязань|Рязань|0|0|0|1|1|1|1|0|0|1|54.618912|39.725112|0
ven_ms_5c17ccb7dd0c8589|ryazan-pamyatnik-griby-s-glazami|Памятник «Грибы с глазами»|MONUMENT|рязань|Рязань|0|0|1|1|1|1|1|1|1|1|54.625854|39.745112|437
ven_ms_6816289090385ea5|ryazan-pamyatnik-leninu|Памятник В. И. Ленину|MONUMENT|рязань|Рязань|0|0|0|1|1|1|1|0|0|1|54.627112|39.737901|0
ven_ms_66ba5a9646f5ccfa|ryazan-pamyatnik-georgiyu-pobedonostsu|Памятник Георгию Победоносцу|MONUMENT|рязань|Рязань|0|0|0|1|1|1|1|0|0|1|54.623112|39.731112|0
ven_ms_3bef98adfc4a83e5|ryazan-pamyatnik-evpatiyu-kolovratu|Памятник Евпатию Коловрату|MONUMENT|рязань|Рязань|0|0|0|1|1|1|1|0|0|1|54.624112|39.741901|0
ven_ms_56cf28e8b66cfae8|ryazan-pamyatnik-tsiolkovskomu|Памятник Константину Циолковскому|MONUMENT|рязань|Рязань|0|0|0|1|1|1|1|0|0|1|54.619112|39.752112|0
ven_ms_3c20b6d61d7af5c9|ryazan-pamyatnik-ulyanovoy|Памятник М. А. Ульяновой и Володе Ульянову|MONUMENT|рязань|Рязань|0|0|0|1|1|1|1|0|0|1|54.624112|39.741901|0
ven_ms_651afd58239d022f|ryazan-pamyatnik-pozharnomu-avtomobilyu|Памятник Пожарному автомобилю|MONUMENT|рязань|Рязань|0|0|0|1|1|1|1|0|0|1|54.621901|39.754112|0
ven_ms_5378b3752e91e6ad|ryazan-pamyatnik-eseninu|Памятник Сергею Есенину|MONUMENT|рязань|Рязань|0|0|0|1|1|1|1|0|0|1|54.638112|39.749912|0
ven_ms_5351cfd4318cbba3|ryazan-pamyatnik-shuriku-i-lide|Памятник Шурику и Лиде («Студенты»)|MONUMENT|рязань|Рязань|0|0|0|1|1|1|1|0|0|1|54.626912|39.747901|0
ven_ms_b6d558586799f759|ryazan-pamyatnik-pavlovu|Памятник академику И. П. Павлову|MONUMENT|рязань|Рязань|0|0|0|1|1|1|1|0|0|1|54.628901|39.728901|0
ven_ms_c8ba0bfee4925e06|ryazan-pamyatnik-margelovu|Памятник генералу В. Ф. Маргелову|MONUMENT|рязань|Рязань|0|0|0|1|1|1|1|0|0|1|54.631212|39.733901|0
ven_ms_367cc75e35d21476|ryazan-pamyatnik-olegu-ryazanskomu|Памятник князю Олегу Рязанскому|MONUMENT|рязань|Рязань|0|0|0|1|1|1|1|0|0|1|54.632912|39.742112|0
ven_ms_7806aab05b90c840|ryazan-skulptura-muzhichok-borovichok|Скульптура «Мужичок-Боровичок»|MONUMENT|рязань|Рязань|0|0|0|1|1|1|1|0|0|1|54.628901|39.741112|0
ven_ms_4ff2026bd3a7de16|samara-monument-slavy|Монумент Славы|MONUMENT|самара|Самара|0|0|0|1|1|1|1|0|0|1|53.203312|50.113411|0
ven_ms_744c851ba149d1ff|samara-pamyatnik-alekseyu-tolstomu|Памятник Алексею Толстому|MONUMENT|самара|Самара|0|0|0|1|1|1|1|0|0|1|53.196912|50.103912|0
ven_ms_2c2ab65f1d680aa8|samara-pamyatnik-aleshe-peshkovu|Памятник Алеше Пешкову|MONUMENT|самара|Самара|0|0|0|1|1|1|1|0|0|1|53.198311|50.093911|0
ven_ms_85548c62a2c7090b|samara-pamyatnik-kuybyshevu|Памятник В. В. Куйбышеву|MONUMENT|самара|Самара|0|0|0|1|1|1|1|0|0|1|53.195211|50.102211|0
ven_ms_c3987b98a7624163|samara-pamyatnik-grigoriyu-zasekinu|Памятник Григорию Засекину|MONUMENT|самара|Самара|0|0|0|1|1|1|1|0|0|1|53.210512|50.124511|0
ven_ms_95c0cd58e0a11aca|samara-pamyatnik-dyade-stepe|Памятник Дяде Стёпе|MONUMENT|самара|Самара|0|0|0|1|1|1|1|0|0|1|53.189112|50.093112|0
ven_ms_55ff8779b7b70d72|samara-pamyatnik-petru-i-fevronii|Памятник Петру и Февронии|MONUMENT|самара|Самара|0|0|0|1|1|1|1|0|0|1|53.202112|50.111811|0
ven_ms_35a2926755de487c|samara-pamyatnik-tovarischu-suhovu|Памятник Товарищу Сухову|MONUMENT|самара|Самара|0|0|0|1|1|1|1|0|0|1|53.189412|50.088311|0
ven_ms_9fbac7e15c00ed00|samara-pamyatnik-yuriyu-detochkinu|Памятник Юрию Деточкину|MONUMENT|самара|Самара|0|0|0|1|1|1|1|0|0|1|53.193112|50.098911|0
ven_ms_e309956dfcdb08fb|samara-pamyatnik-otopitelnoy-bataree|Памятник отопительной батарее|MONUMENT|самара|Самара|0|0|0|1|1|1|1|0|0|1|53.202311|50.100911|0
ven_ms_00bd9b200fd7f8d7|samara-pamyatnik-pervomu-tramvayu|Памятник первому самарскому трамваю|MONUMENT|самара|Самара|0|0|0|1|1|1|1|0|0|1|53.213112|50.141211|0
ven_ms_21d59ad1aa20987f|samara-skulptura-burlaki-na-volge|Скульптура «Бурлаки на Волге»|MONUMENT|самара|Самара|0|0|0|1|1|1|1|0|0|1|53.187211|50.084112|0
ven_ms_75a6e69f5bb0e242|samara-skulptura-dama-s-raketkoy|Скульптура «Дама с ракеткой»|MONUMENT|самара|Самара|0|0|0|1|1|1|1|0|0|1|53.199411|50.096411|0
ven_ms_3e76e684bd04e8e6|samara-skulptura-knyaz-vladimir|Скульптура «Князь Владимир»|MONUMENT|самара|Самара|0|0|0|1|1|1|1|0|0|1|53.212411|50.128211|0
ven_ms_e9a572776cf93855|saint-petersburg-kolonnada-isaakiya|Колоннада Исаакия|MONUMENT|санкт-петербург|Санкт-Петербург|0|0|0|1|1|1|1|0|0|1|59.9342|30.3061|0
ven_ms_d20680324fa02feb|saint-petersburg-mednyy-vsadnik|Медный всадник|MONUMENT|санкт-петербург|Санкт-Петербург|0|0|1|1|1|1|1|1|1|1|59.936389|30.302222|194
ven_ms_6094daba3f446588|saint-petersburg-monument-geroicheskim-zaschitnikam-leningrada|Монумент героическим защитникам Ленинграда|MONUMENT|санкт-петербург|Санкт-Петербург|0|0|1|1|1|1|1|1|1|1|59.843056|30.321667|182
ven_ms_fc1162b1af33308c|saint-petersburg-pamyatnik-a-v-suvorovu|Памятник А. В. Суворову|MONUMENT|санкт-петербург|Санкт-Петербург|0|0|1|1|1|1|1|1|1|1|59.946306|30.331583|189
ven_ms_122829bfc3d650d1|saint-petersburg-pamyatnik-aleksandru-iii|Памятник Александру III|MONUMENT|санкт-петербург|Санкт-Петербург|0|0|1|1|1|1|1|1|1|1|59.944883|30.327111|199
ven_ms_ef6be5b68bcb2aec|saint-petersburg-pamyatnik-aleksandru-nevskomu|Памятник Александру Невскому|MONUMENT|санкт-петербург|Санкт-Петербург|0|0|1|1|1|1|1|1|1|1|59.924244|30.384444|176
ven_ms_f43846bc986279eb|saint-petersburg-pamyatnik-aleksandru-pushkinu-na-ploschadi-iskusstv|Памятник Александру Пушкину на площади Искусств|MONUMENT|санкт-петербург|Санкт-Петербург|0|0|1|1|1|1|1|1|1|1|59.936944|30.332222|156
ven_ms_a4a8cd7be5776664|saint-petersburg-pamyatnik-anne-ahmatovoy|Памятник Анне Ахматовой|MONUMENT|санкт-петербург|Санкт-Петербург|0|0|1|1|1|1|1|1|1|1|59.950156|30.360156|183
ven_ms_76dd1c3bd35f99b4|saint-petersburg-pamyatnik-barklayu-de-tolli|Памятник Барклаю-де-Толли|MONUMENT|санкт-петербург|Санкт-Петербург|0|0|1|1|1|1|1|1|1|1|59.934811|30.325514|145
ven_ms_bbb3e01d09e8d493|saint-petersburg-pamyatnik-viktoru-tsoyu|Памятник Виктору Цою|MONUMENT|санкт-петербург|Санкт-Петербург|0|0|1|1|1|1|1|1|1|1|59.845344|30.237248|213
ven_ms_57364029a252d5af|saint-petersburg-pamyatnik-glinke|Памятник Глинке|MONUMENT|санкт-петербург|Санкт-Петербург|0|0|1|1|1|1|1|1|1|1|59.926111|30.296111|166
ven_ms_d641c39cb021b383|saint-petersburg-pamyatnik-dvorniku|Памятник Дворнику|MONUMENT|санкт-петербург|Санкт-Петербург|0|0|1|1|1|1|1|1|1|1|59.932822|30.337075|199
ven_ms_b8a84730642198cd|saint-petersburg-pamyatnik-domeniko-trezini|Памятник Доменико Трезини|MONUMENT|санкт-петербург|Санкт-Петербург|0|0|1|1|1|1|1|1|1|1|59.938361|30.281806|146
ven_ms_62a66343b7d23461|saint-petersburg-pamyatnik-ekaterine-ii|Памятник Екатерине II|MONUMENT|санкт-петербург|Санкт-Петербург|0|0|1|1|1|1|1|1|1|1|59.932028|30.334139|156
ven_ms_90ccdb5affa0612a|saint-petersburg-pamyatnik-zaytsu-spasshemusya-ot-navodneniya|Памятник Зайцу, спасшемуся от наводнения|MONUMENT|санкт-петербург|Санкт-Петербург|0|0|1|1|1|1|1|1|1|1|59.952028|30.324831|188
ven_ms_e55b7d6e646b332e|saint-petersburg-pamyatnik-iosifu-brodskomu|Памятник Иосифу Бродскому|MONUMENT|санкт-петербург|Санкт-Петербург|0|0|1|1|1|1|1|1|1|1|59.940142|30.300583|199
ven_ms_043cb1d59c738e42|saint-petersburg-pamyatnik-krylovu|Памятник Крылову|MONUMENT|санкт-петербург|Санкт-Петербург|0|0|1|1|1|1|1|1|1|1|59.944361|30.335556|167
ven_ms_f344c9e04438a8d5|saint-petersburg-pamyatnik-kutuzovu|Памятник Кутузову|MONUMENT|санкт-петербург|Санкт-Петербург|0|0|1|1|1|1|1|1|1|1|59.934533|30.323544|188
ven_ms_a246bf09abe3b9c7|saint-petersburg-pamyatnik-n-v-gogolyu-na-maloy-konyushennoy|Памятник Н. В. Гоголю на Малой Конюшенной|MONUMENT|санкт-петербург|Санкт-Петербург|0|0|1|1|1|1|1|1|1|1|59.936667|30.325556|145
ven_ms_666ef3acd1c3da0b|saint-petersburg-pamyatnik-nikolayu-i|Памятник Николаю I|MONUMENT|санкт-петербург|Санкт-Петербург|0|0|1|1|1|1|1|1|1|1|59.931758|30.308253|176
ven_ms_5e3bc7d754770684|saint-petersburg-pamyatnik-ostapu-benderu|Памятник Остапу Бендеру|MONUMENT|санкт-петербург|Санкт-Петербург|0|0|1|1|1|1|1|1|1|1|59.936319|30.334653|147
ven_ms_fb00dc2ee9dbd896|saint-petersburg-pamyatnik-peterburgskomu-nosu|Памятник Петербургскому носу|MONUMENT|санкт-петербург|Санкт-Петербург|0|0|1|1|1|1|1|1|1|1|59.932906|30.308736|164
ven_ms_3fc04bc6b8a79ddc|saint-petersburg-pamyatnik-peterburgskomu-fotografu|Памятник Петербургскому фотографу|MONUMENT|санкт-петербург|Санкт-Петербург|0|0|1|1|1|1|1|1|1|1|59.933925|30.338319|206
ven_ms_f05823ca02494474|saint-petersburg-pamyatnik-petru-i-raboty-shemyakina|Памятник Петру I работы Шемякина|MONUMENT|санкт-петербург|Санкт-Петербург|0|0|1|1|1|1|1|1|1|1|59.950139|30.316111|229
ven_ms_3b26d4bbe785bfc1|saint-petersburg-pamyatnik-petru-i-u-mihaylovskogo-zamka|Памятник Петру I у Михайловского замка|MONUMENT|санкт-петербург|Санкт-Петербург|0|0|1|1|1|1|1|1|1|1|59.939889|30.337361|188
ven_ms_f12f7f4d7ae38c54|saint-petersburg-pamyatnik-rimskomu-korsakovu|Памятник Римскому-Корсакову|MONUMENT|санкт-петербург|Санкт-Петербург|0|0|1|1|1|1|1|1|1|1|59.925556|30.297778|165
ven_ms_ca4bf7e7ae768710|saint-petersburg-pamyatnik-trubochistu|Памятник Трубочисту|MONUMENT|санкт-петербург|Санкт-Петербург|0|0|1|1|1|1|1|1|1|1|59.961611|30.294111|173
ven_ms_9933035e24abb88f|saint-petersburg-pamyatnik-f-m-dostoevskomu-na-vladimirskoy|Памятник Ф. М. Достоевскому на Владимирской|MONUMENT|санкт-петербург|Санкт-Петербург|0|0|1|1|1|1|1|1|1|1|59.927642|30.347892|162
ven_ms_0e4b8dc0bd3b2140|saint-petersburg-pamyatnik-vodovozu|Памятник водовозу|MONUMENT|санкт-петербург|Санкт-Петербург|0|0|1|1|1|1|1|1|1|1|59.947239|30.375689|149
ven_ms_71f7bcecf97ca23e|saint-petersburg-pamyatnik-gorodovomu|Памятник городовому|MONUMENT|санкт-петербург|Санкт-Петербург|0|0|1|1|1|1|1|1|1|1|59.936556|30.324833|165
ven_ms_d3a80f7bd0cbec14|saint-petersburg-pamyatnik-konke|Памятник конке|MONUMENT|санкт-петербург|Санкт-Петербург|0|0|1|1|1|1|1|1|1|1|59.940028|30.278361|192
ven_ms_e1a528462a938302|saint-petersburg-pamyatnik-fonarschiku|Памятник фонарщику|MONUMENT|санкт-петербург|Санкт-Петербург|0|0|1|1|1|1|1|1|1|1|59.946389|30.371389|147
ven_ms_2a501900519ec402|saint-petersburg-peterburgskiy-angel|Петербургский ангел|MONUMENT|санкт-петербург|Санкт-Петербург|0|0|1|1|1|1|1|1|1|1|59.919246|30.313495|200
ven_ms_df859808821b2d4c|saint-petersburg-rostralnye-kolonny|Ростральные колонны|MONUMENT|санкт-петербург|Санкт-Петербург|0|0|1|1|1|1|1|1|1|1|59.944111|30.306139|213
ven_ms_a8c8febdc6432d09|saint-petersburg-sfinksy-na-universitetskoy-naberezhnoy|Сфинксы на Университетской набережной|MONUMENT|санкт-петербург|Санкт-Петербург|0|0|1|1|1|1|1|1|1|1|59.937322|30.290239|212
ven_ms_1c871bc124d15357|saint-petersburg-chizhik-pyzhik|Чижик-Пыжик|MONUMENT|санкт-петербург|Санкт-Петербург|0|0|1|1|1|1|1|1|1|1|59.941785|30.338006|158
ven_ms_dc76cffcceeb4dc8|sevastopol-pamyatnik-zatoplennym-korablyam-i-grafskaya-pristan|Памятник затопленным кораблям и Графская пристань|MONUMENT|севастополь|Севастополь|0|0|1|1|1|1|1|1|1|1|44.618333|33.524444|360
ven_ms_74f621e40f98b9e1|smolensk-pamyatnik-blagodarnaya-rossiya-geroyam-1812-goda-pamyatnik-s-orlami|Памятник «Благодарная Россия героям 1812 года» (Памятник с орлами)|MONUMENT|смоленск|Смоленск|0|0|1|1|1|1|1|1|1|1|54.778542|32.045112|436
ven_ms_deb20f522f5b87aa|smolensk-pamyatnik-blagodarnaya-rossiya-geroyam-1812-goda-pamyatnik-s-or|Памятник «Благодарная Россия героям 1812 года» (Памятник с орлами)|MONUMENT|смоленск|Смоленск|0|0|1|1|1|1|1|1|1|1|54.778542|32.045112|436
ven_ms_48be0555f0ecb629|syktyvkar-pamyatnik-kupecheskomu-sunduku|Памятник купеческому сундуку|MONUMENT|сыктывкар|Сыктывкар|0|0|1|1|1|1|1|1|1|1|61.669444|50.835556|423
ven_ms_a7fddf3b196fcc41|tambov-pamyatnik-tambovskomu-muzhiku|Памятник Тамбовскому мужику|MONUMENT|тамбов|Тамбов|0|0|1|1|1|1|1|1|1|1|52.715854|41.455112|449
ven_ms_19e715ac82816c61|tver-art-obyekt-tverskoy-kozel|Арт-объект «Тверской козел»|MONUMENT|тверь|Тверь|0|0|0|1|1|1|1|0|0|1|56.851912|35.915112|0
ven_ms_38d5fe20340da9d6|tver-obelisk-pobedy|Обелиск Победы|MONUMENT|тверь|Тверь|0|0|0|1|1|1|1|0|0|1|56.863112|35.891112|0
ven_ms_c4c7ddfcf57edbf7|tver-pamyatnik-pushkinu|Памятник А. С. Пушкину|MONUMENT|тверь|Тверь|0|0|0|1|1|1|1|0|0|1|56.861912|35.904912|0
ven_ms_1d10b846fb06c6a2|tver-pamyatnik-afanasiyu-nikitinu|Памятник Афанасию Никитину|MONUMENT|тверь|Тверь|0|0|1|1|1|1|1|1|1|1|56.867222|35.910278|382
ven_ms_aadc1cb390abf8b9|tver-pamyatnik-leninu|Памятник В. И. Ленину|MONUMENT|тверь|Тверь|0|0|0|1|1|1|1|0|0|1|56.858312|35.911412|0
ven_ms_3e7e339e832da61b|tver-pamyatnik-krylovu|Памятник И. А. Крылову|MONUMENT|тверь|Тверь|0|0|0|1|1|1|1|0|0|1|56.856912|35.901112|0
ven_ms_ba87f3b681e162b4|tver-pamyatnik-karlu-marksu|Памятник Карлу Марксу|MONUMENT|тверь|Тверь|0|0|0|1|1|1|1|0|0|1|56.858912|35.912312|0
ven_ms_c39666eb173464d7|tver-pamyatnik-kirillu-i-mefodiyu|Памятник Кириллу и Мефодию|MONUMENT|тверь|Тверь|0|0|0|1|1|1|1|0|0|1|56.856112|35.913112|0
ven_ms_f47166d549a4c44a|tver-pamyatnik-mihailu-krugu|Памятник Михаилу Кругу|MONUMENT|тверь|Тверь|0|0|1|1|1|1|1|1|1|1|56.857854|35.911245|403
ven_ms_9bf7684a006a1ba6|tver-pamyatnik-mihailu-yaroslavichu|Памятник Михаилу Ярославичу Тверскому|MONUMENT|тверь|Тверь|0|0|0|1|1|1|1|0|0|1|56.858112|35.915891|0
ven_ms_81a90a981a689d6e|tver-pamyatnik-saltykovu-shchedrinu|Памятник Салтыкову-Щедрину|MONUMENT|тверь|Тверь|0|0|0|1|1|1|1|0|0|1|56.859112|35.906912|0
ven_ms_987405804bfadfe0|tver-pamyatnik-simeonu-tverskomu|Памятник Симеону Тверскому|MONUMENT|тверь|Тверь|0|0|0|1|1|1|1|0|0|1|56.859912|35.899112|0
ven_ms_9d0fc66d43d366e0|tver-pamyatnik-moryakam-podvodnikam|Памятник морякам-подводникам|MONUMENT|тверь|Тверь|0|0|0|1|1|1|1|0|0|1|56.865891|35.918912|0
ven_ms_4e4b3778080e881c|tver-skulptura-rybak|Скульптура «Рыбак»|MONUMENT|тверь|Тверь|0|0|0|1|1|1|1|0|0|1|56.861112|35.912912|0
ven_ms_287257b99041d8fa|tver-skulptura-semya|Скульптура «Семья»|MONUMENT|тверь|Тверь|0|0|0|1|1|1|1|0|0|1|56.858412|35.908912|0
ven_ms_d17c8e192a6c56da|tomsk-pamyatnik-a-p-chehovu|Памятник А. П. Чехову|MONUMENT|томск|Томск|0|0|1|1|1|1|1|1|1|1|56.489444|84.946944|425
ven_ms_305fab15d61916dc|tyumen-pamyatnik-ermaku|Памятник Ермаку|MONUMENT|тюмень|Тюмень|0|0|0|1|1|1|1|0|0|1|57.161112|65.522901|0
ven_ms_471d90c77ffb9263|tyumen-pamyatnik-leninu|Памятник Ленину|MONUMENT|тюмень|Тюмень|0|0|0|1|1|1|1|0|0|1|57.151112|65.541912|0
ven_ms_83b8ca2de0384b68|tyumen-pamyatnik-ershovu|Памятник Петру Ершову|MONUMENT|тюмень|Тюмень|0|0|0|1|1|1|1|0|0|1|57.156912|65.529112|0
ven_ms_f0a4fc6f24a81e13|tyumen-pamyatnik-rasputinu|Памятник Распутину|MONUMENT|тюмень|Тюмень|0|0|0|1|1|1|1|0|0|1|57.154912|65.548912|0
ven_ms_1e7452cdb6f4a618|tyumen-pamyatnik-tekutyevu|Памятник Текутьеву|MONUMENT|тюмень|Тюмень|0|0|0|1|1|1|1|0|0|1|57.142912|65.563112|0
ven_ms_3e3067ccb5537332|tyumen-pamyatnik-dvorniku|Памятник дворнику|MONUMENT|тюмень|Тюмень|0|0|0|1|1|1|1|0|0|1|57.156112|65.536912|0
ven_ms_6d2106c73a0cdafd|tyumen-pamyatnik-kuptsu|Памятник купцу|MONUMENT|тюмень|Тюмень|0|0|0|1|1|1|1|0|0|1|57.158112|65.531112|0
ven_ms_1c7f94f349398d37|tyumen-pamyatnik-pochtalonke|Памятник почтальонке|MONUMENT|тюмень|Тюмень|0|0|0|1|1|1|1|0|0|1|57.152912|65.542112|0
ven_ms_6bd0d7a44b28eae0|tyumen-pamyatnik-semechkam|Памятник продавщице семечек|MONUMENT|тюмень|Тюмень|0|0|0|1|1|1|1|0|0|1|57.160112|65.524912|0
ven_ms_804a57234ba7c20f|tyumen-pamyatnik-shkolnikam|Памятник школьникам, не вернувшимся с войны|MONUMENT|тюмень|Тюмень|0|0|0|1|1|1|1|0|0|1|57.149112|65.551901|0
ven_ms_92e23e68989bda44|tyumen-skulptura-melodiya|Скульптура «Мелодия»|MONUMENT|тюмень|Тюмень|0|0|0|1|1|1|1|0|0|1|57.154312|65.533112|0
ven_ms_c1fa68710880d6d0|ulan-ude-golova-lenina|Голова Ленина (Памятник В. И. Ленину)|MONUMENT|улан-удэ|Улан-Удэ|0|0|1|1|1|1|1|1|1|1|51.834444|107.584167|377
ven_ms_624173a038c47461|ulyanovsk-leninskiy-memorial|Ленинский мемориал|MONUMENT|ульяновск|Ульяновск|0|0|1|1|1|1|1|1|1|1|54.318056|48.405556|452
ven_ms_fa1ed236c42870cb|ulyanovsk-pamyatnik-bukve-e|Памятник букве «Ё»|MONUMENT|ульяновск|Ульяновск|0|0|1|1|1|1|1|1|1|1|54.316944|48.404722|440
ven_ms_304527d3e108032f|ufa-monument-druzhby|Монумент Дружбы|MONUMENT|уфа|Уфа|0|0|1|1|1|1|1|1|1|1|54.711111|55.963889|396
ven_ms_a8b526e876e3280b|ufa-pamyatnik-pushkinu|Памятник А. С. Пушкину|MONUMENT|уфа|Уфа|0|0|0|1|1|1|1|0|0|1|54.721901|55.943891|0
ven_ms_e2b891b9fb43d458|ufa-pamyatnik-leninu|Памятник В. И. Ленину|MONUMENT|уфа|Уфа|0|0|0|1|1|1|1|0|0|1|54.727102|55.945891|0
ven_ms_1256c15e7c351836|ufa-pamyatnik-akmulle|Памятник Мифтахетдину Акмулле|MONUMENT|уфа|Уфа|0|0|0|1|1|1|1|0|0|1|54.723112|55.941901|0
ven_ms_a1a61e9f3736f367|ufa-pamyatnik-mustayu-karimu|Памятник Мустаю Кариму|MONUMENT|уфа|Уфа|0|0|0|1|1|1|1|0|0|1|54.726612|55.946905|0
ven_ms_ee3e45d257aa3c29|ufa-pamyatnik-salavatu-yulaevu|Памятник Салавату Юлаеву|MONUMENT|уфа|Уфа|0|0|1|1|1|1|1|1|1|1|54.718333|55.928889|345
ven_ms_c31ac41b0c863921|ufa-pamyatnik-salavatu-yulaevu-u-gossobraniya|Памятник Салавату Юлаеву у Госсобрания|MONUMENT|уфа|Уфа|0|0|0|1|1|1|1|0|0|1|54.716901|55.938912|0
ven_ms_2ed12d3970b96b85|ufa-pamyatnik-fedoru-shalyapinu|Памятник Федору Шаляпину|MONUMENT|уфа|Уфа|0|0|0|1|1|1|1|0|0|1|54.724102|55.943112|0
ven_ms_8372440c34f6478d|ufa-pamyatnik-generalu-shaymuratovu|Памятник генералу Шаймуратову|MONUMENT|уфа|Уфа|0|0|0|1|1|1|1|0|0|1|54.719891|55.949102|0
ven_ms_97127732856e24bb|ufa-pamyatnik-geroyam-oktyabrskoy-revolyutsii|Памятник героям Октябрьской революции и гражданской войны|MONUMENT|уфа|Уфа|0|0|0|1|1|1|1|0|0|1|54.729102|55.952312|0
ven_ms_e8628ad50f1c4f0c|ufa-pamyatnik-dvorniku|Памятник дворнику|MONUMENT|уфа|Уфа|0|0|0|1|1|1|1|0|0|1|54.743112|55.989801|0
ven_ms_c193b625b8124361|ufa-pamyatnik-zemlyakam-ushedshim-na-front|Памятник землякам, ушедшим на фронт|MONUMENT|уфа|Уфа|0|0|0|1|1|1|1|0|0|1|54.735891|55.935102|0
ven_ms_825618a07b935a1c|ufa-pamyatnik-kunitse|Памятник кунице|MONUMENT|уфа|Уфа|0|0|0|1|1|1|1|0|0|1|54.726891|55.948312|0
ven_ms_f45b9963d93504b5|ufa-skulptura-dom-kunitsy|Скульптура «Дом куницы»|MONUMENT|уфа|Уфа|0|0|0|1|1|1|1|0|0|1|54.714902|56.004891|0
ven_ms_9b7a68283052cd97|ufa-shulgan-tash|Шульган-Таш (Капова пещера)|MONUMENT|уфа|Уфа|0|0|0|1|1|1|1|0|0|1|53.044102|57.063891|0
ven_ms_eaa805c72281e3a1|cheboksary-monument-mat-pokrovitelnitsa|Монумент «Мать-Покровительница»|MONUMENT|чебоксары|Чебоксары|0|0|1|1|1|1|1|1|1|1|56.149444|47.241245|445
ven_ms_30dcd69cd1e1073d|chelyabinsk-pamyatnik-orlenku|Памятник «Орленок»|MONUMENT|челябинск|Челябинск|0|0|0|1|1|1|1|0|0|1|55.160112|61.391901|0
ven_ms_7b33dd54047a41aa|chelyabinsk-pamyatnik-kurchatovu|Памятник И. В. Курчатову|MONUMENT|челябинск|Челябинск|0|0|0|1|1|1|1|0|0|1|55.149112|61.371901|0
ven_ms_5d572cc4fda6fe9d|chelyabinsk-pamyatnik-levshe|Памятник Левше|MONUMENT|челябинск|Челябинск|0|0|0|1|1|1|1|0|0|1|55.163112|61.401112|0
ven_ms_4a1100772338fe47|chelyabinsk-pamyatnik-leninu|Памятник Ленину на площади Революции|MONUMENT|челябинск|Челябинск|0|0|0|1|1|1|1|0|0|1|55.159612|61.402312|0
ven_ms_0dde22f4213e6ca3|chelyabinsk-pamyatnik-glinke|Памятник М. И. Глинке|MONUMENT|челябинск|Челябинск|0|0|0|1|1|1|1|0|0|1|55.166912|61.401112|0
ven_ms_7e797e75de430320|chelyabinsk-pamyatnik-prokofievu|Памятник С. С. Прокофьеву|MONUMENT|челябинск|Челябинск|0|0|0|1|1|1|1|0|0|1|55.168112|61.402312|0
ven_ms_7dc918d5419bdad7|chelyabinsk-pamyatnik-osnovatelyam|Памятник основателям Челябинска|MONUMENT|челябинск|Челябинск|0|0|0|1|1|1|1|0|0|1|55.167371|61.400389|0
ven_ms_4d6347c9af502b1b|chelyabinsk-pamyatnik-tankistam-dobrovoltsam|Памятник танкистам-добровольцам|MONUMENT|челябинск|Челябинск|0|0|0|1|1|1|1|0|0|1|55.161112|61.401412|0
ven_ms_32c716aa3cfdcfa3|chelyabinsk-venskiy-vals|Скульптура «Венский вальс»|MONUMENT|челябинск|Челябинск|0|0|0|1|1|1|1|0|0|1|55.167812|61.403112|0
ven_ms_a13cc5c2c55f0846|chelyabinsk-pamyatnik-izvozchiku|Скульптура «Извозчик»|MONUMENT|челябинск|Челябинск|0|0|0|1|1|1|1|0|0|1|55.165891|61.401791|0
ven_ms_ea4ca18958132732|chelyabinsk-pamyatnik-nishchemu|Скульптура «Нищий»|MONUMENT|челябинск|Челябинск|0|0|0|1|1|1|1|0|0|1|55.164901|61.401891|0
ven_ms_bec01f2966ce3de9|chelyabinsk-skaz-ob-urale|Скульптура «Сказ об Урале»|MONUMENT|челябинск|Челябинск|0|0|0|1|1|1|1|0|0|1|55.142212|61.415891|0
ven_ms_bdf7e16077e46ef1|chelyabinsk-hodok-s-sobakoy|Скульптура «Ходок с собакой»|MONUMENT|челябинск|Челябинск|0|0|0|1|1|1|1|0|0|1|55.162901|61.400912|0
ven_ms_5b22fd69f5a802ba|abakan-natsional-nyy-muzey-respubliki-hakasiya|Национальный музей Республики Хакасия (Хакасский краеведческий музей имени Л. Р. Кызласова)|MUSEUM_ART_SPACE|абакан|Абакан|0|0|1|1|1|1|1|1|1|1|53.722684|91.464312|383
ven_ms_7f3d303dd3908f74|arhangelsk-muzey-derevyannogo-zodchestva-malye-korely|Музей деревянного зодчества «Малые Корелы»|MUSEUM_ART_SPACE|архангельск|Архангельск|0|0|1|1|1|1|1|1|1|1|64.453889|40.945278|423
ven_ms_be539aa96a9d4d6c|astrahan-dom-muzey-borisa-kustodieva|Дом-музей Бориса Кустодиева|MUSEUM_ART_SPACE|астрахань|Астрахань|0|0|1|1|1|1|1|1|1|1|46.351389|48.043889|418
venue_694e6dbe8ec363be361da646|бар-гараж-694e6dbe8ec363be361da646|бар Гараж|MUSEUM_ART_SPACE|балабаново|Балабаново|0|0|0|0|1|1|1|0|0|0|55.18499085869868|36.64709134374636|0
ven_ms_0d153754c5717e00|barnaul-gosudarstvennyy-hudozhestvennyy-muzey-altayskogo-kraya-ghmak|Государственный художественный музей Алтайского края (ГХМАК)|MUSEUM_ART_SPACE|барнаул|Барнаул|0|0|1|1|1|1|1|1|1|1|53.354124|83.765142|400
ven_ms_c57ab072e0f4f183|barnaul-muzey-mir-vremeni|Музей «Мир времени»|MUSEUM_ART_SPACE|барнаул|Барнаул|0|0|1|1|1|1|1|1|1|1|53.331111|83.768889|426
ven_ms_5eb0ec212f0b3795|barnaul-muzey-avtougona-imeni-yuriya-detochkina|Музей автоугона имени Юрия Деточкина|MUSEUM_ART_SPACE|барнаул|Барнаул|0|0|1|1|1|1|1|1|1|1|53.336944|83.778889|424
ven_ms_b73010b87bb89dee|belgorod-muzey-diorama-kurskaya-bitva-belgorodskoe-napravlenie|Музей-диорама «Курская битва. Белгородское направление»|MUSEUM_ART_SPACE|белгород|Белгород|0|0|1|1|1|1|1|1|1|1|50.594722|36.5925|431
ven_ms_960974401f386f48|blagoveschensk-amurskaya-oblast-amurskiy-oblastnoy-kraevedcheskiy-muzey-im-g-s-novikova-daurskogo|Амурский областной краеведческий музей им. Г. С. Новикова-Даурского|MUSEUM_ART_SPACE|благовещенск-амурская-область|Благовещенск (Амурская область)|0|0|1|1|1|1|1|1|1|1|50.258889|127.526944|387
venue_6aba3a7b9b7e1a311053947d|музеи-истории-фотографии-6aba3a7b9b7e1a311053947d|Музей истории фотографии|MUSEUM_ART_SPACE|брянск|Брянск|1|1|0|0|1|1|1|0|0|0|53.25243450000001|34.3729819|0
ven_ms_266da5674d51efb6|veliky-novgorod-muzey-derevyannogo-zodchestva-vitoslavlitsy|Музей деревянного зодчества «Витославлицы»|MUSEUM_ART_SPACE|великии-новгород|Великий Новгород|0|0|1|1|1|1|1|1|1|1|58.489167|31.271389|367
venue_6598108837a1f2997a6e2aba|cki-dialog-6598108837a1f2997a6e2aba|ЦКИ "ДИАЛОГ"|MUSEUM_ART_SPACE|великии-новгород|Великий Новгород|1|1|1|1|1|1|1|0|0|1|58.52861807090177|31.29352569580078|696
venue_648b25312152d49943d3e1a9|etnopark-zemlya-legend-648b25312152d49943d3e1a9|этнопарк "Земля легенд"|MUSEUM_ART_SPACE|великии-новгород|Великий Новгород|0|0|0|1|1|1|1|0|0|1|58.8108422|31.6140446|0
ven_ms_4d7bddec8bd7b772|volgograd-muzey-panorama-stalingradskaya-bitva|Музей-панорама «Сталинградская битва»|MUSEUM_ART_SPACE|волгоград|Волгоград|0|0|1|1|1|1|1|1|1|1|48.715542|44.532854|388
ven_ms_8e470ea716451a35|vologda-muzey-mir-zabytyh-veschey|Музей «Мир забытых вещей»|MUSEUM_ART_SPACE|вологда|Вологда|0|0|1|1|1|1|1|1|1|1|59.222222|39.878889|397
ven_ms_ee22732b4f31da3b|vologda-muzey-kruzheva|Музей кружева|MUSEUM_ART_SPACE|вологда|Вологда|0|0|1|1|1|1|1|1|1|1|59.223124|39.883854|445
ven_ms_305c98357a20ecbd|voronezh-korabl-muzey-goto-predestinatsiya|Корабль-музей «Гото Предестинация»|MUSEUM_ART_SPACE|воронеж|Воронеж|0|0|1|1|1|1|1|1|1|1|51.655854|39.216142|449
ven_ms_6d0c13220e4205ed|voronezh-kostenki|Костёнки / Колыбель европейской цивилизации|MUSEUM_ART_SPACE|воронеж|Воронеж|0|0|0|1|1|1|1|0|0|1|51.391212|39.049112|0
ven_ms_5ee9e39a2cc66dd1|voronezh-kraevedcheskiy-muzey|Краеведческий музей|MUSEUM_ART_SPACE|воронеж|Воронеж|0|0|0|1|1|1|1|0|0|1|51.667791|39.192305|0
ven_ms_7e5f72bf1e3dc4e8|voronezh-literaturnyy-muzey-nikitina|Литературный музей им. И.Н. Никитина|MUSEUM_ART_SPACE|воронеж|Воронеж|0|0|0|1|1|1|1|0|0|1|51.660721|39.201723|0
ven_ms_23a000d72cfae09f|voronezh-muzey-zabytoy-muzyki|Музей забытой музыки|MUSEUM_ART_SPACE|воронеж|Воронеж|0|0|0|1|1|1|1|0|0|1|51.673891|39.172905|0
ven_ms_71ac990dc3c0cb8e|voronezh-muzey-diorama|Музей-диорама|MUSEUM_ART_SPACE|воронеж|Воронеж|0|0|0|1|1|1|1|0|0|1|51.674902|39.245891|0
ven_ms_80cdb4517d0e2eee|voronezh-hudozhestvennyy-muzey-kramskogo|Областной художественный музей им. И.Н. Крамского|MUSEUM_ART_SPACE|воронеж|Воронеж|0|0|0|1|1|1|1|0|0|1|51.671911|39.213791|0
ven_ms_6f4e67a8755b903c|ekaterinburg-dom-muzey-bazhova|Дом-музей П. П. Бажова|MUSEUM_ART_SPACE|екатеринбург|Екатеринбург|0|0|0|1|1|1|1|0|0|1|56.8286|60.6225|0
ven_ms_a9759f81a670f2f1|ekaterinburg-muzey-izobrazitelnyh-iskusstv|Екатеринбургский музей изобразительных искусств|MUSEUM_ART_SPACE|екатеринбург|Екатеринбург|0|0|0|1|1|1|1|0|0|1|56.8336|60.6006|0
ven_ms_3f4c3af994b87e13|ekaterinburg-el-tsin-tsentr|Ельцин Центр|MUSEUM_ART_SPACE|екатеринбург|Екатеринбург|0|0|1|1|1|1|1|1|1|1|56.8431|60.5956|348
venue_6924479f8131916340b546b5|muzei-druzei-6924479f8131916340b546b5|Музей Друзей|MUSEUM_ART_SPACE|екатеринбург|Екатеринбург|0|0|0|1|1|1|1|0|0|1|56.8332304|60.6121013|43
ven_ms_4eb4e3683ff4a08f|ekaterinburg-muzey-arhitektury-i-dizayna|Музей архитектуры и дизайна|MUSEUM_ART_SPACE|екатеринбург|Екатеринбург|0|0|0|1|1|1|1|0|0|1|56.8361|60.6072|0
ven_ms_11380c43abcdeefc|ekaterinburg-muzey-kamnereznogo-iskusstva|Музей истории камнерезного и ювелирного искусства|MUSEUM_ART_SPACE|екатеринбург|Екатеринбург|0|0|0|1|1|1|1|0|0|1|56.8378|60.6075|0
ven_ms_7af8a729a141d1b3|ekaterinburg-muzey-istorii-nauki-i-tehniki-szhd|Музей истории науки и техники Свердловской ж/д|MUSEUM_ART_SPACE|екатеринбург|Екатеринбург|0|0|0|1|1|1|1|0|0|1|56.8589|60.605|0
ven_ms_6d6d09b4366844bf|ekaterinburg-muzey-radio-popova|Музей радио им. А. С. Попова|MUSEUM_ART_SPACE|екатеринбург|Екатеринбург|0|0|0|1|1|1|1|0|0|1|56.8317|60.6178|0
venue_69ce61cbda2cf85a00abb80d|muzeinyi-kompleks-verhnyaya-pyshma-69ce61cbda2cf85a00abb80d|Музейный комплекс Верхняя Пышма|MUSEUM_ART_SPACE|екатеринбург|Екатеринбург|0|0|0|1|1|1|1|0|0|1|56.959523590064485|60.58620069711955|0
ven_ms_d1c99952728b3056|ekaterinburg-kraevedcheskiy-muzey|Свердловский областной краеведческий музей|MUSEUM_ART_SPACE|екатеринбург|Екатеринбург|0|0|0|1|1|1|1|0|0|1|56.8411|60.6142|0
venue_6a9f01ad8803f977663cb295|хогвартс-холл-6a9f01ad8803f977663cb295|Хогвартс Холл|MUSEUM_ART_SPACE|екатеринбург|Екатеринбург|1|1|0|0|1|1|1|0|0|0|56.840232002853604|60.5830442905426|0
venue_5f79ecbfc0e894360a3d9f5d|muzei-filinov-i-sov-filosoviya-5f79ecbfc0e894360a3d9f5d|Музей Филинов и Сов "Филосовия"|MUSEUM_ART_SPACE|зеленоградск|Зеленоградск|0|0|0|1|1|1|1|0|0|1|54.95632999999999|20.4777814|0
venue_638777200ef76982d34038d4|hudozhestvennyi-muzei-musora-kaliningrad-mu-mu-ka-638777200ef76982d34038d4|Художественный МУзей МУсора КАлининград "МУ МУ КА"|MUSEUM_ART_SPACE|зеленоградск|Зеленоградск|0|0|0|1|1|1|1|0|0|1|54.92975573038611|20.51072359085083|0
ven_ms_68e2cff13c9e5106|ivanovo-muzey-ivanovskogo-sittsa|Музей ивановского ситца|MUSEUM_ART_SPACE|иваново|Иваново|0|0|1|1|1|1|1|1|1|1|57.005556|40.978889|400
ven_ms_36c793a223714f2e|ivanovo-muzey-promyshlennosti-i-iskusstva-muzey-d-g-burylina|Музей промышленности и искусства (Музей Д. Г. Бурылина)|MUSEUM_ART_SPACE|иваново|Иваново|0|0|1|1|1|1|1|1|1|1|57.005854|40.978512|428
venue_6ab2463e85813c3c43d2125d|музеи-промышленности-и-искусства-им-д-г-бурылина-белыи-зал-6ab2463e85813c3c43d2125d|Музей промышленности и искусства им. Д.Г. Бурылина, Белый зал|MUSEUM_ART_SPACE|иваново|Иваново|1|1|0|0|1|1|1|0|0|0|57.00433049999999|40.9739789|0
ven_ms_29a6a00dcf466aa7|izhevsk-muzey-strelkovogo-oruzhiya-imeni-m-t-kalashnikova|Музей стрелкового оружия имени М. Т. Калашникова|MUSEUM_ART_SPACE|ижевск|Ижевск|0|0|1|1|1|1|1|1|1|1|56.849722|53.205556|458
ven_ms_046ae7225cfd88c2|irkutsk-muzey-dekabristy|Иркутский музей декабристов (Усадьба Волконских)|MUSEUM_ART_SPACE|иркутск|Иркутск|0|0|1|1|1|1|1|1|1|1|52.288889|104.300556|405
ven_ms_4512453154a9428b|irkutsk-usadba-sukacheva|Усадьба В. П. Сукачева|MUSEUM_ART_SPACE|иркутск|Иркутск|0|0|1|1|1|1|1|1|1|1|52.2897|104.2811|226
ven_ms_25e904043de2b1ed|kazan-dom-shamilya-muzey-tukaya|Дом Шамиля / музей Тукая|MUSEUM_ART_SPACE|казань|Казань|0|0|0|1|1|1|1|0|0|1|55.7779|49.1172|0
ven_ms_9e3394f009ee1f68|kazan-dom-muzey-lenina|Дом-музей Ленина|MUSEUM_ART_SPACE|казань|Казань|0|0|0|1|1|1|1|0|0|1|55.786112|49.133211|0
venue_6764217cc0810840a0cd84fa|dom-muzei-echpochmaka-6764217cc0810840a0cd84fa|Дом-музей ЭЧПОЧМАКА|MUSEUM_ART_SPACE|казань|Казань|1|1|1|1|1|1|1|0|0|1|55.7813435|49.1152862|211
venue_5c939fa0f68e1e000b755cda|международныи-выставочныи-центр-казань-экспо-5c939fa0f68e1e000b755cda|Международный выставочный центр «Казань Экспо»|MUSEUM_ART_SPACE|казань|Казань|1|1|0|0|1|1|1|0|0|0|55.611587|49.29903569999999|0
ven_ms_8bb8f446d1384a86|kazan-muzey-chak-chaka|Музей чак-чака|MUSEUM_ART_SPACE|казань|Казань|0|0|0|1|1|1|1|0|0|1|55.782811|49.111812|0
ven_ms_881f4abd4a67ca36|kazan-natsionalnyy-muzey-rt|Национальный музей РТ|MUSEUM_ART_SPACE|казань|Казань|0|0|0|1|1|1|1|0|0|1|55.794611|49.108112|0
ven_ms_a015c220961ef637|kazan-ermitazh-kazan|Эрмитаж-Казань|MUSEUM_ART_SPACE|казань|Казань|0|0|0|1|1|1|1|0|0|1|55.798112|49.106233|0
ven_ms_a5d71e3baccee554|kaliningrad-art-prostranstvo-vorota|Арт-пространство «Ворота»|MUSEUM_ART_SPACE|калининград|Калининград|0|0|1|1|1|1|1|1|1|1|54.7089|20.5364|183
ven_ms_cbfa4b2f74bd93be|kaliningrad-istoriko-hudozhestvennyy-muzey|Историко-художественный музей|MUSEUM_ART_SPACE|калининград|Калининград|0|0|1|1|1|1|1|1|1|1|54.7208|20.5167|195
ven_ms_cfa27c5a1ceb3689|kaliningrad-muzey-izobrazitelnyh-iskusstv|Калининградский музей изобразительных искусств|MUSEUM_ART_SPACE|калининград|Калининград|0|0|1|1|1|1|1|1|1|1|54.70485|20.50635|277
ven_ms_2707fc6c848a8150|kaliningrad-muzey-bunker|Музей «Бункер»|MUSEUM_ART_SPACE|калининград|Калининград|0|0|1|1|1|1|1|1|1|1|54.7196|20.4999|248
ven_ms_6544010b29d1cfba|kaliningrad-muzey-vodokanal|Музей «Водоканал»|MUSEUM_ART_SPACE|калининград|Калининград|0|0|1|1|1|1|1|1|1|1|54.7192|20.4886|173
ven_ms_b6203ade479307fa|kaliningrad-muzey-mirovogo-okeana|Музей Мирового океана|MUSEUM_ART_SPACE|калининград|Калининград|0|0|0|1|1|1|1|0|0|1|54.706112|20.500214|16
ven_ms_5b56eda237b060f2|kaliningrad-muzey-koshek-murarium|Музей кошек «Мурариум»|MUSEUM_ART_SPACE|калининград|Калининград|0|0|0|1|1|1|1|0|0|1|54.958914|20.481211|113
ven_ms_a9ad1980293b6edb|kaliningrad-muzey-yantarya|Музей янтаря|MUSEUM_ART_SPACE|калининград|Калининград|0|0|0|1|1|1|1|0|0|1|54.722114|20.528911|108
ven_ms_19be27a330ae2983|kaliningrad-muzey-kvartira-altes-haus|Музей-квартира «Альтес Хаус» (Altes Haus)|MUSEUM_ART_SPACE|калининград|Калининград|0|0|1|1|1|1|1|1|1|1|54.7105|20.5028|176
ven_ms_f29c6f922f0e4acb|kaliningrad-smotrovaya-yantarnogo-kombinata|Смотровая Янтарного комбината|MUSEUM_ART_SPACE|калининград|Калининград|0|0|0|1|1|1|1|0|0|1|54.869212|19.94151|29
ven_ms_282d1ba1b052b6b6|kaliningrad-fort-5|Форт № 5 «Король Фридрих Вильгельм III»|MUSEUM_ART_SPACE|калининград|Калининград|0|0|1|1|1|1|1|1|1|1|54.7239|20.4276|256
ven_ms_5bfd48e098316ee6|kaliningrad-yantarnyy-kombinat|Янтарный комбинат|MUSEUM_ART_SPACE|калининград|Калининград|0|0|1|1|1|1|1|1|1|1|54.870341|19.967918|358
ven_ms_37d7e5050ce640e1|kaluga-gosudarstvennyy-muzey-istorii-kosmonavtiki-im-k-e-tsiolkovskogo|Государственный музей истории космонавтики им. К. Э. Циолковского|MUSEUM_ART_SPACE|калуга|Калуга|0|0|1|1|1|1|1|1|1|1|54.516944|36.230556|464
ven_ms_5dd75a3d9a968ea2|kaluga-dom-muzey-k-e-tsiolkovskogo|Дом-музей К. Э. Циолковского|MUSEUM_ART_SPACE|калуга|Калуга|0|0|1|1|1|1|1|1|1|1|54.505278|36.228889|404
ven_ms_e7802894582003e1|kemerovo-kemerovskiy-oblastnoy-kraevedcheskiy-muzey|Кемеровский областной краеведческий музей|MUSEUM_ART_SPACE|кемерово|Кемерово|0|0|1|1|1|1|1|1|1|1|55.354124|86.086542|362
ven_ms_f7ad9b45f4b829cd|kemerovo-muzey-zapovednik-krasnaya-gorka|Музей-заповедник «Красная Горка»|MUSEUM_ART_SPACE|кемерово|Кемерово|0|0|1|1|1|1|1|1|1|1|55.374312|86.071245|459
ven_ms_4580c7e7b278f73c|kemerovo-muzey-zapovednik-tomskaya-pisanitsa|Музей-заповедник «Томская Писаница»|MUSEUM_ART_SPACE|кемерово|Кемерово|0|0|1|1|1|1|1|1|1|1|55.663889|85.631245|422
venue_6a7078cbe93551a6687462ee|пелена-6a7078cbe93551a6687462ee|Пелена|MUSEUM_ART_SPACE|кемерово|Кемерово|0|0|0|0|1|1|1|0|0|0|55.3592241|86.07275|0
ven_ms_882d4d06f690b6cf|kirov-kirovskaya-oblast-vyatskiy-paleontologicheskiy-muzey|Вятский палеонтологический музей|MUSEUM_ART_SPACE|киров-кировская-область|Киров (Кировская область)|0|0|1|1|1|1|1|1|1|1|58.603124|49.668542|430
ven_ms_e4824ccd99963c47|kostroma-muzey-syra|Музей сыра|MUSEUM_ART_SPACE|кострома|Кострома|0|0|1|1|1|1|1|1|1|1|57.765412|40.928889|431
ven_ms_4816796e167853b8|krasnodar-dom-muzey-ermolaeva|Дом-музей штурмана Ермолаева|MUSEUM_ART_SPACE|краснодар|Краснодар|0|0|0|1|1|1|1|0|0|1|45.021711|38.957812|0
ven_ms_b612472a32adb9c9|krasnodar-literaturnyy-muzey-kubani|Литературный музей Кубани|MUSEUM_ART_SPACE|краснодар|Краснодар|0|0|0|1|1|1|1|0|0|1|45.012811|38.962812|0
ven_ms_6846439952795621|krasnodar-muzey-felitsyna|Музей им. Фелицына|MUSEUM_ART_SPACE|краснодар|Краснодар|0|0|0|1|1|1|1|0|0|1|45.023342|38.970611|0
ven_ms_b3b1bff594a6f9ed|krasnodar-hudozhestvennyy-muzey-kovalenko|Художественный музей им. Коваленко|MUSEUM_ART_SPACE|краснодар|Краснодар|0|0|0|1|1|1|1|0|0|1|45.016612|38.966111|0
ven_ms_061318b38604baa2|krasnoyarsk-kraevedcheskiy-muzey|Краеведческий музей|MUSEUM_ART_SPACE|красноярск|Красноярск|0|0|0|1|1|1|1|0|0|1|56.008342|92.867611|0
ven_ms_140f2cdc3e486727|krasnoyarsk-literaturnyy-muzey-astafieva|Литературный музей В. П. Астафьева|MUSEUM_ART_SPACE|красноярск|Красноярск|0|0|0|1|1|1|1|0|0|1|56.014112|92.881912|0
ven_ms_81846eb6f4f4f1a3|krasnoyarsk-muzey-usad-ba-v-i-surikova|Музей-усадьба В. И. Сурикова|MUSEUM_ART_SPACE|красноярск|Красноярск|0|0|1|1|1|1|1|1|1|1|56.012811|92.866111|416
venue_5b59418f515e35001ebf3c42|muzeinyi-centr-ploschad-mira-5b59418f515e35001ebf3c42|Музейный центр "Площадь Мира"|MUSEUM_ART_SPACE|красноярск|Красноярск|1|1|0|1|1|1|1|0|0|1|56.010882|92.89347199999997|0
ven_ms_cc3e58af5e71dbc2|krasnoyarsk-ploschad-mira-kic|Музейный центр «Площадь Мира»|MUSEUM_ART_SPACE|красноярск|Красноярск|0|0|0|1|1|1|1|0|0|1|56.015811|92.893812|0
ven_ms_286dd56625587446|krasnoyarsk-parohod-muzey-svyatitel-nikolay|Пароход-музей «Святитель Николай»|MUSEUM_ART_SPACE|красноярск|Красноярск|0|0|1|1|1|1|1|1|1|1|56.015111|92.895812|395
venue_69b931fa17c1b408596bad38|trc-planeta-1-etazh-centralnyi-vhod-nalevo-69b931fa17c1b408596bad38|ТРЦ "Планета" 1 этаж,  центральный вход, налево|MUSEUM_ART_SPACE|красноярск|Красноярск|0|0|0|1|1|1|1|0|0|1|56.04991589999999|92.90338899999999|0
venue_5db9a344a3a2e74c41cec111|hogvarts-holl-5db9a344a3a2e74c41cec111|Хогвартс Холл|MUSEUM_ART_SPACE|красноярск|Красноярск|1|1|0|1|1|1|1|0|0|1|56.0203828|92.90160709999998|20
ven_ms_a0554fd9572979d2|krasnoyarsk-hudozhestvennyy-muzey-surikova|Художественный музей им. Сурикова|MUSEUM_ART_SPACE|красноярск|Красноярск|0|0|0|1|1|1|1|0|0|1|56.013411|92.884112|0
venue_6a9c515b4842d75d33f71190|дк-им-ленина-6a9c515b4842d75d33f71190|ДК им Ленина|MUSEUM_ART_SPACE|красныи-луч|Красный Луч|1|1|0|0|1|1|1|0|0|0|48.1388904|38.9113303|0
ven_ms_332d5f06b534a302|kurgan-kurganskiy-aviatsionnyy-muzey|Курганский авиационный музей|MUSEUM_ART_SPACE|курган|Курган|0|0|1|1|1|1|1|1|1|1|55.478889|65.411111|440
ven_ms_0adcafd6cd3453c6|kurgan-muzey-istorii-goroda-kurgana-usad-ba-kuptsa-berezina|Музей истории города Кургана (Усадьба купца Березина)|MUSEUM_ART_SPACE|курган|Курган|0|0|1|1|1|0|1|1|1|1|55.434124|65.343142|429
ven_ms_8fdb518cdcd1f3b1|kurgan-muzey-istorii-goroda-kurgana-usadba-kuptsa-berezina|Музей истории города Кургана (Усадьба купца Березина)|MUSEUM_ART_SPACE|курган|Курган|0|0|1|1|1|1|1|1|1|1|55.434124|65.343142|429
ven_ms_e7daea762e3e3357|kursk-kurskiy-gosudarstvennyy-oblastnoy-kraevedcheskiy-muzey|Курский государственный областной краеведческий музей|MUSEUM_ART_SPACE|курск|Курск|0|0|1|1|1|1|1|1|1|1|51.728889|36.194512|432
ven_ms_133636249fb46251|kursk-muzey-usad-ba-a-a-feta|Музей-усадьба А. А. Фета|MUSEUM_ART_SPACE|курск|Курск|0|0|1|1|1|0|1|1|1|1|51.993854|36.431245|448
ven_ms_38b43d91489ca8ed|kursk-muzey-usadba-a-a-feta|Музей-усадьба А. А. Фета|MUSEUM_ART_SPACE|курск|Курск|0|0|1|1|1|1|1|1|1|1|51.993854|36.431245|448
venue_6a9eaaaac9f27e0538d887cd|музеи-городская-управа-6a9eaaaac9f27e0538d887cd|Музей "Городская управа"|MUSEUM_ART_SPACE|липецк|Липецк|1|1|0|0|1|1|1|0|0|0|52.6016443|39.5941493|0
ven_ms_b60798d5242b1120|lipeck-muzey-narodnogo-i-dekorativno-prikladnogo-iskusstva|Музей народного и декоративно-прикладного искусства|MUSEUM_ART_SPACE|липецк|Липецк|0|0|1|1|1|1|1|1|1|1|52.611111|39.588889|394
venue_6aa43484ef157e956e028f8a|тц-слава-1-этаж-6aa43484ef157e956e028f8a|ТЦ " Слава" (1 этаж)|MUSEUM_ART_SPACE|луганск|Луганск|1|1|0|0|1|1|1|0|0|0|48.5655264|39.310701|0
venue_6aad107d9bc578ddbef2c792|тц-морскои-6aad107d9bc578ddbef2c792|ТЦ "Морской"|MUSEUM_ART_SPACE|мариуполь|Мариуполь|1|1|0|0|1|1|1|0|0|0|47.1070559|37.50770199999999|0
venue_563efac09cb5381af10afd94|арт-галерея-в-кремле-в-измаилово-563efac09cb5381af10afd94|"Арт-галерея в Кремле в Измайлово|MUSEUM_ART_SPACE|moskva|Москва|1|1|0|0|1|1|1|0|0|0|55.7883527|37.7617702|72
venue_6321e202106984d833487a31|2-ои-амбулаторныи-проезд-дом-8-а-6321e202106984d833487a31|2-ой Амбулаторный проезд, дом 8-А|MUSEUM_ART_SPACE|москва|Москва|0|0|0|0|1|1|1|0|0|0|55.814136|37.5317287|0
venue_69db626cca19ccfd78923448|атмосфера-69db626cca19ccfd78923448|Atmosphere|MUSEUM_ART_SPACE|moskva|Москва|1|1|0|0|1|1|1|0|0|0|55.75686681730889|37.52982933155366|0
venue_68f01fdd178ebfe5045029b1|linda-de-la-art-centr-68f01fdd178ebfe5045029b1|Linda de La. Арт-центр|MUSEUM_ART_SPACE|moskva|Москва|1|1|0|1|1|1|1|0|0|1|55.7409871|37.61033340000001|22
venue_66fa61299baaca266fecfee7|signature-art-в-высотке-на-котельническои-66fa61299baaca266fecfee7|Signature art в высотке на Котельнической|MUSEUM_ART_SPACE|москва|Москва|0|0|0|0|1|1|1|0|0|0|55.7481094|37.6444238|39
venue_666b31d46d81c527c7299b23|signature-art-в-высотке-на-котельническои-666b31d46d81c527c7299b23|Signature art в высотке на Котельнической|MUSEUM_ART_SPACE|moskva|Москва|1|1|0|0|1|1|1|0|0|0|55.772726|37.6633489|0
venue_5aa68501519f7b001655f888|амбер-плаза-5aa68501519f7b001655f888|АМБЕР ПЛАЗА|MUSEUM_ART_SPACE|москва|Москва|0|0|0|0|1|1|1|0|0|0|55.779981|37.605751000000055|0
venue_54cabc2b9cb5385a9f65b95a|art-prostranstvo-lyumer-holl-g-moskva-54cabc2b9cb5385a9f65b95a|Арт-пространство Люмьер Холл|MUSEUM_ART_SPACE|moskva|Москва|1|1|0|1|1|1|1|0|0|1|55.740846|37.60992299999998|0
venue_6a30283da1aa76a62c3177ea|bankovskii-pereulok-2-5-6a30283da1aa76a62c3177ea|Банковский переулок 2/5|MUSEUM_ART_SPACE|moskva|Москва|0|0|0|1|1|1|1|0|0|1|55.766431|37.63758500000001|0
venue_6ab6448d2068a282cbf4fa66|встреча-на-углу-пречистенки-и-хрущевского-переулка-6ab6448d2068a282cbf4fa66|Встреча на углу Пречистенки и Хрущевского переулка|MUSEUM_ART_SPACE|moskva|Москва|1|1|0|0|1|1|1|0|0|0|55.7557986|37.6173522|0
venue_6aac63a43916b5738e2ccf1c|гбук-г-москвы-дом-лосева-музыкальная-гостиная-6aac63a43916b5738e2ccf1c|ГБУК г. Москвы "Дом Лосева" "Музыкальная гостиная"|MUSEUM_ART_SPACE|moskva|Москва|1|1|1|0|1|1|1|0|0|0|55.7495837|37.5923351|500
venue_672f34b6ebf4808956f1474a|gmii-im-pushkina-672f34b6ebf4808956f1474a|ГМИИ им Пушкина|MUSEUM_ART_SPACE|moskva|Москва|0|0|0|1|1|1|1|0|0|1|55.7475286|37.6050242|0
venue_54d8b68c9cb5386f879c826c|галерея-нагорная-54d8b68c9cb5386f879c826c|Галерея "Нагорная"|MUSEUM_ART_SPACE|moskva|Москва|1|1|0|0|1|1|1|0|0|0|55.676136|37.600648999999976|0
ven_ms_d3d5eb5c7919208c|moscow-galereya-evropy-i-ameriki|Галерея Европы и Америки|MUSEUM_ART_SPACE|moskva|Москва|0|0|1|1|1|1|1|0|0|1|55.746697|37.605448|419
venue_6225a53df0a5daf0e7ce8b21|galereya-ili-glazunova-6225a53df0a5daf0e7ce8b21|Галерея Ильи Глазунова|MUSEUM_ART_SPACE|moskva|Москва|1|1|0|1|1|1|1|0|0|1|55.746427|37.606686|0
venue_5a68ac33d35286001d56cd7f|галерея-искусств-нико-5a68ac33d35286001d56cd7f|Галерея искусств НИКО|MUSEUM_ART_SPACE|moskva|Москва|1|1|0|0|1|1|1|0|0|0|55.768591|37.575687000000016|21
venue_6a1fd5158bd71b8ae77e127c|moskva-lavrushinskii-pereulok-10-6a1fd5158bd71b8ae77e127c|Государственная Третьяковская галерея|MUSEUM_ART_SPACE|moskva|Москва|1|1|0|1|1|1|1|0|0|1|55.7416272|37.6203534|33
venue_58d0097cd352860017f35db4|государственныи-геологическии-музеи-им-вернадского-58d0097cd352860017f35db4|Государственный геологический музей им.Вернадского|MUSEUM_ART_SPACE|moskva|Москва|1|1|0|0|1|1|1|0|0|1|55.756007|37.612603000000036|0
venue_5bf694763dc0e5000bc16feb|государственныи-музеи-а-с-пушкина-5bf694763dc0e5000bc16feb|Государственный музей А. С. Пушкина|MUSEUM_ART_SPACE|moskva|Москва|1|1|1|0|1|1|1|0|0|1|55.74423179999999|37.59810140000002|260
ven_ms_0eb7ce5b57716534|moscow-darvinovskiy-muzey|Дарвиновский музей|MUSEUM_ART_SPACE|moskva|Москва|0|0|1|1|1|1|1|0|0|1|55.690868|37.562304|552
venue_6ab245dc7c8ae49346c25dee|делегатская-ул-3-стр-1-6ab245dc7c8ae49346c25dee|Делегатская ул., 3, стр. 1|MUSEUM_ART_SPACE|moskva|Москва|1|1|0|0|1|1|1|0|0|0|55.7712005|37.62162070000001|0
venue_6a9930e1fca5b29247ed77f9|дети-марии-6a9930e1fca5b29247ed77f9|Дети Марии|MUSEUM_ART_SPACE|москва|Москва|0|0|0|0|1|1|1|0|0|0|55.7618102|37.6158187|0
venue_6ab969205c103c5c6962ab2e|дмитровскии-пер-д-4-с-1-6ab969205c103c5c6962ab2e|Дмитровский пер. д.4 с.1|MUSEUM_ART_SPACE|moskva|Москва|1|1|0|0|1|1|1|0|0|0|55.7618102|37.6158187|0
venue_69cd00751fe16b4b94500bc1|дом-фарфора-69cd00751fe16b4b94500bc1|Дом Фарфора|MUSEUM_ART_SPACE|moskva|Москва|0|0|0|0|1|1|1|0|0|0|55.7618686|37.62037249999999|0
venue_5693cd139cb53836a4dbec2c|дом-музеи-гоголя-5693cd139cb53836a4dbec2c|Дом-музей Гоголя|MUSEUM_ART_SPACE|москва|Москва|0|0|0|0|1|1|1|0|0|1|55.754158|37.599828|0
venue_63517ffb98324830662a6a8b|дом-музеи-марины-цветаевои-63517ffb98324830662a6a8b|Дом-музей Марины Цветаевой|MUSEUM_ART_SPACE|moskva|Москва|1|1|0|0|1|1|1|0|0|0|55.754212|37.590042|0
ven_ms_5148d3b1d803788b|moscow-evreyskiy-muzey|Еврейский музей и центр толерантности|MUSEUM_ART_SPACE|moskva|Москва|0|0|0|1|1|1|1|0|0|1|55.7886|37.6089|0
venue_660fb58b5f6817aa20baf92b|жд-станция-переделкино-660fb58b5f6817aa20baf92b|ЖД Станция Переделкино|MUSEUM_ART_SPACE|москва|Москва|0|0|0|0|1|1|1|0|0|0|55.755826|37.6173|0
ven_ms_d40a9d1e6c0d699c|moscow-zoologicheskiy-muzey-mgu|Зоологический музей МГУ|MUSEUM_ART_SPACE|moskva|Москва|0|0|1|1|1|1|1|0|0|1|55.75549|37.609462|404
venue_6a34253f25615467e064ade2|institut-miet-6a34253f25615467e064ade2|Институт МИЭТ|MUSEUM_ART_SPACE|moskva|Москва|0|0|0|1|1|1|1|0|0|1|55.9830781|37.2068002|0
venue_617d28528f9cfc9b73d02c71|кадашевская-слобода-617d28528f9cfc9b73d02c71|Кадашёвская слобода|MUSEUM_ART_SPACE|moskva|Москва|1|1|0|0|1|1|1|0|0|0|55.743232|37.62297|0
venue_69e6b0271684dd19dabbe903|klub-galereya-69e6b0271684dd19dabbe903|Клуб «Галерея»|MUSEUM_ART_SPACE|moskva|Москва|1|1|0|1|1|1|1|0|0|1|55.75241450000001|37.5915845|0
venue_6a915b710b60f3e22f6579f1|ликино-дулево-6a915b710b60f3e22f6579f1|Ликино-Дулёво|MUSEUM_ART_SPACE|москва|Москва|0|0|0|0|1|1|1|0|0|0|56.0107061|37.488921|0
venue_63332076aef7ae36f1820154|mezhdunarodnyi-aeroport-sheremetevo-terminal-s-63332076aef7ae36f1820154|Международный аэропорт Шереметьево. Терминал С|MUSEUM_ART_SPACE|moskva|Москва|1|0|0|1|1|1|1|0|0|1|55.980550380575515|37.40310615029326|0
venue_633e7d3b1156365c15b6da1a|memorialnyi-muzei-a-n-skryabina-bolshoi-zal-633e7d3b1156365c15b6da1a|Мемориальный музей А. Н. Скрябина, Большой Зал|MUSEUM_ART_SPACE|moskva|Москва|1|1|0|1|1|1|1|0|0|1|55.75074900000001|37.590057|0
venue_65d307313ba18a325b7ceee8|мемориальныи-музеи-а-н-скрябина-малыи-зал-65d307313ba18a325b7ceee8|Мемориальный музей А. Н. Скрябина, Малый зал|MUSEUM_ART_SPACE|москва|Москва|0|0|0|0|1|1|1|0|0|0|55.75074900000001|37.590057|0
venue_6527b015ab94d375a7785a33|mesto-vstrechi-m-caricyno-vyhod-nomer-2-u-centralnogo-vhoda-v-park-vas-vstretit-gid-s-tablichkoi-lyubimyi-gorod-6527b015ab|Место встречи: м. Царицыно, выход номер 2, у центрального входа в парк вас встретит гид с табличкой Любимый город|MUSEUM_ART_SPACE|москва|Москва|0|0|0|1|1|1|1|0|0|1|55.619139455818456|37.6731276512146|113
venue_inst_91f213c54f1a3013563d956d|moskovskiy-zoopark-3013563d956d|Московский зоопарк|MUSEUM_ART_SPACE|moskva|Москва|0|0|1|1|1|1|1|0|0|1|55.7614|37.5783|305
ven_ms_75d9aeaaedf87a30|moscow-muzey-az|Музей AZ|MUSEUM_ART_SPACE|moskva|Москва|0|0|1|1|1|1|1|0|0|1|55.772592|37.596041|390
ven_ms_6d8ce2101fee3228|moscow-muzey-v-v-mayakovskogo|Музей В.В. Маяковского|MUSEUM_ART_SPACE|moskva|Москва|0|0|1|1|1|1|1|0|0|1|55.759247|37.629161|383
ven_ms_be07b463625579b5|moscow-muzey-bulgakova|Музей Михаила Булгакова|MUSEUM_ART_SPACE|moskva|Москва|0|0|0|1|1|1|1|0|0|1|55.7668|37.5935|0
ven_ms_9e50452b73c037a3|moscow-muzey-moskvy|Музей Москвы|MUSEUM_ART_SPACE|moskva|Москва|0|0|0|1|1|1|1|0|0|1|55.7368|37.5925|0
venue_5c409774b2145f000b2a2cf0|музеи-ферсмана-5c409774b2145f000b2a2cf0|Музей Ферсмана|MUSEUM_ART_SPACE|moskva|Москва|1|1|0|0|1|1|1|0|0|0|55.71889299999999|37.592535099999964|0
venue_6ab39e6acf2cbd54c736834a|музеи-хлеба-6ab39e6acf2cbd54c736834a|Музей Хлеба|MUSEUM_ART_SPACE|moskva|Москва|1|1|0|0|1|1|1|0|0|0|55.7887405|37.7588746|0
ven_ms_05e84e7ed80d2ffa|moscow-muzey-arhitektury-im-schuseva|Музей архитектуры им. Щусева|MUSEUM_ART_SPACE|moskva|Москва|0|0|1|1|1|1|1|0|0|1|55.752317|37.610992|408
venue_642c67fd763705ca498d037a|музеи-в-темноте-сенсориум-642c67fd763705ca498d037a|Музей в темноте "Сенсориум"|MUSEUM_ART_SPACE|moskva|Москва|1|1|0|0|1|1|1|0|0|0|55.7509795|37.5966691|0
ven_ms_53ad555f049268c5|moscow-muzey-dekorativno-prikladnogo-iskusstva|Музей декоративно-прикладного искусства|MUSEUM_ART_SPACE|moskva|Москва|0|0|1|1|1|1|1|0|0|1|55.774512|37.614058|346
venue_5d61087e6be9adfb0dd8425b|музеи-им-н-островского-5d61087e6be9adfb0dd8425b|Музей им. Н. Островского|MUSEUM_ART_SPACE|moskva|Москва|1|1|0|0|1|1|1|0|0|1|55.76336879999999|37.60791210000002|0
ven_ms_96aa956380767860|moscow-muzey-kosmonavtiki|Музей космонавтики|MUSEUM_ART_SPACE|moskva|Москва|0|0|0|1|1|1|1|0|0|1|55.8227|37.6397|0
ven_ms_07b5a51df962e956|moscow-muzey-kriptografii|Музей криптографии|MUSEUM_ART_SPACE|moskva|Москва|0|0|1|1|1|1|1|0|0|1|55.828654|37.593741|505
ven_ms_ae46a0029497ff4a|moscow-muzey-russkogo-impressionizma|Музей русского импрессионизма|MUSEUM_ART_SPACE|moskva|Москва|0|0|0|1|1|1|1|0|0|1|55.7889|37.5615|0
ven_ms_5f5a652434ee74d5|moscow-muzey-garazh|Музей современного искусства «Гараж»|MUSEUM_ART_SPACE|moskva|Москва|0|0|0|1|1|1|1|0|0|1|55.7278|37.6014|0
ven_ms_4ed8b0af32beaf0a|moscow-muzey-sosloviy-rossii-glazunov|Музей сословий России (Глазунов)|MUSEUM_ART_SPACE|moskva|Москва|0|0|1|1|1|1|1|0|0|1|55.746098|37.606277|311
ven_ms_45243e4ac159fca1|moscow-muzey-transporta-moskvy|Музей транспорта Москвы|MUSEUM_ART_SPACE|moskva|Москва|0|0|1|1|1|1|1|0|0|1|55.834012|37.632296|426
venue_697688d695af243b87d3d73d|muzei-emalernogo-iskusstva-emalis-697688d695af243b87d3d73d|Музей эмальерного искусства "Эмалис"|MUSEUM_ART_SPACE|moskva|Москва|1|1|1|1|1|1|1|0|0|1|55.74196619864333|37.66285708318571|432
venue_6998512396ca62a956f2c5b9|muzei-zapovednik-caricyno-bazhenovskii-zal-tavricheskii-zal-6998512396ca62a956f2c5b9|Музей-заповедник Царицыно, Таврический зал.|MUSEUM_ART_SPACE|москва|Москва|0|0|0|1|1|1|1|0|0|1|55.6183383|37.6833338|0
ven_ms_f95a84886c173d2f|moscow-muzey-usadba-tolstogo-v-hamovnikah|Музей-усадьба Толстого в Хамовниках|MUSEUM_ART_SPACE|moskva|Москва|0|0|1|1|1|1|1|0|0|1|55.734165|37.588886|372
venue_655f12ed46f7ee54d0562b8d|нпб-им-к-д-ушинского-655f12ed46f7ee54d0562b8d|НПБ им. К. Д. Ушинского|MUSEUM_ART_SPACE|moskva|Москва|1|1|0|0|1|1|1|0|0|0|55.74006929999999|37.6217207|0
ven_ms_361c01a886c52438|moscow-novaya-tretyakovka|Новая Третьяковка|MUSEUM_ART_SPACE|moskva|Москва|0|0|0|1|1|1|1|0|0|1|55.7345|37.6059|0
venue_inst_8528bec7a5fcff57ae659039|novaya-tretyakovskaya-galereya-ff57ae659039|Новая Третьяковская галерея|MUSEUM_ART_SPACE|moskva|Москва|0|0|1|1|1|1|1|0|0|1|55.7415|37.6059|292
venue_62931a512b3d98181e4f888c|новодевичии-монастырь-62931a512b3d98181e4f888c|Новодевичий Монастырь|MUSEUM_ART_SPACE|москва|Москва|0|0|0|0|1|1|1|0|0|1|55.755826|37.6173|0
venue_68da444dded2e4d1de7ffaa1|около-памятника-пушкину-и-натали-на-площади-никитских-ворот-68da444dded2e4d1de7ffaa1|Около памятника Пушкину и Натали на площади Никитских ворот|MUSEUM_ART_SPACE|moskva|Москва|1|1|0|0|1|1|1|0|0|0|55.76531379999999|37.6055207|0
ven_ms_39c0a8a503b97155|moscow-osobnyak-ryabushinskogo-muzey-kvartira-gorkogo|Особняк Рябушинского / Музей-квартира Горького|MUSEUM_ART_SPACE|moskva|Москва|0|0|1|1|1|1|1|0|0|1|55.758882|37.596041|437
ven_ms_8d314d35726304fb|moscow-paleontologicheskiy-muzey|Палеонтологический музей|MUSEUM_ART_SPACE|moskva|Москва|0|0|1|1|1|1|1|0|0|1|55.624792|37.514083|375
venue_69da0301e9ae970dffbcdf9f|памятник-есенину-на-тверском-бульваре-69da0301e9ae970dffbcdf9f|Памятник Есенину на Тверском бульваре|MUSEUM_ART_SPACE|москва|Москва|0|0|0|0|1|1|1|0|0|0|55.7662635|37.609487|0
venue_5b85ab3d153f5c001d1002d2|памятник-петру-5b85ab3d153f5c001d1002d2|Памятник Петру|MUSEUM_ART_SPACE|москва|Москва|0|0|0|0|1|1|1|0|0|0|55.79101799999999|37.764860999999996|0
ven_ms_066b2e3a180accd5|moscow-petrovskiy-putevoy-dvorets|Петровский путевой дворец|MUSEUM_ART_SPACE|moskva|Москва|0|0|1|1|1|1|1|0|0|1|55.793739|37.551722|311
venue_638f165cb2496ab2eb6eb37a|покровскии-собор-638f165cb2496ab2eb6eb37a|Покровский собор|MUSEUM_ART_SPACE|moskva|Москва|1|1|0|0|1|1|1|0|0|1|55.7525068|37.6231904|0
ven_ms_b947d2f5c6bbb859|moscow-politehnicheskiy-muzey|Политехнический музей|MUSEUM_ART_SPACE|moskva|Москва|0|0|0|1|1|1|1|0|0|1|55.7585|37.6295|0
venue_6a7f14757cfd461c6c0c298f|пречистенка-11-8-6a7f14757cfd461c6c0c298f|Пречистенка 11/8|MUSEUM_ART_SPACE|москва|Москва|0|0|0|0|1|1|1|0|0|0|55.7568721|37.6150527|0
venue_6a1aee260d433f1206d2d624|ресторан-музеи-булошная-6a1aee260d433f1206d2d624|Ресторан-музей «Булошная»|MUSEUM_ART_SPACE|moskva|Москва|1|1|1|0|1|1|1|0|0|0|55.7596503|37.6522702|358
venue_6a17ed168767cd2ab62a7aa5|романов-пер-4-стр-2-возле-храма-знамения-иконы-божиеи-матери-на-шереметьевом-дворе-6a17ed168767cd2ab62a7aa5|Романов пер., 4, стр. 2 возле храма Знамения иконы Божией Матери на Шереметьевом дворе.|MUSEUM_ART_SPACE|moskva|Москва|1|1|0|0|1|1|1|0|0|0|55.757598|37.614201|0
venue_631ee7c0796f2626ddb94512|станция-мичуренец-631ee7c0796f2626ddb94512|Станция Мичуренец|MUSEUM_ART_SPACE|moskva|Москва|1|1|0|0|1|1|1|0|0|0|55.6460051|37.3114478|0
venue_636ea2da7406fe880bf5ba5b|старая-басманная-ул-23-9с1-636ea2da7406fe880bf5ba5b|Старая Басманная ул., 23/9с1|MUSEUM_ART_SPACE|moskva|Москва|1|1|0|0|1|1|1|0|0|0|55.76729109999999|37.6646273|0
venue_6a97d63ebd63eeecae233c7b|столичная-галерея-художников-6a97d63ebd63eeecae233c7b|Столичная Галерея Художников|MUSEUM_ART_SPACE|moskva|Москва|0|0|1|0|1|1|1|0|0|0|55.7825685|37.5737356|163
venue_6587dd981e5a46765a62a1b2|суриковскии-институт-6587dd981e5a46765a62a1b2|Суриковский институт|MUSEUM_ART_SPACE|москва|Москва|0|0|0|0|1|1|1|0|0|0|55.7436979|37.6667268|0
ven_phase_g_test_museum_catalog|phase-g-test-museum|Тестовый музей Дайбилет|MUSEUM_ART_SPACE|moskva|Москва|0|0|0|1|1|1|0|0|0|1|||0
ven_ms_8b8d779e87e328f7|moscow-tret-yakovskaya-galereya|Третьяковская галерея|MUSEUM_ART_SPACE|moskva|Москва|0|0|1|1|1|1|1|1|1|1|55.741392|37.62015|308
venue_672e53b946900f2370489ec9|три-ступени-672e53b946900f2370489ec9|Три ступени|MUSEUM_ART_SPACE|moskva|Москва|1|1|0|0|1|1|1|0|0|0|55.7247134|37.60786480000001|0
venue_65c23f6cb4500cc20a8be9f3|усадьба-кусково-портретная-галерея-большои-каменнои-оранжереи-65c23f6cb4500cc20a8be9f3|Усадьба Кусково Портретная галерея большой каменной оранжереи|MUSEUM_ART_SPACE|moskva|Москва|1|1|0|0|1|1|1|0|0|0|55.738197|37.810382|0
venue_66fd42b8466e7e8eb164852a|центр-искусств-арт-коробка-66fd42b8466e7e8eb164852a|Центр искусств "АРТ Коробка"|MUSEUM_ART_SPACE|moskva|Москва|0|0|0|0|1|1|1|0|0|0|55.70503|37.63905980000001|35
ven_ms_4e508a1e888671ab|moscow-tsentralnyy-muzey-vov|Центральный музей ВОВ|MUSEUM_ART_SPACE|moskva|Москва|0|0|1|1|1|1|1|0|0|1|55.731452|37.504992|530
venue_6a91e91af1546f7260f5e9cd|бункер-сталина-6a91e91af1546f7260f5e9cd|бункер Сталина|MUSEUM_ART_SPACE|moskva|Москва|1|1|0|0|1|1|1|0|0|0|55.7978562|37.7521584|80
venue_6a0c6419ad6bf0ef3288c265|g-chernogolovka-6a0c6419ad6bf0ef3288c265|г. Черноголовка|MUSEUM_ART_SPACE|moskva|Москва|1|1|0|1|1|1|1|0|0|1|55.714878|37.572418|0
venue_6810ec88e9960b173cc6c183|м-курская-6810ec88e9960b173cc6c183|м Курская|MUSEUM_ART_SPACE|moskva|Москва|1|1|0|0|1|1|1|0|0|0|55.7655174|37.667513|0
venue_670fc3b034a86d99bd81ee39|м-курская-670fc3b034a86d99bd81ee39|м. Курская|MUSEUM_ART_SPACE|moskva|Москва|1|1|0|0|1|1|1|0|0|0|55.7518763|37.6491886|0
venue_67f680712b0a0e187ed0f2c8|m-mayakovskaya-barrikadnaya-67f680712b0a0e187ed0f2c8|м. Маяковская, Баррикадная|MUSEUM_ART_SPACE|москва|Москва|0|0|0|1|1|1|1|0|0|1|55.7641078|37.5878315|0
venue_646bc3d6bf35ceedff326eed|м-парк-победы-панорама-646bc3d6bf35ceedff326eed|м. Парк Победы (панорама)|MUSEUM_ART_SPACE|москва|Москва|0|0|0|0|1|1|1|0|0|0|55.7372926|37.5134473|0
venue_6667205a774698266c1dd51d|метро-римская-площадь-ильича-6667205a774698266c1dd51d|метро «Римская», «Площадь Ильича»|MUSEUM_ART_SPACE|moskva|Москва|1|1|0|0|1|1|1|0|0|0|55.7487641|37.682507|0
venue_67da93abe57d2588613f3d3c|metro-botanicheskii-sad-67da93abe57d2588613f3d3c|метро Ботанический сад|MUSEUM_ART_SPACE|moskva|Москва|0|0|0|1|1|1|1|0|0|1|55.8453|37.6394|0
venue_64e0555994eeaebec938c519|проспект-мира-64e0555994eeaebec938c519|проспект Мира|MUSEUM_ART_SPACE|moskva|Москва|1|1|0|0|1|1|1|0|0|0|55.779624|37.631785|0
venue_6914c4bedd9f4e117061797e|ст-метро-аэропорт-внуково-выход-3-на-улице-6914c4bedd9f4e117061797e|ст.метро "Аэропорт Внуково", выход 3, на улице|MUSEUM_ART_SPACE|moskva|Москва|1|1|0|0|1|1|1|0|0|0|55.801236|37.531712|0
venue_6a7d9cf1694477e259725ba8|станция-захарово-6a7d9cf1694477e259725ba8|станция Захарово|MUSEUM_ART_SPACE|москва|Москва|0|0|0|0|1|1|1|0|0|0|55.7574905|37.6611186|0
venue_669a2c321fa671a4d8f9a38a|станция-метро-бауманская-669a2c321fa671a4d8f9a38a|станция метро Бауманская|MUSEUM_ART_SPACE|moskva|Москва|1|1|0|0|1|1|1|0|0|0|55.7727035|37.6790474|0
venue_61df12ed2bcda2614aec778d|ул-воздвиженка-5-25-61df12ed2bcda2614aec778d|ул. Воздвиженка, 5/25|MUSEUM_ART_SPACE|moskva|Москва|0|0|0|0|1|1|1|0|0|0|55.74988200000001|37.5378635|0
ven_ms_79dcb6b47c771c34|murmansk-murmanskiy-oblastnoy-kraevedcheskiy-muzey|Мурманский областной краеведческий музей|MUSEUM_ART_SPACE|мурманск|Мурманск|0|0|1|1|1|1|1|1|1|1|68.948889|33.078889|347
venue_6aad382d62da52e13c09cfb7|цирк-шапито-circusland-6aad382d62da52e13c09cfb7|Цирк шапито "Circusland"|MUSEUM_ART_SPACE|нальчик|Нальчик|1|1|0|0|1|1|1|0|0|0|43.4758127|43.5743336|0
venue_69132988dced4212a51fb8ed|парк-чудес-галилео-69132988dced4212a51fb8ed|«Парк чудес Галилео»|MUSEUM_ART_SPACE|нижнии-новгород|Нижний Новгород|1|1|0|0|1|1|1|0|0|0|56.2905059|44.0735655|25
venue_6a59eefc3b43407ca45b226f|музеи-двоиное-дно-6a59eefc3b43407ca45b226f|Музей "Двойное дно"|MUSEUM_ART_SPACE|нижнии-новгород|Нижний Новгород|1|1|1|0|1|1|1|0|0|0|56.3280806|44.0175462|728
ven_ms_7bb43ce4b3e1322d|nizhny-novgorod-muzey-istorii-gaz|Музей истории ГАЗ|MUSEUM_ART_SPACE|нижнии-новгород|Нижний Новгород|0|0|1|1|1|1|1|1|1|1|56.251919|43.890692|168
ven_ms_17b639fd59ec4ab0|nizhny-novgorod-russkiy-muzey-fotografii|Русский музей фотографии|MUSEUM_ART_SPACE|нижнии-новгород|Нижний Новгород|0|0|1|1|1|1|1|1|1|1|56.323531|44.004128|143
ven_ms_5446ec3aae948980|nizhny-novgorod-tehnicheskiy-muzey|Технический музей|MUSEUM_ART_SPACE|нижнии-новгород|Нижний Новгород|0|0|1|1|1|1|1|1|1|1|56.319522|43.997238|161
ven_ms_e9f5f5dd38d247ee|nizhny-novgorod-arsenal-gtsisi|Центр современного искусства «Арсенал»|MUSEUM_ART_SPACE|нижнии-новгород|Нижний Новгород|0|0|1|1|1|1|1|1|1|1|56.328325|44.004128|185
venue_6819b8c011fb9815f5ab2683|art-galereya-kukolnaya-kollekciya-6819b8c011fb9815f5ab2683|Арт-галерея "Кукольная коллекция"|MUSEUM_ART_SPACE|новосибирск|Новосибирск|1|1|1|1|1|1|1|0|0|1|55.055442380631966|82.90417940841296|419
ven_ms_09d489dbea0a35aa|novosibirsk-iskitim-lozhok|Искитим / Ложок|MUSEUM_ART_SPACE|новосибирск|Новосибирск|0|0|0|1|1|1|1|0|0|1|54.606811|83.332304|0
ven_ms_5cd280be92b11039|novosibirsk-muzey-sibirskaya-beresta|Музей «Сибирская береста»|MUSEUM_ART_SPACE|новосибирск|Новосибирск|0|0|0|1|1|1|1|0|0|1|55.019412|82.918451|0
venue_688e4e01a7c61ff02c5f6ca7|muzei-garri-pottera-hogvarts-holl-688e4e01a7c61ff02c5f6ca7|Музей Гарри Поттера - Хогвартс Холл|MUSEUM_ART_SPACE|новосибирск|Новосибирск|1|1|0|1|1|1|1|0|0|1|55.0326156|82.93564429999999|0
ven_ms_4e184a37fa8f8d57|novosibirsk-muzey-zheleznodorozhnoy-tehniki|Музей железнодорожной техники им. Н. А. Акулинина|MUSEUM_ART_SPACE|новосибирск|Новосибирск|0|0|0|1|1|1|1|0|0|1|54.851241|83.056214|0
ven_ms_9faa96a853037937|novosibirsk-muzey-mirovoy-pogrebal-noy-kul-tury|Музей мировой погребальной культуры|MUSEUM_ART_SPACE|новосибирск|Новосибирск|0|0|1|1|1|1|1|1|1|1|55.029837|83.109156|405
ven_ms_2136f6ef8d0006fd|novosibirsk-muzey-olimpiyskoy-slavy|Музей олимпийской славы|MUSEUM_ART_SPACE|новосибирск|Новосибирск|0|0|0|1|1|1|1|0|0|1|55.030412|82.918541|0
ven_ms_d3351f86be5149f0|novosibirsk-muzey-solntsa|Музей солнца|MUSEUM_ART_SPACE|новосибирск|Новосибирск|0|0|0|1|1|1|1|0|0|1|55.056541|82.918114|0
ven_ms_a877a74ba4072912|novosibirsk-datsan-rinchin|Новосибирская буддийская пагода (Дацан «Ринчин»)|MUSEUM_ART_SPACE|новосибирск|Новосибирск|0|0|0|1|1|1|1|0|0|1|54.881241|83.071415|0
ven_ms_3eb657a1953a86c7|novosibirsk-kraevedcheskiy-muzey|Новосибирский государственный краеведческий музей|MUSEUM_ART_SPACE|новосибирск|Новосибирск|0|0|0|1|1|1|1|0|0|1|55.029854|82.920214|0
ven_ms_83ba2808c4c59698|novosibirsk-novosibirskiy-hudozhestvennyy-muzey|Новосибирский художественный музей|MUSEUM_ART_SPACE|новосибирск|Новосибирск|0|0|1|1|1|1|1|1|1|1|55.023249|82.921388|384
ven_ms_bc38fd2a4303c523|novosibirsk-suzun|Сузун|MUSEUM_ART_SPACE|новосибирск|Новосибирск|0|0|0|1|1|1|1|0|0|1|53.781204|82.311402|0
ven_ms_f8648723d84b8111|omsk-muzey-kondratiya-belova|Дом-музей Кондратия Белова|MUSEUM_ART_SPACE|омск|Омск|0|0|0|1|1|1|1|0|0|1|54.97371|73.38141|0
ven_ms_737f649d2b7145cf|omsk-literaturnyy-muzey-dostoevskogo|Литературный музей Ф. М. Достоевского|MUSEUM_ART_SPACE|омск|Омск|0|0|0|1|1|1|1|0|0|1|54.98741|73.36421|0
ven_ms_8aef38eb92506694|omsk-muzey-voinskoy-slavy|Музей воинской славы омичей|MUSEUM_ART_SPACE|омск|Омск|0|0|0|1|1|1|1|0|0|1|54.97821|73.36912|0
ven_ms_01807f977cb3078a|omsk-muzey-izobrazitelnyh-iskusstv-vrubelya|Музей изобразительных искусств имени Врубеля|MUSEUM_ART_SPACE|омск|Омск|0|0|0|1|1|1|1|0|0|1|54.98351|73.37421|0
ven_ms_0c64861c8c7067ba|omsk-muzey-prosvescheniya|Музей просвещения|MUSEUM_ART_SPACE|омск|Омск|0|0|0|1|1|1|1|0|0|1|54.98931|73.36721|0
ven_ms_030f7cc798a82efe|omsk-kraevedcheskiy-muzey|Омский историко-краеведческий музей|MUSEUM_ART_SPACE|омск|Омск|0|0|0|1|1|1|1|0|0|1|54.98541|73.37121|0
ven_ms_80822c72160185cf|omsk-starina-sibirskaya|Старина Сибирская (Большеречье)|MUSEUM_ART_SPACE|омск|Омск|0|0|0|1|1|1|1|0|0|1|56.103112|74.621112|0
ven_ms_9b1599cb6d50555e|omsk-ermitazh-sibir|Эрмитаж-Сибирь|MUSEUM_ART_SPACE|омск|Омск|0|0|0|1|1|1|1|0|0|1|54.98951|73.36782|0
ven_ms_eaa790b71dca18bd|orenburg-muzey-kosmonavtiki|Музей космонавтики (Музей космоса)|MUSEUM_ART_SPACE|оренбург|Оренбург|0|0|1|1|1|1|1|1|1|1|51.756542|55.115112|421
venue_69e452b0f51c4f2a3902aaa6|особняк-купцов-хусаиновых-69e452b0f51c4f2a3902aaa6|Особняк купцов Хусаиновых|MUSEUM_ART_SPACE|оренбург|Оренбург|1|1|1|0|1|1|1|0|0|0|51.775927|55.096537|146
ven_ms_5d677286541e08b1|orel-muzey-i-s-turgeneva|Музей И. С. Тургенева|MUSEUM_ART_SPACE|орел|Орёл|0|0|1|1|1|1|1|1|1|1|52.964412|36.061245|395
venue_67c96aa911c47701e098a309|muzei-iskusstv-nakanosima-67c96aa911c47701e098a309|Музей искусств Наканосима|MUSEUM_ART_SPACE|осака|Осака|1|0|0|1|1|1|1|0|0|1|34.69250925878805|135.49129486083984|0
ven_ms_8f09828f6f7f46c4|penza-muzey-zapovednik-tarhany|Государственный Лермонтовский музей-заповедник «Тарханы»|MUSEUM_ART_SPACE|пенза|Пенза|0|0|1|1|1|1|1|1|1|1|52.993854|43.661245|404
ven_ms_955e0ed985d149cb|penza-dom-meyerholda|Дом Мейерхольда|MUSEUM_ART_SPACE|пенза|Пенза|0|0|0|1|1|1|1|0|0|1|53.196112|45.020612|0
ven_ms_fc79c1785c128799|penza-dom-muzey-burdenko|Дом-музей Бурденко|MUSEUM_ART_SPACE|пенза|Пенза|0|0|0|1|1|1|1|0|0|1|53.197612|45.023412|0
ven_ms_c00a5f31bfd0f782|penza-kartinnaya-galereya-im-savickogo|Картинная галерея им. Савицкого|MUSEUM_ART_SPACE|пенза|Пенза|0|0|0|1|1|1|1|0|0|1|53.196612|45.018212|0
ven_ms_1560a26dae96be67|penza-literaturnyy-muzey|Литературный музей|MUSEUM_ART_SPACE|пенза|Пенза|0|0|0|1|1|1|1|0|0|1|53.196412|45.021112|0
ven_ms_34a20bb7eea3a39f|penza-muzey-klyuchevskogo|Музей В. О. Ключевского|MUSEUM_ART_SPACE|пенза|Пенза|0|0|0|1|1|1|1|0|0|1|53.198112|45.024112|0
ven_ms_d6dbfc519e9aa3b2|penza-muzey-odnoy-kartiny-im-g-v-myasnikova|Музей одной картины им. Г. В. Мясникова|MUSEUM_ART_SPACE|пенза|Пенза|0|0|1|1|1|1|1|1|1|1|53.187241|45.011654|457
ven_ms_6944fb380a1e91de|penza-radishchevo-muzey-zapovednik|Музей-заповедник Радищева|MUSEUM_ART_SPACE|пенза|Пенза|0|0|0|1|1|1|1|0|0|1|52.987112|46.061112|0
ven_ms_cd3eeb5b137621b9|penza-narovchat-kuprin|Наровчат и музей Куприна|MUSEUM_ART_SPACE|пенза|Пенза|0|0|0|1|1|1|1|0|0|1|53.876112|43.694112|0
ven_ms_cbe6b5ae05bef054|penza-narovchat-dom-muzey-kuprina|Наровчат и музей Куприна|MUSEUM_ART_SPACE|пенза|Пенза|0|0|0|1|1|1|1|0|0|1|53.876112|43.694112|0
ven_ms_dbd2b31dfc1ac08e|penza-kraevedcheskiy-muzey|Пензенский краеведческий музей|MUSEUM_ART_SPACE|пенза|Пенза|0|0|0|1|1|1|1|0|0|1|53.197012|45.020212|0
ven_ms_b9fb19af9a41803d|penza-planetariy|Планетарий|MUSEUM_ART_SPACE|пенза|Пенза|0|0|0|1|1|1|1|0|0|1|53.200812|45.014112|0
ven_perm_f1c9352e2425c2|perm-muzey-retro-garazh|Автомузей «Ретро-гараж»|MUSEUM_ART_SPACE|пермь|Пермь|0|0|0|1|1|1|1|0|0|1|58.0151|56.2796|0
ven_perm_hohlovka|muzej-hohlovka|Архитектурно-этнографический музей «Хохловка»|MUSEUM_ART_SPACE|пермь|Пермь|0|0|1|1|1|1|1|1|1|1|58.261245|56.263854|466
ven_perm_5710007012758e|perm-galereya-2517|Галерея «25'17»|MUSEUM_ART_SPACE|пермь|Пермь|0|0|0|1|1|1|1|0|0|1|58.0138|56.2497|0
ven_perm_9e97e66420ee4f|perm-muzey-motovilihinskih-zavodov|Музей истории Мотовилихинских заводов|MUSEUM_ART_SPACE|пермь|Пермь|0|0|0|1|1|1|1|0|0|1|58.0339|56.3155|0
ven_perm_2116d412531ba8|perm-muzey-istorii-pgniu|Музей истории Пермского университета|MUSEUM_ART_SPACE|пермь|Пермь|0|0|0|1|1|1|1|0|0|1|58.0086|56.1878|0
ven_perm_78985bfb938b3f|perm-muzey-istorii-svyazi|Музей истории связи|MUSEUM_ART_SPACE|пермь|Пермь|0|0|0|1|1|1|1|0|0|1|58.0232|56.2711|0
ven_perm_f88ce5d508cc07|perm-muzey-permskikh-drevnostey|Музей пермских древностей|MUSEUM_ART_SPACE|пермь|Пермь|0|0|0|1|1|1|1|0|0|1|58.0125|56.2494|0
venue_5e4423fcaadb42a1889abee3|muzei-sovremennogo-iskusstva-permm-5e4423fcaadb42a1889abee3|Музей современного искусства PERMM|MUSEUM_ART_SPACE|пермь|Пермь|0|0|0|1|1|1|1|0|0|1|58.01266754257361|56.278839111328125|77
ven_perm_fda6e9301e9124|perm-muzey-diorama-vyshka|Музей-диорама на горе Вышка|MUSEUM_ART_SPACE|пермь|Пермь|0|0|0|1|1|1|1|0|0|1|58.0345|56.3216|0
ven_perm_galereya|permskaya-galereya|Пермская художественная галерея|MUSEUM_ART_SPACE|пермь|Пермь|0|0|1|1|1|1|1|1|1|1|58.016345|56.221245|446
ven_perm_7be5f944a1db28|perm-muzey-kukol|Пермский музей кукол|MUSEUM_ART_SPACE|пермь|Пермь|0|0|0|1|1|1|1|0|0|1|58.0109|56.2426|0
ven_perm_2cbd543725baec|perm-maris-art|Частная галерея «Марис-Арт»|MUSEUM_ART_SPACE|пермь|Пермь|0|0|0|1|1|1|1|0|0|1|58.0305|56.3023|0
venue_6a66fd19944758afac453cb9|зоосад-экзотик-парк-в-трк-мегамаг-6a66fd19944758afac453cb9|Зоосад "Экзотик парк" в ТРК "Мегамаг"|MUSEUM_ART_SPACE|ростов-на-дону|Ростов-на-Дону|0|0|0|0|1|1|1|0|0|0|47.203807|39.721202|0
ven_ms_b6837aad1c401200|rostov-na-donu-donskaya-kazachya-gvardiya|КВЦ «Донская казачья гвардия»|MUSEUM_ART_SPACE|ростов-на-дону|Ростов-на-Дону|0|0|0|1|1|1|1|0|0|1|47.225912|39.734112|0
ven_ms_752c3271129986c1|rostov-na-donu-makaronka-s61|Кластер «Макаронка» / С61|MUSEUM_ART_SPACE|ростов-на-дону|Ростов-на-Дону|0|0|0|1|1|1|1|0|0|1|47.229112|39.751212|0
ven_ms_3843fc1ef3e47d53|rostov-na-donu-muzey-skzhd|Музей истории Северо-Кавказской железной дороги|MUSEUM_ART_SPACE|ростов-на-дону|Ростов-на-Дону|0|0|0|1|1|1|1|0|0|1|47.199112|39.631112|0
ven_ms_35b452ee21e74e1e|rostov-na-donu-muzey-istorii-organov-pravoporyadka|Музей истории органов правопорядка Дона|MUSEUM_ART_SPACE|ростов-на-дону|Ростов-на-Дону|0|0|0|1|1|1|1|0|0|1|47.220412|39.705891|0
ven_ms_7f918b7d1bf012b2|rostov-na-donu-muzey-kosmonavtiki|Музей космонавтики|MUSEUM_ART_SPACE|ростов-на-дону|Ростов-на-Дону|0|0|0|1|1|1|1|0|0|1|47.214112|39.619112|0
ven_ms_d1fb11d2c999a055|rostov-na-donu-muzey-russko-armyanskoy-druzhby|Музей русско-армянской дружбы|MUSEUM_ART_SPACE|ростов-на-дону|Ростов-на-Дону|0|0|0|1|1|1|1|0|0|1|47.229112|39.756112|0
ven_ms_4f5dc1c8faa1879c|rostov-na-donu-msii-na-dmitrovskoy|Музей современного изобразительного искусства|MUSEUM_ART_SPACE|ростов-на-дону|Ростов-на-Дону|0|0|0|1|1|1|1|0|0|1|47.220112|39.713912|0
ven_ms_41b5aa51500bf5c8|rostov-na-donu-muzey-izobrazitelnyh-iskusstv|Ростовский музей изобразительных искусств|MUSEUM_ART_SPACE|ростов-на-дону|Ростов-на-Дону|0|0|0|1|1|1|1|0|0|1|47.226312|39.721112|0
ven_ms_4f4fd6ae5b5e2032|rostov-na-donu-oblastnoy-muzey-kraevedeniya|Ростовский областной музей краеведения|MUSEUM_ART_SPACE|ростов-на-дону|Ростов-на-Дону|0|0|0|1|1|1|1|0|0|1|47.223112|39.722912|0
ven_ms_b593e7a2cfd248f0|ryazan-galereya-kraft|Галерея «Крафт» в Торговых рядах|MUSEUM_ART_SPACE|рязань|Рязань|0|0|0|1|1|1|1|0|0|1|54.627801|39.739402|0
venue_5e508e3d941c363b4cc4a584|кафе-клуб-старыи-парк-5e508e3d941c363b4cc4a584|Кафе-клуб "Старый парк"|MUSEUM_ART_SPACE|рязань|Рязань|1|1|1|0|1|1|1|0|0|0|54.62598999999999|39.7523531|567
ven_ms_3bf069f29f63253f|ryazan-muzey-avtomobilnoy-tehniki|Музей автомобильной техники (Музей ВАИ)|MUSEUM_ART_SPACE|рязань|Рязань|0|0|0|1|1|1|1|0|0|1|54.609112|39.691112|0
ven_ms_b4c50633b0ec9016|ryazan-eksperimentoriya|Музей занимательных наук «Экспериментория»|MUSEUM_ART_SPACE|рязань|Рязань|0|0|0|1|1|1|1|0|0|1|54.632112|39.742901|0
ven_ms_fdfa717935da0775|ryazan-muzey-istorii-vdv|Музей истории Воздушно-десантных войск|MUSEUM_ART_SPACE|рязань|Рязань|0|0|0|1|1|1|1|0|0|1|54.631212|39.733901|0
ven_ms_d26fee951cf3dee6|ryazan-muzey-istorii-ryazanskogo-ledentsa|Музей истории рязанского леденца|MUSEUM_ART_SPACE|рязань|Рязань|0|0|1|1|1|1|1|1|1|1|54.632145|39.749112|455
ven_ms_7776ad9e668ccadc|ryazan-muzey-pchelovodstva|Музей пчеловодства|MUSEUM_ART_SPACE|рязань|Рязань|0|0|0|1|1|1|1|0|0|1|54.619112|39.761102|0
ven_ms_0bbd0c4155362dab|ryazan-muzey-zapovednik-s-a-esenina-v-konstantinovo|Музей-заповедник С. А. Есенина в Константиново|MUSEUM_ART_SPACE|рязань|Рязань|0|0|1|1|1|1|1|1|1|1|54.863854|39.431245|419
ven_ms_1fdb7c5dabb3f839|ryazan-muzey-usad-ba-akademika-i-p-pavlova|Музей-усадьба академика И. П. Павлова|MUSEUM_ART_SPACE|рязань|Рязань|0|0|1|1|1|1|1|1|1|1|54.622222|39.736944|405
ven_ms_eb87d3dfc5a03d48|ryazan-hudozhestvennyy-muzey-pozhalostina|Рязанский художественный музей им. И. П. Пожалостина|MUSEUM_ART_SPACE|рязань|Рязань|0|0|0|1|1|1|1|0|0|1|54.626912|39.747901|0
venue_63d0cb6e8b695a013dc2ff51|арт-пространство-артист-63d0cb6e8b695a013dc2ff51|Арт-пространство "Артист"|MUSEUM_ART_SPACE|самара|Самара|1|1|0|0|1|1|1|0|0|0|53.18746900000001|50.090185|0
ven_ms_abb65b4b6b55c899|samara-kraevedcheskiy-muzey-alabina|Краеведческий музей им. П. В. Алабина|MUSEUM_ART_SPACE|самара|Самара|0|0|0|1|1|1|1|0|0|1|53.189312|50.111811|0
ven_ms_bb2cbe214c8a5560|samara-muzey-samara-kosmicheskaya|Музей «Самара Космическая»|MUSEUM_ART_SPACE|самара|Самара|0|0|1|1|1|1|1|1|1|1|53.223112|50.145611|372
ven_ms_565ba6581ccebc7c|samara-muzey-moderna-usadba-kurlinoy|Музей Модерна (Усадьба Курлиной)|MUSEUM_ART_SPACE|самара|Самара|0|0|0|1|1|1|1|0|0|1|53.197211|50.104211|0
ven_ms_84abe64296a0dd24|samara-muzey-eldara-ryazanova|Музей Эльдара Рязанова|MUSEUM_ART_SPACE|самара|Самара|0|0|0|1|1|1|1|0|0|1|53.193012|50.098711|0
ven_ms_17f26c4c34a7d7bf|samara-literaturnyy-muzey-gorkogo|Самарский литературный музей им. М. Горького|MUSEUM_ART_SPACE|самара|Самара|0|0|0|1|1|1|1|0|0|1|53.196811|50.103312|0
ven_ms_3e65a07201072783|samara-samarskiy-hudozhestvennyy-muzey|Самарский художественный музей|MUSEUM_ART_SPACE|самара|Самара|0|0|0|1|1|1|1|0|0|1|53.191412|50.095411|0
venue_667c4b3f12bb5e914c63ff6e|cabinet-abstract-667c4b3f12bb5e914c63ff6e|CABINET ABSTRACT|MUSEUM_ART_SPACE|санкт-петербург|Санкт-Петербург|0|0|0|1|1|1|1|0|0|1|59.9244344|30.242049|30
venue_6802245e7ad09045eb0e7708|cruise-by-kuznyahouse-6802245e7ad09045eb0e7708|Cruise by Kuznyahouse|MUSEUM_ART_SPACE|санкт-петербург|Санкт-Петербург|0|0|0|0|1|1|1|0|0|0|59.9326101|30.2866261|0
venue_63b863b7e513c7861f3e0aad|kgallery-63b863b7e513c7861f3e0aad|KGallery|MUSEUM_ART_SPACE|санкт-петербург|Санкт-Петербург|1|1|0|0|1|1|1|0|0|0|59.9394879|30.3424607|0
venue_696def1a61fc21a71b15d0ae|start-47-696def1a61fc21a71b15d0ae|Start 47|MUSEUM_ART_SPACE|санкт-петербург|Санкт-Петербург|0|0|0|0|1|1|1|0|0|0|59.9281216|30.34501629999999|36
venue_63da1f4b2eeedc9555bf3096|zarenkov-gallery-63da1f4b2eeedc9555bf3096|Zarenkov Gallery|MUSEUM_ART_SPACE|санкт-петербург|Санкт-Петербург|0|0|1|0|1|1|1|0|0|0|59.920209|30.345907|1549
venue_63fdedf14ec024809157e35c|avtodrom-sankt-peterburg-63fdedf14ec024809157e35c|Автодром Санкт-Петербург|MUSEUM_ART_SPACE|санкт-петербург|Санкт-Петербург|0|0|1|1|1|1|1|0|0|1|59.78096483604168|30.452249341847224|236
venue_691f3351a44da6ff4544d848|арт-кафе-балаган-691f3351a44da6ff4544d848|Арт-кафе «Балаган»|MUSEUM_ART_SPACE|санкт-петербург|Санкт-Петербург|1|1|0|0|1|1|1|0|0|0|59.9119098|30.315134|0
ven_ms_f6c0dfa19a10d9e2|saint-petersburg-artilleriyskiy-muzey|Артиллерийский музей|MUSEUM_ART_SPACE|санкт-петербург|Санкт-Петербург|0|0|0|1|1|1|1|0|0|1|59.953891|30.313812|45
ven_ms_d47d824a992ee23e|saint-petersburg-buddiyskiy-datsan-gunzechoyney|Буддийский дацан Гунзэчойнэй|MUSEUM_ART_SPACE|санкт-петербург|Санкт-Петербург|0|0|0|1|1|1|1|0|0|1|59.9895|30.2765|0
ven_ms_f52332728c8f7c53|saint-petersburg-glavnyy-shtab-ermitazh|Главный штаб (Эрмитаж)|MUSEUM_ART_SPACE|санкт-петербург|Санкт-Петербург|0|0|0|1|1|1|1|0|0|1|59.936641|30.319712|55
ven_ms_2fad1750a370a63d|saint-petersburg-zoologicheskiy-muzey-ran|Зоологический музей РАН|MUSEUM_ART_SPACE|санкт-петербург|Санкт-Петербург|0|0|0|1|1|1|1|0|0|1|59.941621|30.306714|61
venue_6794f36b0d8af21aff6bf72f|культурное-пространство-атс-6794f36b0d8af21aff6bf72f|Культурное пространство "АТС"|MUSEUM_ART_SPACE|санкт-петербург|Санкт-Петербург|0|0|1|0|1|1|1|0|0|0|59.93862036243792|30.35158160616794|271
ven_ms_1c009833bfe0b5c7|saint-petersburg-kunstkamera|Кунсткамера|MUSEUM_ART_SPACE|санкт-петербург|Санкт-Петербург|0|0|0|1|1|1|1|0|0|1|59.941412|30.304523|0
ven_ms_9e58325c7e466374|saint-petersburg-literaturno-memorialnyy-muzey-dostoevskogo|Литературно-мемориальный музей Достоевского|MUSEUM_ART_SPACE|санкт-петербург|Санкт-Петербург|0|0|1|1|1|1|1|0|0|1|59.927611|30.350312|153
venue_6a057e2cb74ea004cee6d6c8|музеи-вселенная-воды-6a057e2cb74ea004cee6d6c8|Музей "Вселенная воды"|MUSEUM_ART_SPACE|санкт-петербург|Санкт-Петербург|1|1|0|0|1|1|1|0|0|0|59.9496784|30.3761206|0
ven_ms_bdbb7a687c3249db|saint-petersburg-muzey-anny-ahmatovoy-v-fontannom-dome|Музей Анны Ахматовой в Фонтанном доме|MUSEUM_ART_SPACE|санкт-петербург|Санкт-Петербург|0|0|1|1|1|1|1|0|0|1|59.936122|30.347514|173
venue_5bc4567597a630000ce38d64|muzei-benua-na-vasilevskom-5bc4567597a630000ce38d64|Музей Бенуа на Васильевском|MUSEUM_ART_SPACE|санкт-петербург|Санкт-Петербург|1|1|1|1|1|1|1|0|0|1|59.942835|30.285248000000024|665
venue_6a723f4bfdb8dba945473568|музеи-богемнои-жизни-петербурга-6a723f4bfdb8dba945473568|Музей Богемной Жизни Петербурга|MUSEUM_ART_SPACE|санкт-петербург|Санкт-Петербург|0|0|0|0|1|1|1|0|0|0|59.9246053|30.3033292|0
venue_683e8e0935b8fc7a60f565d3|muzei-garri-pottera-683e8e0935b8fc7a60f565d3|Музей Гарри Поттера|MUSEUM_ART_SPACE|санкт-петербург|Санкт-Петербург|1|1|0|1|1|1|1|0|0|1|59.93403829999999|30.3294787|107
ven_ms_94b4e4568bbaa122|saint-petersburg-muzey-zheleznyh-dorog-rossii|Музей Железных Дорог России|MUSEUM_ART_SPACE|санкт-петербург|Санкт-Петербург|0|0|0|1|1|1|1|0|0|1|59.9065|30.3185|0
venue_688a364c4653f82b8cdd3734|muzei-karla-bully-688a364c4653f82b8cdd3734|Музей Карла Буллы|MUSEUM_ART_SPACE|санкт-петербург|Санкт-Петербург|1|1|1|1|1|1|1|0|0|1|59.9345695|30.336938|638
venue_675ae7aacbc27da2f33048b6|музеи-любви-675ae7aacbc27da2f33048b6|Музей Любви|MUSEUM_ART_SPACE|санкт-петербург|Санкт-Петербург|0|0|1|0|1|1|1|0|0|0|59.89972689378398|30.40144443511963|144
venue_693abcf7eaf4694504f380d2|музеи-магии-693abcf7eaf4694504f380d2|Музей Магии|MUSEUM_ART_SPACE|санкт-петербург|Санкт-Петербург|0|0|0|0|1|1|1|0|0|0|59.93295473383967|30.347328186035156|0
venue_696e1409f945800c9283c1e9|muzei-matreshki-696e1409f945800c9283c1e9|Музей Матрешки|MUSEUM_ART_SPACE|санкт-петербург|Санкт-Петербург|1|1|0|1|1|1|1|0|0|1|59.932758|30.274122|0
ven_ms_a16b14bf0a5aa844|saint-petersburg-muzey-faberzhe|Музей Фаберже|MUSEUM_ART_SPACE|санкт-петербург|Санкт-Петербург|0|0|0|1|1|1|1|0|0|1|59.934521|30.342114|51
venue_63638e762514fef4c97e07d3|музеи-фаберже-63638e762514fef4c97e07d3|Музей Фаберже|MUSEUM_ART_SPACE|санкт-петербург|Санкт-Петербург|0|0|0|0|1|1|1|0|0|0|59.934745|30.34284599999999|0
venue_68c7e1ed02dfae19fa21c61d|музеи-фаберже-68c7e1ed02dfae19fa21c61d|Музей Фаберже|MUSEUM_ART_SPACE|санкт-петербург|Санкт-Петербург|0|0|0|0|1|1|0|0|0|0|||0
ven_ms_a8f311ddd61f6ae5|saint-petersburg-muzey-voenno-morskoy-slavy|Музей военно-морской славы|MUSEUM_ART_SPACE|санкт-петербург|Санкт-Петербург|0|0|1|1|1|1|1|0|0|1|59.989211|29.761512|133
ven_ms_ec0629a30ad08bfa|saint-petersburg-muzey-magii|Музей магии|MUSEUM_ART_SPACE|санкт-петербург|Санкт-Петербург|0|0|0|1|1|1|1|0|0|1|59.9325|30.3485|0
ven_ms_eb0f6ac923ec01d4|saint-petersburg-muzey-oborony-i-blokady-leningrada|Музей обороны и блокады Ленинграда|MUSEUM_ART_SPACE|санкт-петербург|Санкт-Петербург|0|0|0|1|1|1|1|0|0|1|59.942941|30.342512|42
ven_ms_220cfd14eddcbaa3|saint-petersburg-muzey-politicheskoy-istorii-osobnyak-kshesinskoy|Музей политической истории (особняк Кшесинской)|MUSEUM_ART_SPACE|санкт-петербург|Санкт-Петербург|0|0|0|1|1|1|1|0|0|1|59.955314|30.323611|46
ven_ms_47c32526bd1e5ada|saint-petersburg-muzey-sovetskih-igrovyh-avtomatov|Музей советских игровых автоматов|MUSEUM_ART_SPACE|санкт-петербург|Санкт-Петербург|0|0|0|1|1|1|1|0|0|1|59.9595|30.3155|0
ven_spbboats_erarta|erarta|Музей современного искусства Эрарта|MUSEUM_ART_SPACE|санкт-петербург|Санкт-Петербург|0|0|1|1|1|1|1|0|0|1|59.9322|30.252|173
venue_629a730956297debbec65aa0|музеи-квартира-актеров-самоиловых-629a730956297debbec65aa0|Музей-квартира актёров Самойловых|MUSEUM_ART_SPACE|санкт-петербург|Санкт-Петербург|0|0|0|0|1|1|1|0|0|1|59.93119729999999|30.3506727|58
venue_5a04a866515e3500198b0d76|muzei-usadba-g-r-derzhavina-5a04a866515e3500198b0d76|Музей-усадьба Г.Р. Державина|MUSEUM_ART_SPACE|санкт-петербург|Санкт-Петербург|1|1|0|1|1|1|1|0|0|1|59.91967289999999|30.311272299999928|0
venue_66e924309e11aa8dc485e543|muzeino-vystavochnyi-centr-peterburgskii-hudozhnik-66e924309e11aa8dc485e543|Музейно-выставочный центр "Петербургский художник"|MUSEUM_ART_SPACE|санкт-петербург|Санкт-Петербург|0|0|0|1|1|1|1|0|0|1|59.9276304|30.2944541|0
venue_69e9bfc4ad9392868aa5ff62|petropavlovskaya-krepost-alekseevskii-ravelin-vnutrennyaya-territoriya-blizhe-k-plyazhu-so-storony-kronverkskogo-proliva-69e9b|Петропавловская крепость. Алексеевский равелин (внутренняя территория, ближе к пляжу со стороны Кронверкского пролива)|MUSEUM_ART_SPACE|санкт-петербург|Санкт-Петербург|0|0|0|1|1|1|1|0|0|1|59.94944002827748|30.311928082633443|0
venue_5b30cfdd519f7b001a12d8be|planetarii-1-5b30cfdd519f7b001a12d8be|Планетарий 1|MUSEUM_ART_SPACE|санкт-петербург|Санкт-Петербург|1|1|1|1|1|1|1|0|0|1|59.91168155415298|30.331065208559295|168
venue_inst_7b61113d0658c5b60f6c6057|russkiy-muzey-c5b60f6c6057|Русский музей|MUSEUM_ART_SPACE|санкт-петербург|Санкт-Петербург|0|0|0|1|1|1|1|0|0|1|59.938814|30.332292|71
ven_ms_987013162557fe16|saint-petersburg-russkiy-muzey|Русский музей|MUSEUM_ART_SPACE|санкт-петербург|Санкт-Петербург|0|0|0|1|1|1|1|0|0|1|59.938814|30.332292|0
venue_69e48b0a2c77261609889cac|толстовскии-дом-69e48b0a2c77261609889cac|Толстовский дом|MUSEUM_ART_SPACE|санкт-петербург|Санкт-Петербург|1|1|0|0|1|1|1|0|0|0|59.9291956|30.343879|29
ven_ms_54ce8771221e9466|saint-petersburg-tsentralnyy-voenno-morskoy-muzey|Центральный военно-морской музей|MUSEUM_ART_SPACE|санкт-петербург|Санкт-Петербург|0|0|0|1|1|1|1|0|0|1|59.929811|30.294124|58
ven_spbboats_ermitazh|ermitazh|Эрмитаж (Зимний дворец)|MUSEUM_ART_SPACE|санкт-петербург|Санкт-Петербург|0|0|1|1|1|1|1|0|0|1|59.939832|30.314561|203
ven_ms_ec777406dd1ed07b|saint-petersburg-yusupovskiy-dvorets|Юсуповский дворец|MUSEUM_ART_SPACE|санкт-петербург|Санкт-Петербург|0|0|0|1|1|1|1|0|0|1|59.929532|30.303912|0
venue_690af544c28f3978d69b62ba|якарелия-казанская-ул-2-690af544c28f3978d69b62ba|ЯКарелия, Казанская ул., 2|MUSEUM_ART_SPACE|санкт-петербург|Санкт-Петербург|1|1|0|0|1|1|1|0|0|1|59.93383234378188|30.3233916133986|108
ven_ms_24e1452c7329fc85|saransk-muzey-izobrazitel-nyh-iskusstv-im-s-d-er-zi|Музей изобразительных искусств им. С. Д. Эрьзи|MUSEUM_ART_SPACE|саранск|Саранск|0|0|1|1|1|0|1|1|1|1|54.182222|45.185278|430
ven_ms_bc995d077ba3e18d|saransk-muzey-izobrazitelnyh-iskusstv-im-s-d-erzi|Музей изобразительных искусств им. С. Д. Эрьзи|MUSEUM_ART_SPACE|саранск|Саранск|0|0|1|1|1|1|1|1|1|1|54.182222|45.185278|430
ven_ms_1faf99f07a2714d0|saransk-muzey-mordovskoy-narodnoy-kul-tury|Музей мордовской народной культуры|MUSEUM_ART_SPACE|саранск|Саранск|0|0|1|1|1|0|1|1|1|1|54.187222|45.178889|408
ven_ms_73cb2fe7b05d1ef5|saransk-muzey-mordovskoy-narodnoy-kultury|Музей мордовской народной культуры|MUSEUM_ART_SPACE|саранск|Саранск|0|0|1|1|1|1|1|1|1|1|54.187222|45.178889|408
ven_ms_efbf042a3326a522|saratov-saratovskiy-hudozhestvennyy-muzey-imeni-a-n-radischeva|Саратовский художественный музей имени А. Н. Радищева|MUSEUM_ART_SPACE|саратов|Саратов|0|0|1|1|1|1|1|1|1|1|51.531389|46.035278|423
venue_6a16ff714d28c092b25dbb7c|festival-peschanyh-skulptur-6a16ff714d28c092b25dbb7c|Фестиваль песчаных скульптур|MUSEUM_ART_SPACE|светлогорск|Светлогорск|0|0|0|1|1|1|1|0|0|1|54.94176302828767|20.135584243247315|0
ven_ms_b0f9f78fb98067e1|sevastopol-muzey-chernomorskogo-flota|Военно-исторический музей Черноморского флота|MUSEUM_ART_SPACE|севастополь|Севастополь|0|0|1|1|1|1|1|1|1|1|44.614124|33.526541|432
ven_ms_dffe04847efc6a57|sevastopol-muzey-zapovednik-hersones-tavricheskiy|Музей-заповедник «Херсонес Таврический»|MUSEUM_ART_SPACE|севастополь|Севастополь|0|0|1|1|1|1|1|1|1|1|44.611111|33.493333|379
venue_6a3ce01387d24596f16d2b29|glavnaya-ploschad-sortavala-6a3ce01387d24596f16d2b29|Главная площадь, Сортавала|MUSEUM_ART_SPACE|сортавала|Сортавала|0|0|0|1|1|1|1|0|0|1|61.70186411117977|30.689433208242967|67
venue_6a3c4d6383b8d636bb8567dd|muzei-6a3c4d6383b8d636bb8567dd|Музей|MUSEUM_ART_SPACE|сортавала|Сортавала|1|1|0|1|1|1|1|0|0|1|61.70570799999999|30.72266|0
venue_689ccff60914713af51002ef|muzei-n-a-ostrovskogo-689ccff60914713af51002ef|музей Н.А. Островского|MUSEUM_ART_SPACE|сочи|Сочи|0|0|0|1|1|1|1|0|0|1|43.5770809|39.73311959999999|0
venue_6991ec6651cf628fef564fdb|картинная-галерея-паршин-6991ec6651cf628fef564fdb|Картинная галерея Паршин|MUSEUM_ART_SPACE|ставрополь|Ставрополь|0|0|0|0|1|1|1|0|0|1|45.0468954|41.973853|0
ven_ms_64aaa03a04723a66|stavropol-tatarskoe-gorodische|Музей-заповедник «Татарское городище»|MUSEUM_ART_SPACE|ставрополь|Ставрополь|0|0|1|1|1|1|1|1|1|1|45.008889|41.916389|369
ven_ms_311dcd569a9b9b89|syktyvkar-natsionalnaya-galereya-respubliki-komi|Национальная галерея Республики Коми|MUSEUM_ART_SPACE|сыктывкар|Сыктывкар|0|0|1|1|1|1|1|1|1|1|61.668542|50.846542|461
ven_ms_b45f5bb5217377d2|syktyvkar-natsional-naya-galereya-respubliki-komi|Национальная галерея Республики Коми|MUSEUM_ART_SPACE|сыктывкар|Сыктывкар|0|0|1|1|1|0|1|1|1|1|61.668542|50.846542|461
ven_ms_d081a35884762dff|tambov-muzey-usadba-aseevyh|Музей-усадьба Асеевых|MUSEUM_ART_SPACE|тамбов|Тамбов|0|0|1|1|1|1|1|1|1|1|52.711654|41.468889|478
ven_ms_a97d64d2209204e9|tambov-muzey-usad-ba-aseevyh|Музей-усадьба Асеевых|MUSEUM_ART_SPACE|тамбов|Тамбов|0|0|1|1|1|0|1|1|1|1|52.711654|41.468889|478
ven_ms_2a791b798cd20099|tambov-tambovskiy-oblastnoy-kraevedcheskiy-muzey|Тамбовский областной краеведческий музей|MUSEUM_ART_SPACE|тамбов|Тамбов|0|0|1|1|1|1|1|1|1|1|52.724124|41.453854|457
ven_ms_43a01fc174ad9268|tver-detskiy-muzeynyy-tsentr|Детский музейный центр|MUSEUM_ART_SPACE|тверь|Тверь|0|0|0|1|1|1|1|0|0|1|56.860112|35.899812|0
ven_ms_5c5c4894bf8531df|tver-muzey-saltykova-shchedrina|Музей М. Е. Салтыкова-Щедрина|MUSEUM_ART_SPACE|тверь|Тверь|0|0|0|1|1|1|1|0|0|1|56.858912|35.922312|0
ven_ms_c101524527fd088d|tver-muzey-plyushkina|Музей Плюшкина|MUSEUM_ART_SPACE|тверь|Тверь|0|0|0|1|1|1|1|0|0|1|56.856912|35.921112|0
ven_ms_63fa0f0b29e9cafe|tver-muzey-kozla|Музей козла|MUSEUM_ART_SPACE|тверь|Тверь|0|0|0|1|1|1|1|0|0|1|56.851912|35.915112|0
ven_ms_dfda5d6f2c397788|tver-muzey-svyazi|Музей связи Тверской области|MUSEUM_ART_SPACE|тверь|Тверь|0|0|0|1|1|1|1|0|0|1|56.857912|35.908912|0
ven_ms_550ba3804965387e|tver-muzey-tverskogo-byta|Музей тверского быта|MUSEUM_ART_SPACE|тверь|Тверь|0|0|0|1|1|1|1|0|0|1|56.867912|35.904112|0
ven_ms_681a4a6dd5a3e180|tver-vystavochnyy-tsentr-lizy-chaykinoy|Музейно-выставочный центр им. Лизы Чайкиной|MUSEUM_ART_SPACE|тверь|Тверь|0|0|0|1|1|1|1|0|0|1|56.859112|35.905112|0
ven_ms_61e375d8ff6f083c|tver-oblastnaya-kartinnaya-galereya|Тверская областная картинная галерея|MUSEUM_ART_SPACE|тверь|Тверь|0|0|0|1|1|1|1|0|0|1|56.860312|35.898712|0
ven_ms_9d6526828796c893|tver-kraevedcheskiy-muzey|Тверской краеведческий музей|MUSEUM_ART_SPACE|тверь|Тверь|0|0|0|1|1|1|1|0|0|1|56.859412|35.901212|0
ven_ms_ddedeaa967499d82|tomsk-muzey-istorii-tomska|Музей истории Томска|MUSEUM_ART_SPACE|томск|Томск|0|0|1|1|1|1|1|1|1|1|56.488889|84.9525|445
ven_ms_a944198626c6e1fb|tomsk-muzey-slavyanskoy-mifologii|Первейший музей славянской мифологии|MUSEUM_ART_SPACE|томск|Томск|0|0|1|1|1|1|1|1|1|1|56.489124|84.956541|495
ven_ms_355e4c4b3d76d6b0|tula-muzey-tul-skiy-pryanik|Музей «Тульский пряник»|MUSEUM_ART_SPACE|тула|Тула|0|0|1|1|1|1|1|1|1|1|54.214434|37.620612|392
ven_ms_c030eddfc48fbba5|tula-muzey-oruzhiya-shlem|Музей оружия («Шлем»)|MUSEUM_ART_SPACE|тула|Тула|0|0|1|1|1|1|1|1|1|1|54.204005|37.616335|385
ven_ms_93a5c42747ab0952|tula-muzey-usad-ba-l-n-tolstogo-yasnaya-polyana|Музей-усадьба Л. Н. Толстого «Ясная Поляна»|MUSEUM_ART_SPACE|тула|Тула|0|0|1|1|1|1|1|1|1|1|54.072222|37.524444|386
ven_ms_eff5b1ccd5375350|tula-tvorcheskiy-industrial-nyy-klaster-oktava|Творческий индустриальный кластер «Октава»|MUSEUM_ART_SPACE|тула|Тула|0|0|1|1|1|1|1|1|1|1|54.190623|37.612884|351
ven_ms_9345a70cbca43623|tyumen-detskiy-muzey-skazki|Детский музей сказки|MUSEUM_ART_SPACE|тюмень|Тюмень|0|0|0|1|1|1|1|0|0|1|57.1578|65.5345|0
ven_ms_6f4294cfcc57a13a|tyumen-muzey-slovtsova|Музей Словцова|MUSEUM_ART_SPACE|тюмень|Тюмень|0|0|0|1|1|1|1|0|0|1|57.1536|65.5473|0
ven_ms_6b3096cbde754225|tyumen-muzey-kuznechnogo-remesla|Музей кузнечного ремесла|MUSEUM_ART_SPACE|тюмень|Тюмень|0|0|0|1|1|1|1|0|0|1|57.125|65.555|0
ven_ms_bc7948210d2661f0|tyumen-muzey-mebeli-kozlovoy|Музей мебели Козловой|MUSEUM_ART_SPACE|тюмень|Тюмень|0|0|0|1|1|1|1|0|0|1|57.157|65.5385|0
ven_ms_24d177e1e0cb928e|tyumen-muzey-nauki-i-tehniki-zauralya|Музей науки и техники Зауралья|MUSEUM_ART_SPACE|тюмень|Тюмень|0|0|0|1|1|1|1|0|0|1|57.152|65.53|0
ven_ms_e7ec0246126065cc|tyumen-muzey-retro-tehniki-mihaylova|Музей ретро-техники Михайлова|MUSEUM_ART_SPACE|тюмень|Тюмень|0|0|0|1|1|1|1|0|0|1|57.165|65.5|0
ven_ms_9f1a8323c8e716e0|ulan-ude-etnograficheskiy-muzey|Этнографический музей народов Забайкалья|MUSEUM_ART_SPACE|улан-удэ|Улан-Удэ|0|0|1|1|1|1|1|1|1|1|51.888889|107.653889|418
ven_ms_ea4b61cd9eb5b56e|ulyanovsk-golovnoy-muzey-istorii-grazhdanskoy-aviatsii|Головной отраслевой музей истории гражданской авиации|MUSEUM_ART_SPACE|ульяновск|Ульяновск|0|0|1|1|1|1|1|1|1|1|54.290124|48.232812|447
ven_ms_ada3b2d44ff357f0|ulyanovsk-muzey-zapovednik-rodina-v-i-lenina|Музей-заповедник «Родина В.И. Ленина»|MUSEUM_ART_SPACE|ульяновск|Ульяновск|0|0|1|1|1|1|1|1|1|1|54.312995|48.386516|418
ven_ms_aa419be5777bc478|ufa-hudozhestvennyy-muzey-nesterova|Башкирский государственный художественный музей им. М. В. Нестерова|MUSEUM_ART_SPACE|уфа|Уфа|0|0|0|1|1|1|1|0|0|1|54.723891|55.938912|0
ven_ms_0675b1c526340817|ufa-dom-muzey-lenina|Дом-музей В. И. Ленина|MUSEUM_ART_SPACE|уфа|Уфа|0|0|0|1|1|1|1|0|0|1|54.731901|55.952312|0
ven_ms_4d4c064c8a5a78ab|ufa-dom-muzey-aksakova|Дом-музей С. Т. Аксакова|MUSEUM_ART_SPACE|уфа|Уфа|0|0|0|1|1|1|1|0|0|1|54.712901|55.932312|0
ven_ms_336a21c251b6fd4b|ufa-muzey-arheologii-i-etnografii|Музей археологии и этнографии|MUSEUM_ART_SPACE|уфа|Уфа|0|0|0|1|1|1|1|0|0|1|54.721412|55.937212|0
ven_ms_38222f62bba33643|ufa-natsionalnyy-muzey|Национальный музей Республики Башкортостан|MUSEUM_ART_SPACE|уфа|Уфа|0|0|0|1|1|1|1|0|0|1|54.719612|55.946111|0
ven_ms_8f117e6238bd3454|ufa-muzey-boevoy-slavy|Республиканский музей Боевой Славы|MUSEUM_ART_SPACE|уфа|Уфа|0|0|0|1|1|1|1|0|0|1|54.809112|56.062312|0
ven_ms_3dd66fef7d19cdf8|habarovsk-amurskiy-most-muzey-istorii-amurskogo-mosta|Амурский мост (Музей истории Амурского моста)|MUSEUM_ART_SPACE|хабаровск|Хабаровск|0|0|1|1|1|1|1|1|1|1|48.541111|135.003142|404
ven_ms_aef8f9155ecec6a1|habarovsk-habarovskiy-kraevoy-muzey-imeni-n-i-grodekova|Хабаровский краевой музей имени Н. И. Гродекова|MUSEUM_ART_SPACE|хабаровск|Хабаровск|0|0|1|1|1|1|1|1|1|1|48.472542|135.048542|390
ven_ms_a4ae7d351f1c822c|cheboksary-nauchno-tehnicheskiy-muzey-istorii-traktora|Научно-технический музей истории трактора|MUSEUM_ART_SPACE|чебоксары|Чебоксары|0|0|1|1|1|1|1|1|1|1|56.115854|47.283889|455
ven_ms_49f37a6af1d634a4|cheboksary-chuvashskiy-natsional-nyy-muzey|Чувашский национальный музей|MUSEUM_ART_SPACE|чебоксары|Чебоксары|0|0|1|1|1|0|1|1|1|1|56.1438|47.2508|383
ven_ms_722cbaae090c67c3|cheboksary-chuvashskiy-natsionalnyy-muzey|Чувашский национальный музей|MUSEUM_ART_SPACE|чебоксары|Чебоксары|0|0|1|1|1|1|1|1|1|1|56.1439|47.2514|383
ven_ms_b779ce14b6275c0f|chelyabinsk-muzey-geologii-garmoniya|Геологический музей «Гармония»|MUSEUM_ART_SPACE|челябинск|Челябинск|0|0|0|1|1|1|1|0|0|1|55.165212|61.401612|0
ven_ms_5b901dc8962a6de4|chelyabinsk-gosudarstvennyy-istoricheskiy-muzey-yuzhnogo-urala|Государственный исторический музей Южного Урала|MUSEUM_ART_SPACE|челябинск|Челябинск|0|0|1|1|1|1|1|1|1|1|55.167222|61.400278|414
ven_ms_b637a07b4523a527|chelyabinsk-muzey-yuzhno-uralskoy-zheleznoy-dorogi|Музей Южно-Уральской железной дороги|MUSEUM_ART_SPACE|челябинск|Челябинск|0|0|0|1|1|1|1|0|0|1|55.157212|61.405812|0
ven_ms_3eaf4a60ec2da8c0|chelyabinsk-muzey-izobrazitelnyh-iskusstv|Музей изобразительных искусств|MUSEUM_ART_SPACE|челябинск|Челябинск|0|0|0|1|1|1|1|0|0|1|55.159612|61.402812|0
ven_ms_2f248b3f3cd75a4d|chelyabinsk-muzey-istorii-chtz|Музей истории ЧТЗ|MUSEUM_ART_SPACE|челябинск|Челябинск|0|0|0|1|1|1|1|0|0|1|55.159212|61.476512|0
ven_ms_b1f1ae874bafaf77|chelyabinsk-muzey-retro-avtomobiley|Музей ретроавтомобилей|MUSEUM_ART_SPACE|челябинск|Челябинск|0|0|0|1|1|1|1|0|0|1|55.172112|61.389212|0
ven_ms_0b4ffe292896f95c|chelyabinsk-experimentus|Научный музей «Экспериментус»|MUSEUM_ART_SPACE|челябинск|Челябинск|0|0|0|1|1|1|1|0|0|1|55.146812|61.368512|0
ven_ms_82fc4c25ce7cf636|chelyabinsk-pochtovyy-muzey|Почтовый музей|MUSEUM_ART_SPACE|челябинск|Челябинск|0|0|0|1|1|1|1|0|0|1|55.157412|61.400212|0
ven_ms_fce8f7cc6c8014ba|chelyabinsk-staryy-kraevedcheskiy|Старый краеведческий музей|MUSEUM_ART_SPACE|челябинск|Челябинск|0|0|0|1|1|1|1|0|0|1|55.157812|61.397512|0
venue_6a036963a67bfad0e54f76e3|art-prostranstvo-petrov-yam-6a036963a67bfad0e54f76e3|Арт-пространство "Петров Ям"|MUSEUM_ART_SPACE|череповец|Череповец|0|0|0|1|1|1|1|0|0|1|59.12119800000001|37.9238834|80
ven_ms_2af4e445a148269e|chita-muzey-dekabristov-mihaylo-arhangel-skaya-tserkov|Музей декабристов (Михайло-Архангельская церковь)|MUSEUM_ART_SPACE|чита|Чита|0|0|1|1|1|0|1|1|1|1|52.023889|113.518611|448
ven_ms_842c189175e7ed3e|chita-muzey-dekabristov-mihaylo-arhangelskaya-tserkov|Музей декабристов (Михайло-Архангельская церковь)|MUSEUM_ART_SPACE|чита|Чита|0|0|1|1|1|1|1|1|1|1|52.023889|113.518611|459
ven_ms_7bae3a9fc87c43c2|yuzhno-sahalinsk-muzeyno-memorialnyy-kompleks-pobeda|Музейно-мемориальный комплекс «Победа»|MUSEUM_ART_SPACE|южно-сахалинск|Южно-Сахалинск|0|0|1|1|1|1|1|1|1|1|46.951111|142.753889|405
ven_ms_d89921c38d490f1f|yuzhno-sahalinsk-muzeyno-memorial-nyy-kompleks-pobeda|Музейно-мемориальный комплекс «Победа»|MUSEUM_ART_SPACE|южно-сахалинск|Южно-Сахалинск|0|0|1|1|1|0|1|1|1|1|46.951111|142.753889|357
ven_ms_ae378da320bb9b73|yuzhno-sahalinsk-sahalinskiy-oblastnoy-kraevedcheskiy-muzey|Сахалинский областной краеведческий музей|MUSEUM_ART_SPACE|южно-сахалинск|Южно-Сахалинск|0|0|1|1|1|1|1|1|1|1|46.958333|142.748889|416
venue_6442482f9e1c6c6e608700f4|арт-пространство-лампа-6442482f9e1c6c6e608700f4|Арт-пространство "Лампа"|MUSEUM_ART_SPACE|ярославль|Ярославль|1|1|0|0|1|1|1|0|0|0|57.623317|39.890503|0
ven_ms_bff16a95a0a9fb73|yaroslavl-yaroslavskiy-hudozhestvennyy-muzey|Ярославский художественный музей|MUSEUM_ART_SPACE|ярославль|Ярославль|0|0|1|1|1|1|1|1|1|1|57.626154|39.896784|365
venue_65a7812407c3c439256c9ace|событие-проходит-онлаин-65a7812407c3c439256c9ace|Событие проходит онлайн|OTHER|москва|Москва|0|0|0|0|1|1|1|0|0|0|55.755826|37.6173|0
ven_ms_1d8913ea85d8f958|abakan-arheologicheskiy-kompleks-sunduki|Археологический комплекс «Сундуки»|OUTDOOR_LOCATION|абакан|Абакан|0|0|1|1|1|1|1|1|1|1|54.311667|89.713889|427
ven_ms_0b6c49f60a51ca7b|abakan-salbykskiy-kurgan|Большой Салбыкский курган|OUTDOOR_LOCATION|абакан|Абакан|0|0|1|1|1|1|1|1|1|1|53.890278|90.7725|448
ven_ms_c878de38cbd3fc72|abakan-petroglify-na-skale-kazankovka|Петроглифы на скале Казанковка (Казанцевская писаница)|OUTDOOR_LOCATION|абакан|Абакан|0|0|1|1|1|1|1|1|1|1|53.954124|91.383142|423
ven_ms_db23a26b0198443e|arhangelsk-naberezhnaya-severnoy-dviny|Набережная Северной Двины|OUTDOOR_LOCATION|архангельск|Архангельск|0|0|1|1|1|1|1|1|1|1|64.538889|40.518611|416
ven_ms_ee6b1c43ee6e2c68|arhangelsk-prospekt-chumbarova-luchinskogo|Проспект Чумбарова-Лучинского (Чумбаровка)|OUTDOOR_LOCATION|архангельск|Архангельск|0|0|1|1|1|1|1|1|1|1|64.538354|40.526942|427
ven_ms_0f2970981032918a|astrahan-kupecheskoe-podvor-e-i-naberezhnaya-volgi|Купеческое подворье и набережная Волги|OUTDOOR_LOCATION|астрахань|Астрахань|0|0|1|1|1|1|1|1|1|1|46.352145|48.026942|418
ven_ms_0989974854d65301|barnaul-malo-tobol-skaya-ulitsa-barnaul-skiy-arbat|Мало-Тобольская улица (Барнаульский Арбат)|OUTDOOR_LOCATION|барнаул|Барнаул|0|0|1|1|1|1|1|1|1|1|53.326854|83.793142|386
ven_ms_f8d076edc8c43acb|blagoveschensk-amurskaya-oblast-blagoveschenskoe-kladbische-dinozavrov|Благовещенское кладбище динозавров|OUTDOOR_LOCATION|благовещенск-амурская-область|Благовещенск (Амурская область)|0|0|1|1|1|1|1|1|1|1|50.231111|127.568889|430
ven_ms_c8376288c5c60b9a|blagoveschensk-amurskaya-oblast-naberezhnaya-reki-amur|Набережная реки Амур|OUTDOOR_LOCATION|благовещенск-амурская-область|Благовещенск (Амурская область)|0|0|1|1|1|1|1|1|1|1|50.252145|127.531245|418
ven_ms_ccb602d341a4ad38|blagoveschensk-amurskaya-oblast-triumfal-naya-arka|Триумфальная арка|OUTDOOR_LOCATION|благовещенск-амурская-область|Благовещенск (Амурская область)|0|0|1|1|1|1|1|1|1|1|50.255854|127.538889|406
ven_ms_b4778dcccb75fa2f|bryansk-kurgan-bessmertiya|Курган Бессмертия|OUTDOOR_LOCATION|брянск|Брянск|0|0|1|1|1|1|1|1|1|1|53.268889|34.363889|424
ven_ms_dab85ff4d4afdb6e|bryansk-ploschad-partizan|Площадь Партизан|OUTDOOR_LOCATION|брянск|Брянск|0|0|1|1|1|1|1|1|1|1|53.238354|34.361245|419
ven_ms_956e900f5a718aef|veliky-novgorod-ryurikovo-gorodische|Рюриково Городище|OUTDOOR_LOCATION|великии-новгород|Великий Новгород|0|0|1|1|1|1|1|1|1|1|58.4925|31.298889|361
ven_ms_d71876a5c99a7e32|veliky-novgorod-yaroslavovo-dvorische|Ярославово Дворище|OUTDOOR_LOCATION|великии-новгород|Великий Новгород|0|0|1|1|1|1|1|1|1|1|58.518611|31.283333|339
ven_ms_77e6c9844aa209a4|vladivostok-naberezhnaya-tsesarevicha|Набережная Цесаревича|OUTDOOR_LOCATION|владивосток|Владивосток|0|0|1|1|1|1|1|1|1|1|43.115042|131.903854|391
ven_ms_b8690381cc52b87a|vladivostok-ostrov-russkiy|Остров Русский|OUTDOOR_LOCATION|владивосток|Владивосток|0|0|1|1|1|1|1|1|1|1|42.985641|131.868745|358
ven_ms_9679f0fb6f0470cd|vladivostok-russkiy-most|Русский мост|OUTDOOR_LOCATION|владивосток|Владивосток|0|0|1|1|1|1|1|1|1|1|43.063889|131.905278|388
ven_ms_643e905a4d851fbe|vladimir-georgievskaya-ulitsa|Георгиевская улица|OUTDOOR_LOCATION|владимир|Владимир|0|0|1|1|1|1|1|1|1|1|56.1286|40.4028|239
ven_ms_928275fd7342c584|vladimir-zolotye-vorota|Золотые ворота|OUTDOOR_LOCATION|владимир|Владимир|0|0|1|1|1|1|1|1|1|1|56.126588|40.397063|350
ven_ms_485874eefd8852e9|vladimir-patriarshie-sady|Патриаршие сады|OUTDOOR_LOCATION|владимир|Владимир|0|0|1|1|1|1|1|1|1|1|56.124503|40.398939|349
ven_ms_2f3c87450fcbac6c|volgograd-mamaev-kurgan|Мамаев курган|OUTDOOR_LOCATION|волгоград|Волгоград|0|0|1|1|1|1|1|1|1|1|48.742333|44.537222|438
ven_ms_9c5ca217c01d1943|volgograd-tsentral-naya-naberezhnaya-imeni-62-y-armii|Центральная набережная имени 62-й Армии|OUTDOOR_LOCATION|волгоград|Волгоград|0|0|1|1|1|1|1|1|1|1|48.703889|44.522222|400
ven_ms_22e33d39393b9573|vologda-tsentr-narodnyh-promyslov-reznoy-palisad|Центр народных промыслов «Резной палисад»|OUTDOOR_LOCATION|вологда|Вологда|0|0|1|1|1|1|1|1|1|1|59.221111|39.879444|455
ven_ms_3302d0aa60f9675c|voronezh-admiralteyskaya-ploschad|Адмиралтейская площадь|OUTDOOR_LOCATION|воронеж|Воронеж|0|0|1|1|1|1|1|1|1|1|51.656512|39.214512|470
ven_ms_72b06f80ecc2e556|voronezh-divnogor-e|Дивногорье|OUTDOOR_LOCATION|воронеж|Воронеж|0|0|1|1|1|1|1|1|1|1|50.963889|39.296944|392
ven_ms_dc8029ef2be4789c|voronezh-kamennyy-most|Каменный мост|OUTDOOR_LOCATION|воронеж|Воронеж|0|0|0|1|1|1|1|0|0|1|51.665798|39.202354|0
ven_ms_4614da04922ff7ec|voronezh-petrovskaya-naberezhnaya|Петровская набережная|OUTDOOR_LOCATION|воронеж|Воронеж|0|0|0|1|1|1|1|0|0|1|51.65123|39.21142|0
ven_ms_c105fcacd85fba95|voronezh-prospekt-revolyutsii|Проспект Революции|OUTDOOR_LOCATION|воронеж|Воронеж|0|0|1|1|1|1|1|1|1|1|51.668541|39.206944|440
ven_ms_695bc5f5199439ec|ekaterinburg-gorodok-chekistov|Городок чекистов|OUTDOOR_LOCATION|екатеринбург|Екатеринбург|0|0|1|1|1|1|1|1|1|1|56.840727|60.620917|370
ven_ms_d08cf73cae4a8748|ekaterinburg-ekaterinburg-siti|Квартал Екатеринбург-Сити|OUTDOOR_LOCATION|екатеринбург|Екатеринбург|0|0|0|1|1|1|1|0|0|1|56.8447|60.5969|0
ven_ms_92327267208f4527|ekaterinburg-naberezhnaya-rabochey-molodezhi|Набережная Рабочей Молодёжи|OUTDOOR_LOCATION|екатеринбург|Екатеринбург|0|0|0|1|1|1|1|0|0|1|56.842107|60.598157|0
ven_ms_ab70cc9c379e6ac3|ekaterinburg-plotinka-istoricheskiy-skver|Плотинка (Исторический сквер)|OUTDOOR_LOCATION|екатеринбург|Екатеринбург|0|0|1|1|1|1|1|1|1|1|56.8385|60.6028|336
ven_ms_8b388df78d6f858d|ekaterinburg-ulitsa-vaynera|Улица Вайнера|OUTDOOR_LOCATION|екатеринбург|Екатеринбург|0|0|1|1|1|1|1|1|1|1|56.8365|60.5975|354
ven_ms_3b0999795aa9ffa6|ivanovo-dom-korabl|Дом-корабль|OUTDOOR_LOCATION|иваново|Иваново|0|0|1|1|1|1|1|1|1|1|57.009444|40.976944|450
ven_ms_ff9e76ca6d608ae3|ivanovo-dom-podkova|Дом-подкова|OUTDOOR_LOCATION|иваново|Иваново|0|0|1|1|1|1|1|1|1|1|57.012542|40.974125|403
ven_ms_1bc41c5abba4ee6e|izhevsk-izhevskiy-prud-i-naberezhnaya-zodchego-dudina|Ижевский пруд и набережная зодчего Дудина|OUTDOOR_LOCATION|ижевск|Ижевск|0|0|1|1|1|1|1|1|1|1|56.844124|53.193142|430
ven_ms_fb7f4335889fb0a6|irkutsk-130-y-kvartal|130-й квартал (Иркутская слобода)|OUTDOOR_LOCATION|иркутск|Иркутск|0|0|1|1|1|1|1|1|1|1|52.274854|104.288512|414
ven_ms_f753bdb7c0be7683|irkutsk-naberezhnaya-angary|Нижняя набережная Ангары|OUTDOOR_LOCATION|иркутск|Иркутск|0|0|1|1|1|1|1|1|1|1|52.292222|104.281944|428
ven_ms_65308a41a7266cec|irkutsk-listvyanka|Поселок Листвянка (Исток Ангары и Байкал)|OUTDOOR_LOCATION|иркутск|Иркутск|0|0|1|1|1|1|1|1|1|1|51.849124|104.873142|357
ven_ms_af6f5f3aba73b53c|yoshkar-ola-arhitekturnyy-kompleks-12-apostolov|Архитектурный комплекс «12 апостолов»|OUTDOOR_LOCATION|иошкар-ола|Йошкар-Ола|0|0|1|1|1|1|1|1|1|1|56.638889|47.905556|388
ven_ms_14b6d7236f05c7da|yoshkar-ola-naberezhnaya-bryugge|Набережная Брюгге|OUTDOOR_LOCATION|иошкар-ола|Йошкар-Ола|0|0|1|1|1|1|1|1|1|1|56.638542|47.903142|395
ven_ms_df9b2ec91bce6682|kazan-naberezhnaya-nizhniy-kaban|Набережная озера Нижний Кабан|OUTDOOR_LOCATION|казань|Казань|0|0|0|1|1|1|1|0|0|1|55.781501|49.119811|0
ven_ms_ca28a5eb74a8b30f|kazan-ostrov-grad-sviyazhsk|Остров-град Свияжск|OUTDOOR_LOCATION|казань|Казань|0|0|1|1|1|1|1|1|1|1|55.771216|48.659353|302
ven_ms_ffd3859b684e32fe|kazan-staro-tatarskaya-sloboda|Старо-Татарская слобода|OUTDOOR_LOCATION|казань|Казань|0|0|0|1|1|1|1|0|0|1|55.779711|49.119912|0
ven_ms_f34d83bf3fba1e26|kazan-ulitsa-baumana|Улица Баумана|OUTDOOR_LOCATION|казань|Казань|0|0|1|1|1|1|1|1|1|1|55.7895|49.116|315
ven_ms_548090c5be5a3afd|kaliningrad-brandenburgskie-vorota|Бранденбургские ворота|OUTDOOR_LOCATION|калининград|Калининград|0|0|1|1|1|1|1|1|1|1|54.6978|20.4947|190
ven_ms_0613aabaf331fdb5|kaliningrad-dyuna-efa|Дюна Эфа|OUTDOOR_LOCATION|калининград|Калининград|0|0|0|1|1|1|1|0|0|1|55.223412|20.901412|23
ven_ms_0c55f67b023f8d45|kaliningrad-korolevskie-vorota|Королевские ворота|OUTDOOR_LOCATION|калининград|Калининград|0|0|1|1|1|1|1|1|1|1|54.7136|20.5342|182
ven_ms_c7ce02c7ec3ce1d8|kaliningrad-kurshskaya-kosa|Куршская коса|OUTDOOR_LOCATION|калининград|Калининград|0|0|1|1|1|1|1|1|1|1|55.149911|20.860956|346
ven_ms_bfb9ea21de499da7|kaliningrad-rayon-maraunenhof|Район Марауненхоф|OUTDOOR_LOCATION|калининград|Калининград|0|0|1|1|1|1|1|1|1|1|54.7322|20.5135|172
ven_ms_5f9eebf6083f23e7|kaliningrad-rayon-vill-amalienau|Район вилл Амалиенау|OUTDOOR_LOCATION|калининград|Калининград|0|0|0|1|1|1|1|0|0|1|54.721411|20.465112|20
ven_ms_2f1a3b8cfbcd798c|kaliningrad-rosgartenskie-vorota|Росгартенские ворота|OUTDOOR_LOCATION|калининград|Калининград|0|0|1|1|1|1|1|1|1|1|54.7228|20.5239|148
ven_ms_4b8fdbc9af3b97ee|kaliningrad-rybnaya-derevnya|Рыбная деревня|OUTDOOR_LOCATION|калининград|Калининград|0|0|0|1|1|1|1|0|0|1|54.704511|20.514912|15
ven_ms_7011e3933c07bfc2|kaliningrad-fridlandskie-vorota|Фридландские ворота|OUTDOOR_LOCATION|калининград|Калининград|0|0|1|1|1|1|1|1|1|1|54.6955|20.5128|146
ven_ms_9d06de50a2b6bfea|kaluga-kamennyy-most|Каменный мост|OUTDOOR_LOCATION|калуга|Калуга|0|0|1|1|1|1|1|1|1|1|54.508333|36.253889|455
ven_ms_ea6de64595b555db|kemerovo-naberezhnaya-reki-tomi|Набережная реки Томи|OUTDOOR_LOCATION|кемерово|Кемерово|0|0|1|1|1|1|1|1|1|1|55.359444|86.074512|405
ven_ms_ec1cdeca5aea53c7|kirov-kirovskaya-oblast-naberezhnaya-grina|Набережная Грина|OUTDOOR_LOCATION|киров-кировская-область|Киров (Кировская область)|0|0|1|1|1|1|1|1|1|1|58.609444|49.686944|411
ven_ms_a1052cd39f8e594c|kirov-kirovskaya-oblast-ulitsa-spasskaya-vyatskiy-arbat|Улица Спасская (Вятский Арбат)|OUTDOOR_LOCATION|киров-кировская-область|Киров (Кировская область)|0|0|1|1|1|1|1|1|1|1|58.604124|49.673142|394
ven_ms_297122502b2d635e|kostroma-susaninskaya-ploschad-skovorodka|Сусанинская площадь («Сковородка»)|OUTDOOR_LOCATION|кострома|Кострома|0|0|1|1|1|1|1|1|1|1|57.767778|40.926389|415
ven_ms_d9b10ce00cbf14fb|krasnodar-aleksandrovskaya-triumfal-naya-arka|Александровская триумфальная арка (Царские ворота)|OUTDOOR_LOCATION|краснодар|Краснодар|0|0|1|1|1|1|1|1|1|1|45.048311|38.977212|376
ven_ms_6e1683699f899cf2|krasnodar-kubanskaya-naberezhnaya|Кубанская набережная|OUTDOOR_LOCATION|краснодар|Краснодар|0|0|0|1|1|1|1|0|0|1|45.025122|38.953311|0
ven_ms_215d874e1d1ff27a|krasnodar-most-potseluev|Мост Поцелуев|OUTDOOR_LOCATION|краснодар|Краснодар|0|0|1|1|1|1|1|1|1|1|45.025122|38.953311|318
ven_ms_301c97705bdf9c75|krasnodar-skver-druzhby-narodov|Сквер Дружбы народов|OUTDOOR_LOCATION|краснодар|Краснодар|0|0|0|1|1|1|1|0|0|1|45.028711|38.971112|0
ven_ms_0ce2facb2da25b40|krasnodar-ulitsa-krasnaya|Улица Красная|OUTDOOR_LOCATION|краснодар|Краснодар|0|0|1|1|1|1|1|1|1|1|45.031512|38.972511|409
ven_ms_d8f8473b07b17063|krasnoyarsk-kommunalnyy-most|Коммунальный мост|OUTDOOR_LOCATION|красноярск|Красноярск|0|0|0|1|1|1|1|0|0|1|56.005412|92.871211|0
ven_ms_e78ee540bbac41a3|krasnoyarsk-kupecheskiy-kvartal-mira|Купеческий квартал на пр. Мира|OUTDOOR_LOCATION|красноярск|Красноярск|0|0|0|1|1|1|1|0|0|1|56.012511|92.868112|0
ven_ms_a948b6e44d1c5e40|krasnoyarsk-ostrov-tatyshev|Остров Татышев|OUTDOOR_LOCATION|красноярск|Красноярск|0|0|0|1|1|1|1|0|0|1|56.028711|92.930512|0
ven_ms_85c2b24527ae5d0e|krasnoyarsk-peshehodnyy-most-na-ostrov-tatyshev|Пешеходный мост на остров Татышев|OUTDOOR_LOCATION|красноярск|Красноярск|0|0|1|1|1|1|1|1|1|1|56.015912|92.898211|391
ven_ms_4c340073551d2c9f|krasnoyarsk-tsentral-naya-naberezhnaya-eniseya|Центральная набережная Енисея|OUTDOOR_LOCATION|красноярск|Красноярск|0|0|1|1|1|1|1|1|1|1|56.007811|92.865611|400
ven_ms_ea891f659d21159e|krasnoyarsk-yaryginskaya-naberezhnaya|Ярыгинская набережная|OUTDOOR_LOCATION|красноярск|Красноярск|0|0|0|1|1|1|1|0|0|1|55.994112|92.871211|0
ven_ms_cf5a0ef77f946396|kurgan-kurganskiy-oblastnoy-kulturno-vystavochnyy-tsentr-kvts|Курганский областной культурно-выставочный центр (КВЦ)|OUTDOOR_LOCATION|курган|Курган|0|0|1|1|1|1|1|1|1|1|55.436542|65.341245|449
ven_ms_ad94ca1e314e97ca|kurgan-kurganskiy-oblastnoy-kul-turno-vystavochnyy-tsentr-kvts|Курганский областной культурно-выставочный центр (КВЦ)|OUTDOOR_LOCATION|курган|Курган|0|0|1|1|1|0|1|1|1|1|55.436542|65.341245|449
ven_ms_54dad3e440a9b5e8|kurgan-tsentr-vosstanovitel-naya-travmatologiya-i-ortopediya-imeni-akade|Центр «Восстановительная травматология и ортопедия» имени академика Г. А. Илизарова|OUTDOOR_LOCATION|курган|Курган|0|0|1|1|1|1|1|1|1|1|55.474512|65.318889|460
ven_ms_a32586c281445bb8|kurgan-tsentr-vosstanovitelnaya-travmatologiya-i-ortopediya-imeni-akademika-g-a|Центр «Восстановительная травматология и ортопедия» имени академика Г. А. Илизарова|OUTDOOR_LOCATION|курган|Курган|0|0|1|1|1|1|1|1|1|1|55.474512|65.318889|460
ven_ms_ea4376b62320f819|kursk-istoriko-kulturnyy-kompleks-korennaya-pustyn|Историко-культурный комплекс «Коренная пустынь»|OUTDOOR_LOCATION|курск|Курск|0|0|1|1|1|1|1|1|1|1|51.971112|36.311667|432
ven_ms_1328657f074cbe1a|kursk-istoriko-kul-turnyy-kompleks-korennaya-pustyn|Историко-культурный комплекс «Коренная пустынь»|OUTDOOR_LOCATION|курск|Курск|0|0|1|1|1|0|1|1|1|1|51.971112|36.311667|432
ven_ms_ec841eb234f2c330|kursk-memorial-nyy-kompleks-kurskaya-duga|Мемориальный комплекс «Курская дуга»|OUTDOOR_LOCATION|курск|Курск|0|0|1|1|1|0|1|1|1|1|51.785412|36.171245|441
ven_ms_e401efdeeba2a571|moscow-art-obekt-krasnye-vorota-polisskiy|Арт-объект «Красные ворота» (Полисский)|OUTDOOR_LOCATION|moskva|Москва|0|0|1|1|1|1|1|0|0|1|55.769747|37.656554|419
ven_ms_52d3495936fcef53|moscow-dom-na-naberezhnoy|Дом на набережной|OUTDOOR_LOCATION|moskva|Москва|0|0|1|1|1|1|1|0|0|1|55.744747|37.612058|391
ven_ms_a9b3e280efe9087d|moscow-kotelnicheskaya-naberezhnaya|Котельническая набережная|OUTDOOR_LOCATION|moskva|Москва|0|0|0|1|1|1|1|0|0|1|55.7472|37.6428|0
ven_ms_5cfb5d98b1db47d3|moscow-krymskaya-naberezhnaya|Крымская набережная|OUTDOOR_LOCATION|moskva|Москва|0|0|1|1|1|1|1|0|0|1|55.7335|37.6085|405
ven_ms_3621e579d0b17bcd|moscow-kuznetskiy-most|Кузнецкий Мост|OUTDOOR_LOCATION|moskva|Москва|0|0|1|1|1|1|1|0|0|1|55.7615|37.6245|296
ven_ms_bfc76f9d48bff113|moscow-moskva-siti|Москва-Сити|OUTDOOR_LOCATION|moskva|Москва|0|0|1|1|1|1|1|1|1|1|55.747239|37.538746|305
ven_ms_6f07199a1a12f47c|moscow-nikolskaya-ulitsa|Никольская улица|OUTDOOR_LOCATION|moskva|Москва|0|0|1|1|1|1|1|0|0|1|55.7575|37.6235|317
ven_ms_686b312c833f311e|moscow-patriarshiy-most|Патриарший мост|OUTDOOR_LOCATION|moskva|Москва|0|0|0|1|1|1|1|0|0|1|55.7435|37.6085|0
ven_ms_3f7622c7d988cf3b|moscow-pyatnitskaya-ulitsa|Пятницкая улица|OUTDOOR_LOCATION|moskva|Москва|0|0|1|1|1|1|1|0|0|1|55.7425|37.6285|273
ven_ms_b8d8d31e294d43fd|moscow-staryy-arbat|Старый Арбат|OUTDOOR_LOCATION|moskva|Москва|0|0|0|1|1|1|1|0|0|1|55.7494|37.5915|0
ven_ms_772c40057ef115c1|moscow-tverskoy-bulvar|Тверской бульвар|OUTDOOR_LOCATION|moskva|Москва|0|0|1|1|1|1|1|0|0|1|55.761614|37.601911|403
ven_ms_c11ba930e86aa06e|murmansk-memorial-nyy-kompleks-moryakam-pogibshim-v-mirnoe-vremya|Мемориальный комплекс «Морякам, погибшим в мирное время»|OUTDOOR_LOCATION|мурманск|Мурманск|0|0|1|1|1|0|1|1|1|1|68.981245|33.093142|418
ven_ms_d573d1d9d4f0aa7c|murmansk-most-cherez-kol-skiy-zaliv|Мост через Кольский залив|OUTDOOR_LOCATION|мурманск|Мурманск|0|0|1|1|1|0|1|1|1|1|68.905556|33.031111|421
ven_ms_8ff79fb194f22720|murmansk-most-cherez-kolskiy-zaliv|Мост через Кольский залив|OUTDOOR_LOCATION|мурманск|Мурманск|0|0|1|1|1|1|1|1|1|1|68.905556|33.031111|421
ven_ms_2e3371442549c25a|nizhny-novgorod-bol-shaya-pokrovskaya-ulitsa|Большая Покровская улица|OUTDOOR_LOCATION|нижнии-новгород|Нижний Новгород|0|0|1|1|1|1|1|1|1|1|56.321684|43.996155|380
ven_ms_c3c9f7d9f66cfdd6|nizhny-novgorod-verhne-volzhskaya-naberezhnaya|Верхне-Волжская набережная|OUTDOOR_LOCATION|нижнии-новгород|Нижний Новгород|0|0|1|1|1|1|1|1|1|1|56.329971|44.013589|155
ven_ms_810e7f93bc886659|nizhny-novgorod-gosudarstvennyy-bank|Государственный банк|OUTDOOR_LOCATION|нижнии-новгород|Нижний Новгород|0|0|1|1|1|1|1|1|1|1|56.322301|44.002875|198
ven_ms_abbdee9dac941823|nizhny-novgorod-domik-kashirina|Домик Каширина|OUTDOOR_LOCATION|нижнии-новгород|Нижний Новгород|0|0|1|1|1|1|1|1|1|1|56.326317|43.993742|149
ven_ms_78e07cb753f93d26|nizhny-novgorod-domik-petra-i|Домик Петра I|OUTDOOR_LOCATION|нижнии-новгород|Нижний Новгород|0|0|1|1|1|1|1|1|1|1|56.326269|43.999658|147
ven_ms_02f289dfb813ce12|nizhny-novgorod-naberezhnaya-fedorovskogo|Набережная Фёдоровского|OUTDOOR_LOCATION|нижнии-новгород|Нижний Новгород|0|0|1|1|1|1|1|1|1|1|56.326887|43.980644|380
ven_ms_f67ceb0cb334bd78|nizhny-novgorod-nizhegorodskaya-kanatnaya-doroga|Нижегородская канатная дорога|OUTDOOR_LOCATION|нижнии-новгород|Нижний Новгород|0|0|1|1|1|1|1|1|1|1|56.324209|44.038758|330
ven_ms_d8c42ad576c1cf40|nizhny-novgorod-nizhegorodskaya-yarmarka|Нижегородская ярмарка|OUTDOOR_LOCATION|нижнии-новгород|Нижний Новгород|0|0|1|1|1|1|1|1|1|1|56.3275|43.962222|159
ven_ms_cfc02dd33aff8580|nizhny-novgorod-nizhne-volzhskaya-naberezhnaya|Нижне-Волжская набережная|OUTDOOR_LOCATION|нижнии-новгород|Нижний Новгород|0|0|1|1|1|1|1|1|1|1|56.330441|43.996112|141
ven_ms_7ef1c0360785915b|nizhny-novgorod-pakgauzy-na-strelke|Пакгаузы на Стрелке|OUTDOOR_LOCATION|нижнии-новгород|Нижний Новгород|0|0|1|1|1|1|1|1|1|1|56.333967|43.972304|185
ven_ms_a68088d960b60760|nizhny-novgorod-ploschad-lyadova|Площадь Лядова|OUTDOOR_LOCATION|нижнии-новгород|Нижний Новгород|0|0|1|1|1|1|1|1|1|1|56.312953|43.987786|144
ven_ms_9f6c6dc5713c4df4|nizhny-novgorod-ploschad-minina-i-pozharskogo|Площадь Минина и Пожарского|OUTDOOR_LOCATION|нижнии-новгород|Нижний Новгород|0|0|1|1|1|1|1|1|1|1|56.326759|44.00624|139
ven_ms_5620dc8afa7206d4|nizhny-novgorod-pochainskiy-bulvar|Почаинский бульвар|OUTDOOR_LOCATION|нижнии-новгород|Нижний Новгород|0|0|1|1|1|1|1|1|1|1|56.326305|43.997233|138
ven_ms_2ac215acc2a7f884|nizhny-novgorod-rozhdestvenskaya-ulitsa|Рождественская улица|OUTDOOR_LOCATION|нижнии-новгород|Нижний Новгород|0|0|1|1|1|1|1|1|1|1|56.328328|43.990471|132
ven_ms_d2cd54f725b0f4eb|nizhny-novgorod-strelka-rek-volgi-i-oki|Стрелка рек Волги и Оки|OUTDOOR_LOCATION|нижнии-новгород|Нижний Новгород|0|0|1|1|1|1|1|1|1|1|56.333889|43.990833|346
ven_ms_3e09c92b36e0d7de|nizhny-novgorod-street-art-kvartaly|Стрит-арт в Кварталах|OUTDOOR_LOCATION|нижнии-новгород|Нижний Новгород|0|0|0|1|1|1|1|0|0|1|56.320225|43.993579|0
ven_ms_821b72e238c56bd5|nizhny-novgorod-chkalovskaya-lestnitsa|Чкаловская лестница|OUTDOOR_LOCATION|нижнии-новгород|Нижний Новгород|0|0|1|1|1|1|1|1|1|1|56.330889|44.009278|403
ven_ms_4787b4742bb5001b|novosibirsk-mihaylovskaya-naberezhnaya|Михайловская набережная|OUTDOOR_LOCATION|новосибирск|Новосибирск|0|0|1|1|1|1|1|1|1|1|55.011681|82.941655|427
ven_ms_11862a6925225f30|novosibirsk-plyazh-zvezda-obskoe-more|Пляж «Звезда» и Обское море|OUTDOOR_LOCATION|новосибирск|Новосибирск|0|0|0|1|1|1|1|0|0|1|54.829145|83.031142|0
ven_ms_308d93fb715160f5|novosibirsk-skver-geroev-revolyutsii|Сквер Героев Революции|OUTDOOR_LOCATION|новосибирск|Новосибирск|0|0|0|1|1|1|1|0|0|1|55.029141|82.922115|0
ven_ms_45537bed9c923c3b|omsk-u-kvartala|«У Квартала»|OUTDOOR_LOCATION|омск|Омск|0|0|0|1|1|1|1|0|0|1|54.98425|73.37155|0
ven_ms_769aed224f491d6a|omsk-vystavochnaya-ploschad-flora|Выставочная площадь «Флора»|OUTDOOR_LOCATION|омск|Омск|0|0|0|1|1|1|1|0|0|1|54.98721|73.36521|0
ven_ms_ee9ef601db270488|omsk-irtyshskaya-naberezhnaya|Иртышская набережная|OUTDOOR_LOCATION|омск|Омск|0|0|1|1|1|1|1|1|1|1|54.965412|73.381245|395
ven_ms_7d238d9734d0ac94|omsk-lyubinskiy-prospekt-ulitsa-lenina|Любинский проспект (улица Ленина)|OUTDOOR_LOCATION|омск|Омск|0|0|1|1|1|1|1|1|1|1|54.984124|73.374512|430
ven_ms_3927559b9eb2290a|omsk-tarskie-vorota|Тарские ворота|OUTDOOR_LOCATION|омск|Омск|0|0|0|1|1|1|1|0|0|1|54.986912|73.366112|0
ven_ms_5253684b2e5e825f|omsk-tobolskie-vorota|Тобольские ворота|OUTDOOR_LOCATION|омск|Омск|0|0|0|1|1|1|1|0|0|1|54.98561|73.36311|0
ven_ms_4eb124e7830fcc09|omsk-ulitsa-chokana-valihanova|Улица Чокана Валиханова|OUTDOOR_LOCATION|омск|Омск|0|0|1|1|1|1|1|1|1|1|54.974312|73.383145|382
ven_ms_76b0cdb869cb329c|orenburg-muzeynyy-kompleks-natsional-naya-derevnya|Культурно-комплекс «Национальная деревня»|OUTDOOR_LOCATION|оренбург|Оренбург|0|0|1|1|1|1|1|1|1|1|51.782222|55.153889|379
ven_ms_c3a76aa2fe858524|orenburg-kul-turnyy-kompleks-karavan-saray|Культурный комплекс «Караван-Сарай»|OUTDOOR_LOCATION|оренбург|Оренбург|0|0|1|1|1|1|1|1|1|1|51.771112|55.096944|403
ven_ms_3edbafba98cd529a|orenburg-orenburgskaya-detskaya-zheleznaya-doroga|Оренбургская детская железная дорога|OUTDOOR_LOCATION|оренбург|Оренбург|0|0|1|1|1|1|1|1|1|1|51.753854|55.105278|385
ven_ms_56c001d9acecfe80|orenburg-orenburgskaya-naberezhnaya-i-stantsiya-komsomol-skaya|Оренбургская набережная и станция «Комсомольская»|OUTDOOR_LOCATION|оренбург|Оренбург|0|0|1|1|1|1|1|1|1|1|51.752145|55.103142|432
ven_ms_081c9cb7967ba09d|orenburg-peshehodnyy-most-evropa-aziya|Пешеходный мост «Европа - Азия»|OUTDOOR_LOCATION|оренбург|Оренбург|0|0|1|1|1|1|1|1|1|1|51.754854|55.105124|375
ven_ms_d9c3d3a5d8a5c08a|orel-sliyanie-rek-oki-i-orlika|Слияние рек Оки и Орлика (Стрелка)|OUTDOOR_LOCATION|орел|Орёл|0|0|1|1|1|1|1|1|1|1|52.967812|36.071245|412
ven_ms_7c5e7592f534eb59|orel-ulitsa-lenina|Улица Ленина|OUTDOOR_LOCATION|орел|Орёл|0|0|1|1|1|1|1|1|1|1|52.966542|36.063145|389
ven_ms_8029bbb0535b3097|penza-penzenskaya-peshehodnaya-ulitsa-moskovskaya|Пешеходная улица Московская|OUTDOOR_LOCATION|пенза|Пенза|0|0|1|1|1|1|1|1|1|1|53.193142|45.018542|409
ven_ms_6463385ae8debc50|penza-svetozvukovoy-fontan|Светозвуковой фонтан|OUTDOOR_LOCATION|пенза|Пенза|0|0|1|1|1|1|1|1|1|1|53.194412|45.015278|402
ven_perm_naberezhnaya|naberezhnaya-kamy|Набережная Камы|OUTDOOR_LOCATION|пермь|Пермь|0|0|1|1|1|1|1|1|1|1|58.01825|56.2466|444
ven_ms_71c761ca4b39af2a|pskov-dovmontov-gorod|Довмонтов город|OUTDOOR_LOCATION|псков|Псков|0|0|1|1|1|1|1|1|1|1|57.820278|28.329444|405
ven_ms_4aae1bfffbfc74a4|rostov-na-donu-bol-shaya-sadovaya-ulitsa|Большая Садовая улица|OUTDOOR_LOCATION|ростов-на-дону|Ростов-на-Дону|0|0|1|1|1|1|1|1|1|1|47.221412|39.713645|347
ven_ms_81ab14bd1fe53f77|rostov-na-donu-naberezhnaya-reki-don-beregovaya-ulitsa|Набережная реки Дон (Береговая улица)|OUTDOOR_LOCATION|ростов-на-дону|Ростов-на-Дону|0|0|1|1|1|1|1|1|1|1|47.218541|39.718854|405
ven_ms_30b0ae0e2b8dfd8b|rostov-na-donu-paramonovskie-sklady|Парамоновские склады|OUTDOOR_LOCATION|ростов-на-дону|Ростов-на-Дону|0|0|1|1|1|1|1|1|1|1|47.219444|39.734167|392
ven_ms_ab204da0b56bac95|rostov-na-donu-pushkinskaya-ulitsa|Пушкинская улица|OUTDOOR_LOCATION|ростов-на-дону|Ростов-на-Дону|0|0|0|1|1|1|1|0|0|1|47.225891|39.718912|0
ven_ms_e2a755ce7e10d279|rostov-na-donu-teatral-naya-ploschad|Театральная площадь|OUTDOOR_LOCATION|ростов-на-дону|Ростов-на-Дону|0|0|1|1|1|1|1|1|1|1|47.224123|39.745124|387
ven_ms_0395a4c8741e434d|ryazan-art-centr-vhod-s-ulitsy|Арт-центр «Вход с улицы»|OUTDOOR_LOCATION|рязань|Рязань|0|0|0|1|1|1|1|0|0|1|54.633112|39.749902|0
ven_ms_4490321e90fdb814|ryazan-grib-rybak|Гриб-Рыбак|OUTDOOR_LOCATION|рязань|Рязань|0|0|0|1|1|1|1|0|0|1|54.62912|39.74345|0
ven_ms_9b41e55e6650f04d|ryazan-grib-gribniki|Грибники (Отец и сын)|OUTDOOR_LOCATION|рязань|Рязань|0|0|0|1|1|1|1|0|0|1|54.628905|39.74112|0
ven_ms_23e9d3706e872777|ryazan-ulitsa-pochtovaya|Улица Почтовая|OUTDOOR_LOCATION|рязань|Рязань|0|0|1|1|1|1|1|1|1|1|54.629412|39.741245|389
ven_ms_6bad16eefe49ce81|samara-bunker-stalina|Бункер Сталина|OUTDOOR_LOCATION|самара|Самара|0|0|1|1|1|1|1|1|1|1|53.196612|50.101811|405
ven_ms_30afa0f01d107cc4|samara-volzhskiy-plyazh|Волжский пляж|OUTDOOR_LOCATION|самара|Самара|0|0|0|1|1|1|1|0|0|1|53.204112|50.108112|0
ven_ms_f1bf08cf3f7be07a|samara-ploschad-slavy|Площадь Славы|OUTDOOR_LOCATION|самара|Самара|0|0|1|1|1|1|1|1|1|1|53.202811|50.113912|361
ven_ms_edcc353075dc7cb4|samara-samarskaya-naberezhnaya|Самарская набережная|OUTDOOR_LOCATION|самара|Самара|0|0|1|1|1|1|1|1|1|1|53.195611|50.091211|381
ven_ms_23edd0fc2788c6ac|samara-ulitsa-leningradskaya|Улица Ленинградская|OUTDOOR_LOCATION|самара|Самара|0|0|0|1|1|1|1|0|0|1|53.188311|50.091512|0
ven_ms_5aad9b678f393086|saint-petersburg-angliyskaya-naberezhnaya|Английская набережная|OUTDOOR_LOCATION|санкт-петербург|Санкт-Петербург|0|0|0|1|1|1|1|0|0|1|59.934211|30.289114|55
ven_ms_9f30ca4c751f4119|saint-petersburg-anichkov-most|Аничков мост|OUTDOOR_LOCATION|санкт-петербург|Санкт-Петербург|0|0|1|1|1|1|1|0|0|1|59.932912|30.342931|216
ven_ms_a4cba04d1ef98847|saint-petersburg-bankovskiy-most|Банковский мост|OUTDOOR_LOCATION|санкт-петербург|Санкт-Петербург|0|0|0|1|1|1|1|0|0|1|59.932142|30.324911|15
ven_ms_09200746b7f1f9fc|saint-petersburg-dvortsovaya-naberezhnaya|Дворцовая набережная|OUTDOOR_LOCATION|санкт-петербург|Санкт-Петербург|0|0|0|1|1|1|1|0|0|1|59.943612|30.323141|39
ven_ms_b0048c142d9fc9da|saint-petersburg-dvortsovaya-ploschad|Дворцовая площадь|OUTDOOR_LOCATION|санкт-петербург|Санкт-Петербург|0|0|1|1|1|1|1|0|0|1|59.934281|30.314322|214
ven_ms_7182ec01f0865cdd|saint-petersburg-dvortsovyy-most|Дворцовый мост|OUTDOOR_LOCATION|санкт-петербург|Санкт-Петербург|0|0|0|1|1|1|1|0|0|1|59.941124|30.308112|14
ven_ms_49bfee02e69e9080|saint-petersburg-divo-ostrov|Диво-Остров|OUTDOOR_LOCATION|санкт-петербург|Санкт-Петербург|0|0|0|1|1|1|1|0|0|1|59.9725|30.2455|0
ven_ms_6f334e5798541ba8|saint-petersburg-kamennoostrovskiy-prospekt|Каменноостровский проспект|OUTDOOR_LOCATION|санкт-петербург|Санкт-Петербург|0|0|0|1|1|1|1|0|0|1|59.965|30.312|0
ven_ms_90f39fb2733c7987|saint-petersburg-kamennyy-ostrov|Каменный остров|OUTDOOR_LOCATION|санкт-петербург|Санкт-Петербург|0|0|0|1|1|1|1|0|0|1|59.98|30.3|0
ven_ms_2066295e3e4f70cf|saint-petersburg-linii-vasilevskogo-ostrova|Линии Васильевского острова|OUTDOOR_LOCATION|санкт-петербург|Санкт-Петербург|0|0|0|1|1|1|1|0|0|1|59.938124|30.278912|32
ven_ms_33c646bdd9f82c4f|saint-petersburg-malaya-sadovaya-ulitsa|Малая Садовая улица|OUTDOOR_LOCATION|санкт-петербург|Санкт-Петербург|0|0|0|1|1|1|1|0|0|1|59.934114|30.337912|19
ven_ms_de59c712b95a572f|saint-petersburg-mozaichnyy-dvorik|Мозаичный дворик|OUTDOOR_LOCATION|санкт-петербург|Санкт-Петербург|0|0|1|1|1|1|1|0|0|1|59.946114|30.339211|151
ven_ms_cba179b70f46c48c|saint-petersburg-naberezhnaya-fontanki|Набережная Фонтанки|OUTDOOR_LOCATION|санкт-петербург|Санкт-Петербург|0|0|0|1|1|1|1|0|0|1|59.931241|30.338914|50
ven_ms_8009d41759ad48df|saint-petersburg-naberezhnaya-kanala-griboedova|Набережная канала Грибоедова|OUTDOOR_LOCATION|санкт-петербург|Санкт-Петербург|0|0|0|1|1|1|1|0|0|1|59.935111|30.326814|34
ven_ms_a90e40229446f75d|saint-petersburg-naberezhnaya-reki-moyki|Набережная реки Мойки|OUTDOOR_LOCATION|санкт-петербург|Санкт-Петербург|0|0|0|1|1|1|1|0|0|1|59.931812|30.301211|40
ven_ms_d21d4b7eb03d2326|saint-petersburg-nevskiy-prospekt|Невский проспект|OUTDOOR_LOCATION|санкт-петербург|Санкт-Петербург|0|0|1|1|1|1|1|0|0|1|59.934371|30.335192|179
ven_ms_5954ce48cb783022|saint-petersburg-novaya-gollandiya|Новая Голландия|OUTDOOR_LOCATION|санкт-петербург|Санкт-Петербург|0|0|1|1|1|1|1|0|0|1|59.929112|30.289214|128
ven_ms_57e24ac7cb97300e|saint-petersburg-petrogradskaya-naberezhnaya|Петроградская набережная|OUTDOOR_LOCATION|санкт-петербург|Санкт-Петербург|0|0|0|1|1|1|1|0|0|1|59.955412|30.337512|42
ven_ms_eae1ec67f41ed9f2|saint-petersburg-sevkabel-port|Севкабель Порт|OUTDOOR_LOCATION|санкт-петербург|Санкт-Петербург|0|0|1|1|1|1|1|0|0|1|59.924214|30.241512|160
ven_ms_0fe3a4450b19b1e2|saint-petersburg-strelka-vasilevskogo-ostrova|Стрелка Васильевского острова|OUTDOOR_LOCATION|санкт-петербург|Санкт-Петербург|0|0|1|1|1|1|1|0|0|1|59.944211|30.306143|206
ven_ms_067a1b038089cb84|saint-petersburg-troitskiy-most|Троицкий мост|OUTDOOR_LOCATION|санкт-петербург|Санкт-Петербург|0|0|0|1|1|1|1|0|0|1|59.948811|30.327514|46
ven_ms_08c835b3abca7364|saint-petersburg-ulitsa-zodchego-rossi|Улица Зодчего Росси|OUTDOOR_LOCATION|санкт-петербург|Санкт-Петербург|0|0|0|1|1|1|1|0|0|1|59.931412|30.336124|54
ven_ms_0a03f78a3ad5976d|saint-petersburg-ulitsa-rubinshteyna|Улица Рубинштейна|OUTDOOR_LOCATION|санкт-петербург|Санкт-Петербург|0|0|0|1|1|1|1|0|0|1|59.931211|30.342914|51
ven_ms_8ed3a90ddb846659|saint-petersburg-universitetskaya-naberezhnaya|Университетская набережная|OUTDOOR_LOCATION|санкт-петербург|Санкт-Петербург|0|0|0|1|1|1|1|0|0|1|59.937121|30.290231|43
ven_ms_9f0dd808baf94c59|saint-petersburg-tspkio-im-kirova-elagin-ostrov|ЦПКиО им. Кирова (Елагин остров)|OUTDOOR_LOCATION|санкт-петербург|Санкт-Петербург|0|0|0|1|1|1|1|0|0|1|59.9795|30.2705|0
ven_ms_7ad6138dd9f9d875|saint-petersburg-erarta|Эрарта|OUTDOOR_LOCATION|санкт-петербург|Санкт-Петербург|0|0|0|1|1|0|1|0|0|1|59.932364|30.252041|65
ven_ms_c37d996792064510|saransk-ploschad-tysyacheletiya-i-fontan-zvezda-mordovii|Площадь Тысячелетия и фонтан «Звезда Мордовии»|OUTDOOR_LOCATION|саранск|Саранск|0|0|1|1|1|1|1|1|1|1|54.185556|45.183889|427
ven_ms_0c8b7ad83fcafad6|saransk-stadion-mordoviya-arena|Стадион «Мордовия Арена»|OUTDOOR_LOCATION|саранск|Саранск|0|0|1|1|1|1|1|1|1|1|54.181944|45.201389|427
ven_ms_b7d18e995209743c|saransk-etnograficheskiy-kompleks-mordovskoe-podvore|Этнографический комплекс «Мордовское подворье»|OUTDOOR_LOCATION|саранск|Саранск|0|0|1|1|1|1|1|1|1|1|54.178611|45.184167|382
ven_ms_57ac705887ebd3ac|saransk-etnograficheskiy-kompleks-mordovskoe-podvor-e|Этнографический комплекс «Мордовское подворье»|OUTDOOR_LOCATION|саранск|Саранск|0|0|1|1|1|0|1|1|1|1|54.178611|45.184167|382
ven_ms_309fd0887fa42d9b|saratov-avtodorozhnyy-most-saratov-engel-s|Автодорожный мост Саратов - Энгельс|OUTDOOR_LOCATION|саратов|Саратов|0|0|1|1|1|1|1|1|1|1|51.536111|46.074444|432
ven_ms_936a34c69c34caf6|saratov-naberezhnaya-kosmonavtov|Набережная Космонавтов|OUTDOOR_LOCATION|саратов|Саратов|0|0|1|1|1|1|1|1|1|1|51.528345|46.056942|402
ven_ms_3326e44f24962715|saratov-prospekt-stolypina|Проспект Столыпина|OUTDOOR_LOCATION|саратов|Саратов|0|0|1|1|1|1|1|1|1|1|51.531654|46.031245|426
ven_ms_4d12b7e80023d729|sevastopol-balaklavskaya-buhta|Балаклавская бухта|OUTDOOR_LOCATION|севастополь|Севастополь|0|0|1|1|1|1|1|1|1|1|44.500556|33.598889|382
ven_ms_7291ee926f7e40c7|sevastopol-malahov-kurgan-i-sapun-gora|Малахов курган и Сапун-гора|OUTDOOR_LOCATION|севастополь|Севастополь|0|0|1|1|1|1|1|1|1|1|44.591245|33.582142|378
ven_ms_dfce1c3d024a3bed|sevastopol-mys-fiolent|Мыс Фиолент|OUTDOOR_LOCATION|севастополь|Севастополь|0|0|1|1|1|1|1|1|1|1|44.501389|33.489167|384
ven_ms_6ca64eee510268d6|simferopol-karaimskaya-kenassa|Караимская кенасса|OUTDOOR_LOCATION|симферополь|Симферополь|0|0|1|1|1|1|1|1|1|1|44.948542|34.101245|416
ven_ms_9488c19e98ca991b|simferopol-mramornaya-i-krasnaya-peschery|Мраморная и Красная пещеры (Кизил-Коба)|OUTDOOR_LOCATION|симферополь|Симферополь|0|0|1|1|1|1|1|1|1|1|44.796944|34.278889|443
ven_ms_bb67fcbc09460ce4|simferopol-ulitsy-pushkina-i-karla-marksa|Пешеходные улицы Пушкина и Карла Маркса|OUTDOOR_LOCATION|симферополь|Симферополь|0|0|1|1|1|1|1|1|1|1|44.951112|34.098889|408
ven_ms_f25944ce451e88c4|simferopol-simferopol-skoe-vodohranilische|Симферопольское водохранилище|OUTDOOR_LOCATION|симферополь|Симферополь|0|0|1|1|1|1|1|1|1|1|44.926944|34.143333|360
ven_ms_c1a4876ca31023c3|sortavala-gora-paasonvuori-paaso|Гора Паасонвуори (Паасо)|OUTDOOR_LOCATION|сортавала|Сортавала|0|0|1|1|1|1|1|1|1|1|61.731944|30.698889|434
ven_ms_0601f4c1bdab535b|sortavala-ladozhskie-shhery|Натуральный заказник «Ладожские шхеры»|OUTDOOR_LOCATION|сортавала|Сортавала|0|0|1|1|1|1|1|1|1|1|61.685412|30.743145|398
ven_ms_bf1f567be8138b71|sortavala-ostrov-valaam|Остров Валаам|OUTDOOR_LOCATION|сортавала|Сортавала|0|0|1|1|1|1|1|1|1|1|61.389444|30.945278|385
ven_ms_c92598f47c1cfb96|sochi-dendrariy|Дендрарий|OUTDOOR_LOCATION|сочи|Сочи|0|0|1|1|1|1|1|1|1|1|43.571667|39.7425|439
ven_ms_b49543d364bc7452|sochi-kurort-roza-hutor|Курорт Роза Хутор|OUTDOOR_LOCATION|сочи|Сочи|0|0|1|1|1|1|1|1|1|1|43.672512|40.296142|395
ven_ms_97056a290d3d609d|sochi-tiso-samshitovaya-roscha|Тисо-самшитовая роща|OUTDOOR_LOCATION|сочи|Сочи|0|0|1|1|1|1|1|1|1|1|43.526944|39.873611|418
ven_ms_41d4be73a0a78cfc|stavropol-aleksandrovskaya-ploschad|Александровская площадь (Площадь Ангела)|OUTDOOR_LOCATION|ставрополь|Ставрополь|0|0|1|1|1|1|1|1|1|1|45.044124|41.968889|403
ven_ms_da8f9ad853864f3a|stavropol-komsomol-skiy-prud|Комсомольский пруд|OUTDOOR_LOCATION|ставрополь|Ставрополь|0|0|1|1|1|1|1|1|1|1|45.053124|41.968541|378
ven_ms_0449ed45678982fe|stavropol-tiflisskie-vorota|Тифлисские ворота (Триумфальная арка)|OUTDOOR_LOCATION|ставрополь|Ставрополь|0|0|1|1|1|1|1|1|1|1|45.048564|41.984125|373
ven_ms_d20c7a864967f518|syktyvkar-art-ob-ekt-komi-pasy|Арт-объект «Коми пасы»|OUTDOOR_LOCATION|сыктывкар|Сыктывкар|0|0|1|1|1|0|1|1|1|1|61.668889|50.836112|427
ven_ms_d17cd35f7ab81b94|syktyvkar-art-obekt-komi-pasy|Арт-объект «Коми пасы»|OUTDOOR_LOCATION|сыктывкар|Сыктывкар|0|0|1|1|1|1|1|1|1|1|61.6698|50.8365|427
ven_ms_8919d6918d001c19|syktyvkar-ulitsa-kuratova-i-kupecheskie-doma|Улица Куратова и купеческие дома|OUTDOOR_LOCATION|сыктывкар|Сыктывкар|0|0|1|1|1|1|1|1|1|1|61.666389|50.843142|418
ven_ms_75e0e7b635adde56|tambov-naberezhnaya-reki-tsny|Набережная реки Цны|OUTDOOR_LOCATION|тамбов|Тамбов|0|0|1|1|1|1|1|1|1|1|52.721412|41.465142|456
ven_ms_47cde8e364c7ccae|tver-bulvar-radishcheva|Бульвар Радищева|OUTDOOR_LOCATION|тверь|Тверь|0|0|0|1|1|1|1|0|0|1|56.858412|35.908912|0
ven_ms_ee0be51a69a14a0d|tver-morozovskiy-gorodok-dvor-proletarki|Морозовский городок (Двор Пролетарки)|OUTDOOR_LOCATION|тверь|Тверь|0|0|1|1|1|1|1|1|1|1|56.851111|35.856944|409
ven_ms_e5ec055f15478145|tver-naberezhnaya-stepana-razina|Набережная Степана Разина|OUTDOOR_LOCATION|тверь|Тверь|0|0|1|1|1|1|1|1|1|1|56.863142|35.914512|338
ven_ms_e46fb76c4a16aaad|tver-peshehodnaya-trehsvyatskaya-ulitsa|Пешеходная Трехсвятская улица|OUTDOOR_LOCATION|тверь|Тверь|0|0|0|1|1|1|1|0|0|1|56.856912|35.911112|0
ven_ms_5a896b7c6c11c21c|tver-starovolzhskiy-most|Староволжский мост|OUTDOOR_LOCATION|тверь|Тверь|0|0|1|1|1|1|1|1|1|1|56.865412|35.903145|383
ven_ms_98cc0279fd32c0b6|tomsk-voskresenskaya-gora|Воскресенская гора|OUTDOOR_LOCATION|томск|Томск|0|0|1|1|1|1|1|1|1|1|56.488354|84.953124|419
ven_ms_0d1dabd8d581f034|tomsk-rossiysko-nemetskiy-dom-dom-kuptsa-golovanova|Российско-немецкий дом (Дом купца Голованова)|OUTDOOR_LOCATION|томск|Томск|0|0|1|1|1|1|1|1|1|1|56.471245|84.961245|449
ven_ms_0d87d4e74a9dc158|tula-kazanskaya-naberezhnaya|Казанская набережная|OUTDOOR_LOCATION|тула|Тула|0|0|1|1|1|1|1|1|1|1|54.197022|37.618115|373
ven_ms_5f3de4a093348065|tyumen-komsomolskaya-ploschad|Комсомольская площадь|OUTDOOR_LOCATION|тюмень|Тюмень|0|0|0|1|1|1|1|0|0|1|57.156912|65.529112|0
ven_ms_f081bfcc89c27f24|tyumen-most-vlyublennyh|Мост Влюблённых|OUTDOOR_LOCATION|тюмень|Тюмень|0|0|1|1|1|1|1|1|1|1|57.165412|65.521245|377
ven_ms_b7500987e5c3b3d5|tyumen-peshehodnaya-ulitsa-dzerzhinskogo|Пешеходная улица Дзержинского|OUTDOOR_LOCATION|тюмень|Тюмень|0|0|1|1|1|1|1|1|1|1|57.156845|65.534124|343
ven_ms_cc2a27078b058db1|tyumen-ploschad-bortsov-revolyutsii|Площадь Борцов Революции|OUTDOOR_LOCATION|тюмень|Тюмень|0|0|0|1|1|1|1|0|0|1|57.148|65.545|0
ven_ms_d351e3932e19af09|tyumen-ploschad-proshchaniya|Площадь Прощания|OUTDOOR_LOCATION|тюмень|Тюмень|0|0|0|1|1|1|1|0|0|1|57.149112|65.551901|0
ven_ms_c9b7b730326d6dc3|tyumen-skver-sibirskih-koshek|Сквер сибирских кошек|OUTDOOR_LOCATION|тюмень|Тюмень|0|0|1|1|1|1|1|1|1|1|57.151944|65.540278|329
ven_ms_70b94bc2fffabbc4|tyumen-termal-nye-istochniki|Термальные источники|OUTDOOR_LOCATION|тюмень|Тюмень|0|0|1|1|1|1|1|1|1|1|57.172451|65.541245|351
ven_ms_1aef4a11cc6bf045|tyumen-tsvetnoy-bulvar|Цветной бульвар|OUTDOOR_LOCATION|тюмень|Тюмень|0|0|0|1|1|1|1|0|0|1|57.149912|65.541212|0
ven_ms_60111f83ba28e44a|tyumen-chetyrehurovnevaya-naberezhnaya|Четырёхуровневая набережная|OUTDOOR_LOCATION|тюмень|Тюмень|0|0|1|1|1|1|1|1|1|1|57.163351|65.525894|390
ven_ms_cf328425b0ebfa4e|ulan-ude-ivolginskiy-datsan|Иволгинский дацан («Хамбын Хурээ»)|OUTDOOR_LOCATION|улан-удэ|Улан-Удэ|0|0|1|1|1|1|1|1|1|1|51.758889|107.203611|413
ven_ms_2dd64b576f1d7810|ulan-ude-naberezhnaya-selengi|Набережная Селенги|OUTDOOR_LOCATION|улан-удэ|Улан-Удэ|0|0|1|1|1|1|1|1|1|1|51.821412|107.574512|451
ven_ms_99657b8d6b95a743|ulan-ude-ploschad-sovetov|Площадь Советов|OUTDOOR_LOCATION|улан-удэ|Улан-Удэ|0|0|1|1|1|1|1|1|1|1|51.833854|107.584512|424
ven_ms_892afa23faf4925f|ulan-ude-ulitsa-lenina|Улица Ленина|OUTDOOR_LOCATION|улан-удэ|Улан-Удэ|0|0|1|1|1|1|1|1|1|1|51.8338|107.5842|210
ven_ms_59766f181c603be9|ulyanovsk-bul-var-novyy-venets|Бульвар Новый Венец|OUTDOOR_LOCATION|ульяновск|Ульяновск|0|0|1|1|1|1|1|1|1|1|54.318542|48.406944|452
ven_ms_81d3c786761e47b3|ulyanovsk-imperatorskiy-most|Императорский мост|OUTDOOR_LOCATION|ульяновск|Ульяновск|0|0|1|1|1|1|1|1|1|1|54.321111|48.431667|483
ven_ms_ac2d28d8a8265986|ufa-art-kvadrat|Арт-Квадрат|OUTDOOR_LOCATION|уфа|Уфа|0|0|1|1|1|1|1|1|1|1|54.730124|55.945112|377
ven_ms_48751e01987eee23|ufa-novaya-ufimskaya-naberezhnaya|Новая Уфимская Набережная|OUTDOOR_LOCATION|уфа|Уфа|0|0|0|1|1|1|1|0|0|1|54.710212|55.943112|0
ven_ms_a1487373762bda8f|ufa-fontan-sem-devushek|Фонтан «Семь девушек»|OUTDOOR_LOCATION|уфа|Уфа|0|0|1|1|1|1|1|1|1|1|54.724854|55.943142|380
ven_ms_dc89cbbfd86fedb4|habarovsk-naberezhnaya-admirala-nevel-skogo-i-habarovskiy-utes|Набережная Адмирала Невельского и Хабаровский утес|OUTDOOR_LOCATION|хабаровск|Хабаровск|0|0|1|1|1|0|1|1|1|1|48.472222|135.051111|369
ven_ms_127b77353e7e2030|habarovsk-naberezhnaya-admirala-nevelskogo-i-habarovskiy-utes|Набережная Адмирала Невельского и Хабаровский утес|OUTDOOR_LOCATION|хабаровск|Хабаровск|0|0|1|1|1|1|1|1|1|1|48.472222|135.051111|369
ven_ms_13947d6e0f0e2d03|habarovsk-ploschad-imeni-lenina|Площадь имени Ленина|OUTDOOR_LOCATION|хабаровск|Хабаровск|0|0|1|1|1|1|1|1|1|1|48.481245|135.074512|415
ven_ms_c983e1a95b06f958|cheboksary-bulvar-kuptsa-efremova|Бульвар Купца Ефремова|OUTDOOR_LOCATION|чебоксары|Чебоксары|0|0|1|1|1|1|1|1|1|1|56.142542|47.248542|455
ven_ms_2d7678ea13716338|cheboksary-bul-var-kuptsa-efremova|Бульвар Купца Ефремова|OUTDOOR_LOCATION|чебоксары|Чебоксары|0|0|1|1|1|0|1|1|1|1|56.142542|47.248542|434
ven_ms_51a8f87c7c520351|cheboksary-monument-mat-pokrovitel-nitsa|Монумент «Мать-Покровительница»|OUTDOOR_LOCATION|чебоксары|Чебоксары|0|0|1|1|1|0|1|1|1|1|56.149444|47.241245|443
ven_ms_1df29c25c02ae675|cheboksary-cheboksarskiy-zaliv-i-krasnaya-ploschad|Чебоксарский залив и Красная площадь|OUTDOOR_LOCATION|чебоксары|Чебоксары|0|0|1|1|1|1|1|1|1|1|56.143889|47.251412|435
ven_ms_9fee96d418ece191|chelyabinsk-aloe-pole|Алое поле|OUTDOOR_LOCATION|челябинск|Челябинск|0|0|1|1|1|1|1|1|1|1|55.161111|61.391667|426
ven_ms_9473e60d76a54fdd|chelyabinsk-kirovka-chelyabinskiy-arbat|Кировка (Челябинский Арбат)|OUTDOOR_LOCATION|челябинск|Челябинск|0|0|1|1|1|1|1|1|1|1|55.163354|61.401245|463
ven_ms_ffc690f424527151|chelyabinsk-naberezhnaya-reki-miass|Набережная реки Миасс|OUTDOOR_LOCATION|челябинск|Челябинск|0|0|1|1|1|1|1|1|1|1|55.168541|61.401655|426
ven_ms_fb3e49c8b11dcd9b|chelyabinsk-ploschad-iskusstv|Площадь Искусств|OUTDOOR_LOCATION|челябинск|Челябинск|0|0|0|1|1|1|1|0|0|1|55.167512|61.402812|0
ven_ms_f06dc0f9a8e0160c|chelyabinsk-sfera-lyubvi|Сфера любви|OUTDOOR_LOCATION|челябинск|Челябинск|0|0|1|1|1|1|1|1|1|1|55.156542|61.400854|476
ven_ms_5cb936bdd959b9f5|chelyabinsk-turgoyak|Тургояк / остров Веры|OUTDOOR_LOCATION|челябинск|Челябинск|0|0|0|1|1|1|1|0|0|1|55.158912|60.101112|0
ven_ms_65d3ee2fa471c79d|chita-ivano-arahleyskie-ozera|Ивано-Арахлейские озера|OUTDOOR_LOCATION|чита|Чита|0|0|1|1|1|1|1|1|1|1|52.199444|112.833333|439
ven_ms_21a6ad4a6b3779a8|chita-titovskaya-sopka|Титовская сопка|OUTDOOR_LOCATION|чита|Чита|0|0|1|1|1|1|1|1|1|1|52.008333|113.461111|420
ven_ms_20c0022ad4483060|chita-chitinskiy-datsan-damba-breybuling|Читинский дацан «Дамба Брейбулинг»|OUTDOOR_LOCATION|чита|Чита|0|0|1|1|1|1|1|1|1|1|52.063889|113.489167|415
ven_ms_bad51bcbd89209fa|yuzhno-sahalinsk-gornolyzhnyy-kompleks-gornyy-vozduh|Горнолыжный комплекс «Горный воздух»|OUTDOOR_LOCATION|южно-сахалинск|Южно-Сахалинск|0|0|1|1|1|1|1|1|1|1|46.954124|142.763142|422
ven_ms_953942a7c728c6d8|yuzhno-sahalinsk-gryazevoy-vulkan-yuzhno-sahalinskiy|Грязевой вулкан Южно-Сахалинский|OUTDOOR_LOCATION|южно-сахалинск|Южно-Сахалинск|0|0|1|1|1|1|1|1|1|1|46.993889|142.584167|436
ven_ms_a5362695eb83bf81|yaroslavl-volzhskaya-naberezhnaya|Волжская набережная|OUTDOOR_LOCATION|ярославль|Ярославль|0|0|1|1|1|1|1|1|1|1|57.625345|39.899015|339
ven_ms_89efcb4699d58cbb|yaroslavl-strelka-rek-volgi-i-kotorosli|Стрелка рек Волги и Которосли|OUTDOOR_LOCATION|ярославль|Ярославль|0|0|1|1|1|1|1|1|1|1|57.617937|39.902264|359
ven_ms_97af0f4a8586fceb|abakan-botanicheskiy-sad-so-ran|Абаканский ботанический сад (НИИ аграрных проблем Хакасии СО РАН)|PARK|абакан|Абакан|0|0|1|1|1|1|1|1|1|1|53.714512|91.503142|402
ven_ms_aaabb325adfe6ef4|astrahan-astrahanskiy-biosfernyy-zapovednik|Астраханский биосферный заповедник|PARK|астрахань|Астрахань|0|0|1|1|1|1|1|1|1|1|45.833889|48.584167|421
ven_ms_b2c0b509a4675d96|barnaul-nagornyy-park-i-bukvy-barnaul|Нагорный парк и буквы «БАРНАУЛ»|PARK|барнаул|Барнаул|0|0|1|1|1|1|1|1|1|1|53.324124|83.791667|450
ven_ms_1b0c60408f208c59|belgorod-tsentral-nyy-park-kul-tury-i-otdyha-imeni-v-i-lenina|Центральный парк культуры и отдыха имени В. И. Ленина|PARK|белгород|Белгород|0|0|1|1|1|1|1|1|1|1|50.603889|36.588889|405
ven_ms_871ffc3a0e3c65aa|bryansk-park-muzey-imeni-a-k-tolstogo|Парк-музей имени А. К. Толстого|PARK|брянск|Брянск|0|0|1|1|1|1|1|1|1|1|53.245854|34.364512|425
ven_ms_976b412358ed9829|voronezh-park-alye-parusa|Парк «Алые паруса»|PARK|воронеж|Воронеж|0|0|1|1|1|1|1|1|1|1|51.652145|39.243142|382
ven_ms_adb318586ca26d48|voronezh-park-orlyonok|Парк «Орлёнок»|PARK|воронеж|Воронеж|0|0|0|1|1|1|1|0|0|1|51.674901|39.208902|0
ven_ms_ff3249d086bde088|voronezh-tsentralnyy-park-dinamo|Центральный парк («Динамо»)|PARK|воронеж|Воронеж|0|0|0|1|1|1|1|0|0|1|51.692312|39.222912|0
ven_ms_78e0d0bfa44d6544|ekaterinburg-dendropark|Дендрологический парк|PARK|екатеринбург|Екатеринбург|0|0|0|1|1|1|1|0|0|1|56.8272|60.6033|0
ven_ms_5724e36d2ce7f544|ekaterinburg-park-uktus|Парк Уктус|PARK|екатеринбург|Екатеринбург|0|0|0|1|1|1|1|0|0|1|56.7869|60.6431|0
ven_ms_0cd306918797bdb7|ekaterinburg-kharitonovskiy-sad|Харитоновский сад|PARK|екатеринбург|Екатеринбург|0|0|0|1|1|1|1|0|0|1|56.8431|60.6111|0
venue_6a9ae7f5076db4cf0e8c2fa1|цирк-шапито-каракат-шоу-6a9ae7f5076db4cf0e8c2fa1|Цирк шапито "Каракат-шоу"|PARK|железногорск|Железногорск|1|1|0|0|1|1|1|0|0|0|52.3519007|35.3540356|0
venue_6a99a522a694408babe7024a|цирк-шапито-антре-в-г-железногорск-6a99a522a694408babe7024a|Цирк-шапито Антре в г. Железногорск|PARK|железногорск|Железногорск|0|0|0|0|1|1|1|0|0|0|52.3519007|35.3540356|0
ven_ms_eb9c4834c53e3270|izhevsk-zoopark-udmurtii|Государственный зоопарк Удмуртии|PARK|ижевск|Ижевск|0|0|1|1|1|1|1|1|1|1|56.865412|53.181245|439
ven_ms_313aede2b81b9a44|kazan-park-chernoe-ozero|Парк «Черное озеро»|PARK|казань|Казань|0|0|0|1|1|1|1|0|0|1|55.7972|49.118311|0
ven_ms_670b9a469aebe97f|kazan-park-gorkogo|Парк Горького|PARK|казань|Казань|0|0|0|1|1|1|1|0|0|1|55.799312|49.151211|0
ven_ms_8be5ca881ded2a78|kazan-park-pobedy|Парк Победы|PARK|казань|Казань|0|0|0|1|1|1|1|0|0|1|55.828711|49.120512|0
ven_ms_dfdb9415558aab5a|kazan-fuksovskiy-sad|Фуксовский сад|PARK|казань|Казань|0|0|0|1|1|1|1|0|0|1|55.801811|49.132912|0
ven_ms_cd446a44dc8055ed|kazan-ekstrim-park-uram|Экстрим-парк «УРАМ»|PARK|казань|Казань|0|0|0|1|1|1|1|0|0|1|55.804112|49.141511|0
ven_ms_2324437c695ff621|kaliningrad-verhnee-ozero|Верхнее озеро|PARK|калининград|Калининград|0|0|1|1|1|1|1|1|1|1|54.7295|20.5198|125
ven_ms_0244363400c2ec99|kaliningrad-zoopark|Калининградский зоопарк|PARK|калининград|Калининград|0|0|1|1|1|1|1|1|1|1|54.7221|20.4845|158
ven_ms_d3d83bc901d871e9|kaliningrad-nizhnee-ozero|Нижнее озеро|PARK|калининград|Калининград|0|0|1|1|1|1|1|1|1|1|54.7215|20.5152|134
ven_ms_53f569f2125cb502|kaliningrad-ostrov-kanta|Остров Канта (Кнайпхоф)|PARK|калининград|Калининград|0|0|1|1|1|1|1|1|1|1|54.7068|20.5105|178
ven_ms_25844eb985e104c4|kaliningrad-tantsuyuschiy-les|Танцующий лес|PARK|калининград|Калининград|0|0|0|1|1|1|1|0|0|1|55.181211|20.854112|109
ven_ms_9de42e46a247b7df|kaliningrad-tsentralnyy-park|Центральный парк культуры и отдыха|PARK|калининград|Калининград|0|0|1|1|1|1|1|1|1|1|54.7198|20.4789|134
ven_ms_acb1ebdc2355f7dc|kemerovo-rudnichnyy-sosnovyy-bor|Рудничный сосновый бор|PARK|кемерово|Кемерово|0|0|1|1|1|1|1|1|1|1|55.385412|86.098889|387
ven_ms_6371f5bb39960bc8|kirov-kirovskaya-oblast-zapovednik-skazok-interaktivnyy-park-rezidentsiya-kikimory-vyatskoy|«Заповедник сказок» (Интерактивный парк «Резиденция Кикиморы Вятской»)|PARK|киров-кировская-область|Киров (Кировская область)|0|0|1|1|1|1|1|1|1|1|58.583889|49.743333|439
ven_ms_9b074eb70df672f4|kirov-kirovskaya-oblast-aleksandrovskiy-sad|Александровский сад|PARK|киров-кировская-область|Киров (Кировская область)|0|0|1|1|1|1|1|1|1|1|58.608333|49.683889|446
ven_ms_9830781e27324f90|krasnodar-botanicheskiy-sad-kosenko|Ботанический сад им. Косенко|PARK|краснодар|Краснодар|0|0|0|1|1|1|1|0|0|1|45.044411|38.929112|0
ven_ms_6749539a8536dac0|krasnodar-gorodskoy-sad-park-gor-kogo|Городской сад (парк имени Горького)|PARK|краснодар|Краснодар|0|0|1|1|1|1|1|1|1|1|45.011112|38.968311|346
ven_ms_137a675a6335a681|krasnodar-park-30-letiya-pobedy|Парк 30-летия Победы (Затон)|PARK|краснодар|Краснодар|0|0|0|1|1|1|1|0|0|1|45.018612|38.951211|0
ven_ms_05a3f9ef399a4fd6|krasnodar-rossiya-moya-istoriya|Парк «Россия - Моя история»|PARK|краснодар|Краснодар|0|0|0|1|1|1|1|0|0|1|45.109112|38.951211|0
ven_ms_07c45d49410983ae|krasnodar-park-solnechnyy-ostrov|Парк «Солнечный остров»|PARK|краснодар|Краснодар|0|0|0|1|1|1|1|0|0|1|45.009112|39.051211|0
ven_ms_ae437a61f40ff4b8|krasnodar-park-galitskogo-park-krasnodar|Парк Галицкого (парк «Краснодар»)|PARK|краснодар|Краснодар|0|0|1|1|1|1|1|1|1|1|45.042711|39.030512|434
ven_ms_33f2cd697b38b4bf|krasnodar-yaponskiy-sad|Японский сад в парке «Краснодар»|PARK|краснодар|Краснодар|0|0|0|1|1|1|1|0|0|1|45.045112|39.032211|0
ven_ms_eb06a102a7187811|krasnoyarsk-natsional-nyy-park-krasnoyarskie-stolby|Национальный парк «Красноярские Столбы»|PARK|красноярск|Красноярск|0|0|1|1|1|1|1|1|1|1|55.915012|92.735811|389
ven_ms_6d603658e7f94962|krasnoyarsk-roev-ruchey|Парк флоры и фауны «Роев ручей»|PARK|красноярск|Красноярск|0|0|0|1|1|1|1|0|0|1|55.931211|92.723311|0
ven_ms_3442a2a06942d18c|krasnoyarsk-fanpark-bobrovyy-log|Фанпарк «Бобровый лог»|PARK|красноярск|Красноярск|0|0|0|1|1|1|1|0|0|1|55.961211|92.784411|0
ven_ms_247336b5f1eb0000|krasnoyarsk-tsentralnyy-park-gorkogo|Центральный парк им. Горького|PARK|красноярск|Красноярск|0|0|0|1|1|1|1|0|0|1|56.009112|92.853311|0
ven_ms_a052c3a68ebdcb0d|krasnoyarsk-ekopark-gremyachaya-griva|Экопарк «Гремячая грива»|PARK|красноярск|Красноярск|0|0|0|1|1|1|1|0|0|1|56.019122|92.748311|0
ven_ms_b3b3ba3851394290|lipeck-nizhniy-park-i-lipetskiy-byuvet|Нижний парк и Липецкий бювет|PARK|липецк|Липецк|0|0|1|1|1|1|1|1|1|1|52.604124|39.601245|404
ven_ms_c26f4733462937ae|lipeck-prirodnyy-park-chudes-kudykina-gora|Природный парк чудес «Кудыкина гора»|PARK|липецк|Липецк|0|0|1|1|1|1|1|1|1|1|52.373611|38.761111|428
ven_ms_b5c717085ed309a3|moscow-botanicheskiy-sad-tsitsina|Ботанический сад Цицина|PARK|moskva|Москва|0|0|1|1|1|1|1|0|0|1|55.836868|37.599144|443
ven_ms_8b3ade64d4bc8e93|moscow-vdnh|ВДНХ|PARK|moskva|Москва|0|0|1|1|1|1|1|1|1|1|55.82637|37.637508|304
ven_ms_1e28b6b301cfb0a0|moscow-ekaterininskiy-park|Екатерининский парк|PARK|moskva|Москва|0|0|1|1|1|1|1|0|0|1|55.780182|37.623912|343
ven_ms_ec363a3cb4f77132|moscow-izmaylovskiy-park|Измайловский парк|PARK|moskva|Москва|0|0|1|1|1|1|1|0|0|1|55.75168|37.762296|440
ven_ms_f8205bf515f7aba5|moscow-landshaftnyy-park-mitino|Ландшафтный парк «Митино»|PARK|moskva|Москва|0|0|1|1|1|1|1|0|0|1|55.838882|37.380196|351
ven_ms_e6ba98e1c208332e|moscow-mkz-zaryade|МКЗ «Зарядье»|PARK|moskva|Москва|0|0|1|1|1|1|1|0|0|1|55.750567|37.63223|393
ven_ms_0eed362744b3218d|moscow-moskvarium|Москвариум на ВДНХ|PARK|moskva|Москва|0|0|1|1|1|1|1|0|0|1|55.8325|37.6215|467
ven_ms_378e9e0259b0a21b|moscow-zoopark|Московский зоопарк|PARK|moskva|Москва|0|0|1|1|1|1|1|0|0|1|55.7625|37.5785|234
ven_ms_69ac7f83bf55893c|moscow-muzey-slovo-vdnh|Музей «Слово» (ВДНХ)|PARK|moskva|Москва|0|0|1|1|1|1|1|0|0|1|55.831452|37.629161|415
ven_ms_d42d78e337bb66b3|moscow-muzey-kino-vdnh|Музей кино (ВДНХ)|PARK|moskva|Москва|0|0|1|1|1|1|1|0|0|1|55.838882|37.632296|534
ven_ms_87c04815ff867086|moscow-ostrov-mechty-park|Остров Мечты (парк)|PARK|moskva|Москва|0|0|1|1|1|1|1|0|0|1|55.693739|37.663487|421
ven_ms_1584ee82abdd8edc|moscow-park-fili|Парк «Фили»|PARK|moskva|Москва|0|0|1|1|1|1|1|0|0|1|55.747188|37.472412|464
ven_ms_4f305b537c948c2a|moscow-park-gorkogo|Парк Горького|PARK|moskva|Москва|0|0|1|1|1|1|1|0|0|1|55.7312|37.6015|465
ven_ms_b3e8078e349015ab|moscow-park-zaryad-e|Парк Зарядье|PARK|moskva|Москва|0|0|1|1|1|1|1|1|1|1|55.75127|37.628042|264
ven_ms_9e8394fb12e5fc64|moscow-paryaschiy-most-zaryadya|Парящий мост в Зарядье|PARK|moskva|Москва|0|0|1|1|1|1|1|0|0|1|55.7498|37.6285|408
ven_ms_47bf00fcb5f946eb|moscow-sad-ermitazh|Сад Эрмитаж|PARK|moskva|Москва|0|0|1|1|1|1|1|0|0|1|55.770712|37.608882|400
ven_ms_415fdd3b985ee1e6|moscow-sirenevyy-sad|Сиреневый сад|PARK|moskva|Москва|0|0|1|1|1|1|1|0|0|1|55.802868|37.774937|369
venue_6a97f05c73bcf0648e819184|м-маяковская-6a97f05c73bcf0648e819184|м. Маяковская|PARK|москва|Москва|0|0|0|0|1|1|1|0|0|0|55.7659256|37.5935387|0
ven_ms_86d40f0578cadad9|nizhny-novgorod-aleksandrovskiy-sad|Александровский сад|PARK|нижнии-новгород|Нижний Новгород|0|0|1|1|1|1|1|1|1|1|56.330556|44.022222|192
ven_ms_06fb9029168daf10|nizhny-novgorod-park-shveytsariya|Парк «Швейцария»|PARK|нижнии-новгород|Нижний Новгород|0|0|1|1|1|1|1|1|1|1|56.279883|43.978183|160
ven_ms_990dae0cea73c99c|nizhny-novgorod-sormovskiy-park|Сормовский парк|PARK|нижнии-новгород|Нижний Новгород|0|0|1|1|1|1|1|1|1|1|56.347717|43.896656|133
ven_ms_467808e529cef0f8|nizhny-novgorod-schelokovskiy-hutor|Щёлоковский хутор|PARK|нижнии-новгород|Нижний Новгород|0|0|1|1|1|1|1|1|1|1|56.280145|44.032644|139
ven_ms_167cb5201223387a|novosibirsk-akademgorodok|Академгородок|PARK|новосибирск|Новосибирск|0|0|1|1|1|1|1|1|1|1|54.848805|83.106889|442
ven_ms_34bc2d89afc3d26a|novosibirsk-akvapark|Аквапарк Новосибирск|PARK|новосибирск|Новосибирск|0|0|0|1|1|1|1|0|0|1|55.042189|82.903142|0
ven_ms_a25c571efc124cab|novosibirsk-berdskie-skaly|Бердские скалы, экотропа «Зверей и птиц»|PARK|новосибирск|Новосибирск|0|0|0|1|1|1|1|0|0|1|54.618054|83.985831|0
ven_ms_18d67176da126813|novosibirsk-zaeltsovskiy-park|Заельцовский парк|PARK|новосибирск|Новосибирск|0|0|0|1|1|1|1|0|0|1|55.051145|82.843115|0
ven_ms_01e3e4b6fcc6acdc|novosibirsk-koltsovo|Наукоград Кольцово|PARK|новосибирск|Новосибирск|0|0|0|1|1|1|1|0|0|1|54.939223|83.184305|0
ven_ms_9be9417e4a86f51b|novosibirsk-novosibirskiy-zoopark-imeni-r-a-shilo|Новосибирский зоопарк имени Р. А. Шило|PARK|новосибирск|Новосибирск|0|0|1|1|1|1|1|1|1|1|55.053894|82.885822|393
ven_ms_e33d89de210fc9df|novosibirsk-park-chudes-galileo|Парк чудес Галилео|PARK|новосибирск|Новосибирск|0|0|0|1|1|1|1|0|0|1|55.018942|82.935124|0
ven_ms_c1565223c27b267d|novosibirsk-tsentralnyy-park|Центральный парк|PARK|новосибирск|Новосибирск|0|0|0|1|1|1|1|0|0|1|55.034142|82.925412|0
ven_ms_aa40ac68cc065652|omsk-moya-istoriya|Исторический парк «Россия - моя история»|PARK|омск|Омск|0|0|0|1|1|1|1|0|0|1|54.98121|73.40112|0
ven_ms_6ed0474d2996d83b|omsk-park-koroleva|Парк имени Королева|PARK|омск|Омск|0|0|0|1|1|1|1|0|0|1|54.98821|73.35211|0
ven_ms_1031f49e4b96ad4c|omsk-park-30-letiya-vlksm|Парк культуры им. 30-летия ВЛКСМ|PARK|омск|Омск|0|0|0|1|1|1|1|0|0|1|54.96921|73.38621|0
ven_ms_a9c29049fdacd5d3|omsk-ptichya-gavan|Природный парк «Птичья гавань»|PARK|омск|Омск|0|0|0|1|1|1|1|0|0|1|54.96812|73.35121|0
ven_ms_306db244de176e7a|omsk-sovetskiy-park|Советский парк|PARK|омск|Омск|0|0|0|1|1|1|1|0|0|1|54.99221|73.40121|0
ven_ms_2d1b527bc497ae18|omsk-chernoluchye|Чернолучье / Красноярско-Чернолученский бор|PARK|омск|Омск|0|0|0|1|1|1|1|0|0|1|55.281112|73.042312|0
ven_ms_5c6905b3672b9884|orel-park-dvoryanskoe-gnezdo|Ландшафтный парк «Дворянское гнездо»|PARK|орел|Орёл|0|0|1|1|1|1|1|1|1|1|52.971112|36.053889|430
ven_ms_05f36d572bfac91d|penza-ahunskiy-sosnovyy-bor|Ахунский сосновый бор|PARK|пенза|Пенза|0|0|0|1|1|1|1|0|0|1|53.246112|45.045112|0
ven_ms_63effa22ac4e5a3a|penza-botanicheskiy-sad-pgu|Ботанический сад ПГУ|PARK|пенза|Пенза|0|0|0|1|1|1|1|0|0|1|53.189712|45.020812|0
ven_ms_96167f9dd527e5ab|penza-olimpiyskaya-alleya|Олимпийская аллея|PARK|пенза|Пенза|0|0|0|1|1|1|1|0|0|1|53.205112|45.001112|0
ven_ms_6ddb4e0195572911|penza-skver-slavy|Сквер Славы|PARK|пенза|Пенза|0|0|0|1|1|1|1|0|0|1|53.193912|45.017712|0
ven_ms_3ad9de806e1882a4|penza-skver-denisa-davydova|Сквер им. Дениса Давыдова|PARK|пенза|Пенза|0|0|0|1|1|1|1|0|0|1|53.194512|45.018012|0
ven_ms_c94f5cc190ce031f|penza-tropa-zdorovya|Тропа здоровья|PARK|пенза|Пенза|0|0|0|1|1|1|1|0|0|1|53.203112|45.004112|0
ven_ms_c952211f4dc6f075|penza-park-imeni-v-g-belinskogo|Центральный парк культуры и отдыха имени В. Г. Белинского|PARK|пенза|Пенза|0|0|1|1|1|1|1|1|1|1|53.185412|44.998889|408
ven_perm_8daa722c0a886c|perm-park-gorkogo|Парк Горького (и Ротонда)|PARK|пермь|Пермь|0|0|0|1|1|1|1|0|0|1|58.0051|56.2524|0
ven_perm_4a968cac4e92cc|perm-park-kamney-permskie-vorota|Парк камней / Пермские ворота|PARK|пермь|Пермь|0|0|0|1|1|1|1|0|0|1|58.0035|56.1916|0
ven_perm_870d6cc9023851|perm-park-nauki-nyuton|Парк науки «НьюТон»|PARK|пермь|Пермь|0|0|0|1|1|1|1|0|0|1|57.9995|56.2625|0
ven_perm_esplanada|permskaya-esplanada|Пермская эспланада|PARK|пермь|Пермь|0|0|1|1|1|1|1|1|1|1|58.011654|56.226942|458
ven_perm_6d779fc36be382|perm-rayskiy-sad|Райский сад|PARK|пермь|Пермь|0|0|0|1|1|1|1|0|0|1|58.0315|56.3129|0
ven_ms_80ce6bdb07f955d6|rostov-na-donu-park-gorkogo|Парк Горького|PARK|ростов-на-дону|Ростов-на-Дону|0|0|0|1|1|1|1|0|0|1|47.221112|39.712112|0
ven_ms_c0a8852f1297c147|rostov-na-donu-park-levoberezhnyy|Парк Левобережный|PARK|ростов-на-дону|Ростов-на-Дону|0|0|0|1|1|1|1|0|0|1|47.211912|39.731112|0
ven_ms_18212d626d6d8b2e|rostov-na-donu-park-revolyutsii|Парк имени Октябрьской Революции|PARK|ростов-на-дону|Ростов-на-Дону|0|0|1|1|1|1|1|1|1|1|47.226389|39.746667|374
ven_ms_b15e221b4fd8f39a|rostov-na-donu-manych-gudilo|Ростовский заповедник / Маныч-Гудило|PARK|ростов-на-дону|Ростов-на-Дону|0|0|0|1|1|1|1|0|0|1|46.191112|42.841112|0
ven_ms_1881c7af81288cdf|ryazan-verhniy-gorodskoy-sad|Верхний городской сад («Наташин парк»)|PARK|рязань|Рязань|0|0|0|1|1|1|1|0|0|1|54.624112|39.746112|0
ven_ms_7a87321f1d95c3ff|ryazan-lesopark|Лесопарк|PARK|рязань|Рязань|0|0|0|1|1|1|1|0|0|1|54.641112|39.763112|0
ven_ms_aa9c6c2029bda342|ryazan-lybedskiy-bulvar|Лыбедский бульвар|PARK|рязань|Рязань|0|0|0|1|1|1|1|0|0|1|54.628912|39.743112|0
ven_ms_888b88ec12972486|ryazan-nizhniy-gorodskoy-sad|Нижний городской сад|PARK|рязань|Рязань|0|0|0|1|1|1|1|0|0|1|54.625112|39.748901|0
ven_ms_476451da1a093d43|ryazan-skver-skobeleva|Сквер им. Скобелева|PARK|рязань|Рязань|0|0|0|1|1|1|1|0|0|1|54.609102|39.805112|0
ven_ms_6cd1abca40502d91|ryazan-sobornyy-park|Соборный парк|PARK|рязань|Рязань|0|0|0|1|1|1|1|0|0|1|54.633912|39.743112|0
ven_ms_4ae0d1c514bb12e7|ryazan-torgovyy-gorodok|Торговый городок («Рязанская ВДНХ»)|PARK|рязань|Рязань|0|0|0|1|1|1|1|0|0|1|54.638912|39.758912|0
ven_ms_a9f54b4af49157a4|samara-botanicheskiy-sad|Ботанический сад Самарского университета|PARK|самара|Самара|0|0|0|1|1|1|1|0|0|1|53.214411|50.169112|0
ven_ms_14df1521b7d8d12b|samara-zagorodnyy-park|Загородный парк|PARK|самара|Самара|0|0|0|1|1|1|1|0|0|1|53.229112|50.168311|0
ven_ms_51d1a5f447ea63d8|samara-park-gagarina|Парк имени Юрия Гагарина|PARK|самара|Самара|0|0|0|1|1|1|1|0|0|1|53.223312|50.201211|0
ven_ms_829ff07544e73a4e|samara-strukovskiy-sad|Струковский сад|PARK|самара|Самара|0|0|0|1|1|1|1|0|0|1|53.198912|50.094411|0
ven_ms_33e70eee8c4488d4|samara-yuzhnyy-gorod-amfiteatr|Южный город / Парк Амфитеатр|PARK|самара|Самара|0|0|0|1|1|1|1|0|0|1|53.109112|50.151211|0
ven_ms_0b98d7e79cddcdf4|saint-petersburg-aleksandrovskiy-park|Александровский парк|PARK|санкт-петербург|Санкт-Петербург|0|0|0|1|1|1|1|0|0|1|59.9545|30.3175|0
ven_ms_9f99b23d5056d9a2|saint-petersburg-andersengrad-sosnovyy-bor|Андерсенград (Сосновый Бор)|PARK|санкт-петербург|Санкт-Петербург|0|0|0|1|1|1|1|0|0|1|59.897811|29.086412|27
ven_ms_2cec34b7589b4218|saint-petersburg-botanicheskiy-sad-petra-velikogo|Ботанический сад Петра Великого|PARK|санкт-петербург|Санкт-Петербург|0|0|0|1|1|1|1|0|0|1|59.9705|30.3225|0
ven_ms_15a2a125eb317585|saint-petersburg-leningradskiy-zoopark|Ленинградский зоопарк|PARK|санкт-петербург|Санкт-Петербург|0|0|0|1|1|1|1|0|0|1|59.9535|30.3075|0
ven_ms_f6247bab7b42324c|saint-petersburg-letniy-sad|Летний сад|PARK|санкт-петербург|Санкт-Петербург|0|0|0|1|1|1|1|0|0|1|59.9448|30.3356|0
ven_ms_450cfe6272eb6396|saint-petersburg-mihaylovskiy-sad|Михайловский сад|PARK|санкт-петербург|Санкт-Петербург|0|0|0|1|1|1|1|0|0|1|59.9399|30.3328|0
ven_ms_dc3b7bd4346825bc|saint-petersburg-naberezhnaya-parka-300-letiya|Набережная парка 300-летия|PARK|санкт-петербург|Санкт-Петербург|0|0|0|1|1|1|1|0|0|1|59.982214|30.201423|26
ven_ms_ea4fdbd1ec759541|saint-petersburg-nizhniy-park-petergofa|Нижний парк Петергофа|PARK|санкт-петербург|Санкт-Петербург|0|0|1|1|1|1|1|0|0|1|59.885112|29.908214|121
ven_ms_c8d8e2366f5129df|saint-petersburg-petergof|Петергоф|PARK|санкт-петербург|Санкт-Петербург|0|0|1|1|1|1|1|1|1|1|59.885664|29.907955|292
ven_ms_4c1ad6c9322f37b4|saint-petersburg-primorskiy-park-pobedy-krestovskiy-ostrov|Приморский парк Победы (Крестовский остров)|PARK|санкт-петербург|Санкт-Петербург|0|0|0|1|1|1|1|0|0|1|59.972|30.25|0
ven_ms_4c8c0f61c60afb71|saint-petersburg-primorskiy-prospekt-park-300-letiya|Приморский проспект / парк 300-летия|PARK|санкт-петербург|Санкт-Петербург|0|0|0|1|1|1|1|0|0|1|59.9845|30.1985|0
ven_ms_69bac65bbdefea3c|saint-petersburg-skalnyy-park-monrepo|Скальный парк Монрепо|PARK|санкт-петербург|Санкт-Петербург|0|0|1|1|1|1|1|0|0|1|59.732111|28.724512|132
ven_ms_996e7e28ac183c58|saint-petersburg-tavricheskiy-sad|Таврический сад|PARK|санкт-петербург|Санкт-Петербург|0|0|0|1|1|1|1|0|0|1|59.9445|30.3725|0
ven_ms_579b424de4390874|saint-petersburg-yusupovskiy-sad|Юсуповский сад|PARK|санкт-петербург|Санкт-Петербург|0|0|0|1|1|1|1|0|0|1|59.9255|30.3085|0
ven_ms_cb780bb9cab15f1b|saratov-park-pobedy-na-sokolovoy-gore|Парк Победы на Соколовой горе|PARK|саратов|Саратов|0|0|1|1|1|1|1|1|1|1|51.543889|46.049444|418
ven_ms_6380a2d46eae26b7|simferopol-arheologicheskiy-zapovednik-skifskiy-neapol|Археологический заповедник «Скифский Неаполь»|PARK|симферополь|Симферополь|0|0|1|1|1|1|1|1|1|1|44.943142|34.120655|422
ven_ms_73eb2a931e3e3f58|simferopol-gagarinskiy-park|Гагаринский парк (Парк им. Ю. А. Гагарина)|PARK|симферополь|Симферополь|0|0|1|1|1|1|1|1|1|1|44.961245|34.093142|450
ven_ms_42bf79650c62a59a|smolensk-lopatinskiy-sad|Лопатинский сад|PARK|смоленск|Смоленск|0|0|1|1|1|1|1|1|1|1|54.783889|32.038889|403
ven_ms_7afaf9760f1a5987|sortavala-gornyy-park-ruskeala|Горный парк «Рускеала»|PARK|сортавала|Сортавала|0|0|1|1|1|1|1|1|1|1|61.948889|30.580556|411
ven_ms_bd223b088045ae44|sortavala-istoricheskiy-park-bastion|Исторический парк «Бастионъ»|PARK|сортавала|Сортавала|0|0|1|1|1|1|1|1|1|1|61.711654|30.718542|408
ven_ms_ff31620930370d30|sortavala-park-vakkosalmi-i-gora-kuhavuori|Парк Ваккосалми и гора Кухавуори|PARK|сортавала|Сортавала|0|0|1|1|1|1|1|1|1|1|61.704312|30.671245|411
ven_ms_7604b73d2caac028|sochi-olimpiyskiy-park|Олимпийский парк|PARK|сочи|Сочи|0|0|1|1|1|1|1|1|1|1|43.405278|39.954444|392
ven_ms_6af67282403de2f3|sochi-park-riv-era|Парк «Ривьера»|PARK|сочи|Сочи|0|0|1|1|1|1|1|1|1|1|43.591245|39.715412|404
ven_ms_43e3965ddc2722de|stavropol-stavropol-skiy-botanicheskiy-sad|Ставропольский ботанический сад|PARK|ставрополь|Ставрополь|0|0|1|1|1|1|1|1|1|1|45.019442|41.926944|391
ven_ms_419736bf0729fe57|tver-botanicheskiy-sad-tvgu|Ботанический сад ТвГУ|PARK|тверь|Тверь|0|0|0|1|1|1|1|0|0|1|56.871112|35.911112|0
ven_ms_3343a296e8c5aefc|tver-landshaftnyy-park-tmaka|Ландшафтный парк «Тьмака»|PARK|тверь|Тверь|0|0|0|1|1|1|1|0|0|1|56.851212|35.894912|0
ven_ms_51b0849ae633fa41|tver-naberezhnaya-afanasiya-nikitina|Набережная Афанасия Никитина|PARK|тверь|Тверь|0|0|0|1|1|1|1|0|0|1|56.865112|35.901112|0
ven_ms_45be47d5ce914892|tver-skver-kazakova|Сквер Казакова|PARK|тверь|Тверь|0|0|0|1|1|1|1|0|0|1|56.858412|35.910912|0
ven_ms_a046bb2a52a8b731|tver-gorodskoy-sad|Тверской Городской сад|PARK|тверь|Тверь|0|0|0|1|1|1|1|0|0|1|56.859812|35.908912|0
ven_ms_3cf85fbd40d4abbc|tomsk-lagernyy-sad|Лагерный сад|PARK|томск|Томск|0|0|1|1|1|1|1|1|1|1|56.451654|84.954124|414
ven_ms_be49426814910b10|tyumen-akvapark-letoleto|Аквапарк «ЛетоЛето»|PARK|тюмень|Тюмень|0|0|0|1|1|1|1|0|0|1|57.1094|65.5706|0
ven_ms_c6b0cccb89c3c586|tyumen-aleksandrovskiy-sad|Александровский сад|PARK|тюмень|Тюмень|0|0|0|1|1|1|1|0|0|1|57.1525|65.54|0
ven_ms_4fbd1442e6f80e9b|tyumen-zatyumenskiy-ekopark|Затюменский экопарк|PARK|тюмень|Тюмень|0|0|0|1|1|1|1|0|0|1|57.165|65.49|0
ven_ms_a9921377a4f23267|ufa-park-pobedy|Парк Победы|PARK|уфа|Уфа|0|0|0|1|1|1|1|0|0|1|54.808912|56.061112|0
ven_ms_83f790cf4b2b8b8e|ufa-park-mazhita-gafuri|Парк культуры и отдыха им. Мажита Гафури|PARK|уфа|Уфа|0|0|0|1|1|1|1|0|0|1|54.771912|56.022312|0
ven_ms_3848d73a18ee8cd7|ufa-sad-aksakova|Сад культуры и отдыха им. С. Т. Аксакова|PARK|уфа|Уфа|0|0|0|1|1|1|1|0|0|1|54.718102|55.941912|0
ven_ms_c77aad1699b63e8d|ufa-sluchevskaya-gora|Случевская гора (Сад Салавата Юлаева)|PARK|уфа|Уфа|0|0|0|1|1|1|1|0|0|1|54.714902|55.932901|0
ven_ms_eab1a6365df6951f|habarovsk-gorodskie-prudy-i-park-dinamo|Городские пруды и парк «Динамо»|PARK|хабаровск|Хабаровск|0|0|1|1|1|1|1|1|1|1|48.483889|135.083333|415
ven_ms_b214fa9bf31fd070|chelyabinsk-arkaim|Аркаим / Уральская Троя|PARK|челябинск|Челябинск|0|0|0|1|1|1|1|0|0|1|52.648912|59.541112|0
ven_ms_3f1d8c0fb7fe94c6|chelyabinsk-zyuratkul|Национальный парк «Зюраткуль» (Горное сердце Урала)|PARK|челябинск|Челябинск|0|0|0|1|1|1|1|0|0|1|54.913112|59.222312|0
ven_ms_899a31774b961760|chelyabinsk-park-pushkina|Парк Пушкина|PARK|челябинск|Челябинск|0|0|0|1|1|1|1|0|0|1|55.161812|61.385212|0
ven_ms_f04915912d533798|chelyabinsk-park-kul-tury-i-otdyha-im-yu-a-gagarina|Парк культуры и отдыха им. Ю. А. Гагарина|PARK|челябинск|Челябинск|0|0|1|1|1|1|1|1|1|1|55.158889|61.373611|396
ven_ms_e73bb882f7f336b5|chelyabinsk-sad-pobedy|Сад Победы|PARK|челябинск|Челябинск|0|0|0|1|1|1|1|0|0|1|55.160512|61.412812|0
ven_ms_a147055b34a25c74|yuzhno-sahalinsk-sahalinskiy-zoobotanicheskiy-park|Сахалинский зооботанический парк|PARK|южно-сахалинск|Южно-Сахалинск|0|0|1|1|1|1|1|1|1|1|46.965412|142.751245|406
ven_ms_8694660555768daa|yaroslavl-gubernatorskiy-sad|Губернаторский сад|PARK|ярославль|Ярославль|0|0|1|1|1|1|1|1|1|1|57.625895|39.897368|320
venue_tep_94|набережная-6-и-армии-119-94|Набережная 6-й Армии, 119|PIER|вологда|Вологда|0|0|0|1|1|1|1|0|0|1|59.218996|39.9128822|0
venue_6abe0ab3dd4104f35046a3c6|г-городец-ул-б-кировскии-съезд-29-на-набережнои-6abe0ab3dd4104f35046a3c6|г. Городец , ул. Б.Кировский съезд, 29 (на набережной)|PIER|городец|Городец|1|1|0|0|1|1|1|0|0|0|56.64517379999999|43.4627932|20
venue_68b6720276375a837a195b6b|kongress-otel-68b6720276375a837a195b6b|Конгресс-отель|PIER|екатеринбург|Екатеринбург|0|0|0|1|1|1|1|0|0|1|56.8534118|60.55363939999999|0
venue_tep_92|кремлевская-набережная-1-4-92|Кремлёвская набережная 1/4|PIER|казань|Казань|1|1|1|1|1|1|1|0|0|1|55.7998529|49.1001754|384
venue_tep_1210|место-отправления-teplohod-1210|Место отправления Teplohod|PIER|казань|Казань|1|1|1|1|0|1|0|0|0|1|||126
venue_tep_80|ресторан-круиз-80|Ресторан «Круиз»|PIER|казань|Казань|0|0|1|1|1|1|1|0|0|1|55.8060444|49.0935478|259
venue_tep_52|речнои-порт-казань-ул-девятаева-1-52|Речной порт Казань|PIER|казань|Казань|0|0|1|1|1|1|1|0|0|1|55.773334|49.091479|424
venue_tep_99|улица-сибгата-хакима-4-99|Улица Сибгата Хакима, 4|PIER|казань|Казань|0|0|0|1|1|1|1|0|0|0|55.8127753|49.108001|0
venue_696a0f9ab1a740278f4b94e4|vysota-21|Высота 21|PIER|калининград|Калининград|0|0|0|1|1|1|1|0|0|1|54.704678518194676|20.453596022649773|76
venue_5dc29e3abf7ae6eb16b686f6|конькобежныи-центр-коломна-5dc29e3abf7ae6eb16b686f6|Конькобежный центр "Коломна"|PIER|коломна|Коломна|1|1|0|0|1|1|1|0|0|0|55.1063889|38.752222200000006|0
venue_tep_653|болотная-пл-у-пам-и-е-репину-653|Болотная пл. у пам. И.Е. Репину|PIER|москва|Москва|1|1|0|1|0|1|0|0|0|1|||0
venue_tep_3|воробьевы-горы-сектор-a-3|Воробьевы горы сектор «A»|PIER|москва|Москва|1|1|1|1|1|1|1|0|0|1|55.7115524|37.5472532|260
venue_tep_38|воробьевы-горы-сектор-b-38|Воробьевы горы сектор «B»|PIER|москва|Москва|1|1|1|1|1|1|1|0|0|1|55.7116638|37.5467981|234
venue_65367dd04235988deba6c215|vysotka-na-kotelnicheskoi-naberezhnoi-65367dd04235988deba6c215|Высотка на Котельнической набережной|PIER|москва|Москва|0|0|0|1|1|1|1|0|0|1|55.74611919023845|37.642531680987275|0
venue_tep_4|зарядье-сектор-a-4|Зарядье сектор «A»|PIER|москва|Москва|1|1|1|1|1|1|1|0|0|1|55.7495902|37.6325165|246
venue_tep_43|зарядье-сектор-b-43|Зарядье сектор «B»|PIER|москва|Москва|1|1|1|1|1|1|1|0|0|1|55.7494842|37.6294646|252
venue_tep_14|киевскии-сектор-a-14|Киевский сектор «A»|PIER|москва|Москва|1|1|1|1|1|1|1|0|0|1|55.7435935|37.5716342|229
venue_tep_37|киевскии-сектор-b-37|Киевский сектор «B»|PIER|москва|Москва|1|1|1|1|1|1|1|0|0|1|55.7435935|37.5716342|204
venue_tep_9|китаи-город-устьинскии-сектор-a-9|Китай-город/Устьинский сектор «A»|PIER|москва|Москва|1|1|1|1|1|1|1|0|0|1|55.7485355|37.6358533|215
venue_tep_41|китаи-город-устьинскии-сектор-b-41|Китай-город/Устьинский сектор «B»|PIER|москва|Москва|1|1|1|1|1|1|1|0|0|1|55.7492629|37.6363469|214
venue_tep_42|китаи-город-устьинскии-сектор-c-42|Китай-город/Устьинский сектор «C»|PIER|москва|Москва|1|1|1|1|1|1|1|0|0|1|55.7492629|37.6363469|211
venue_tep_20|кленовыи-бульвар-20|Кленовый Бульвар|PIER|москва|Москва|1|1|1|1|1|1|1|0|0|1|55.6804093|37.6763601|717
venue_tep_16|коломенское-16|Коломенское|PIER|москва|Москва|1|1|0|1|1|1|1|0|0|1|55.6704144|37.6694982|0
venue_tep_18|красныи-октябрь-18|Красный Октябрь|PIER|москва|Москва|0|0|0|1|1|1|1|0|0|1|55.7451395|37.610679|0
venue_tep_11|крымскии-мост-11|Крымский мост|PIER|москва|Москва|1|1|1|1|1|1|1|0|0|1|55.7339835|37.5989197|225
venue_6a3149a17ed89673f66374dc|luzhneckaya-naberezhnaya-prichal-luzhniki-yuzhnyi|Лужнецкая набережная, причал Лужники-Южный|PIER|москва|Москва|0|0|1|1|1|1|1|0|0|1|55.71214560000001|37.5689235|201
venue_tep_48|лужники-48|Лужники|PIER|москва|Москва|1|1|0|1|1|1|1|0|0|1|55.715231|37.547328|0
venue_tep_19|лужники-северныи-19|Лужники - Северный|PIER|москва|Москва|0|0|1|1|1|1|1|0|0|1|55.7267788|37.5463772|205
venue_tep_661|москворецкая-ул-парковка-туристического-транспорта-через-дорогу-от-ул-варварка-6-661|Москворецкая ул. Парковка туристического транспорта через дорогу от ул. Варварка 6|PIER|москва|Москва|1|1|0|1|0|1|0|0|0|1|||0
venue_tep_1300|москворецкая-ул-парковка-туристического-транспорта-через-дорогу-от-ул-варварка-6-1300|Москворецкая ул. Парковка туристического транспорта через дорогу от ул. Варварка 6|PIER|москва|Москва|0|0|0|1|0|1|1|0|0|1|55.752|37.624|0
venue_tep_1|национальныи-центр-россия-1|Национальный центр «Россия»|PIER|москва|Москва|1|1|1|1|1|1|1|0|0|1|55.7500017|37.5466777|217
venue_tep_7|нескучныи-сад-сектор-a-7|Нескучный сад сектор «A»|PIER|москва|Москва|1|1|0|1|1|1|1|0|0|1|55.7218338|37.5912238|0
venue_tep_39|нескучныи-сад-сектор-b-39|Нескучный сад сектор «B»|PIER|москва|Москва|1|1|0|1|1|1|1|0|0|1|55.731378|37.6032878|0
venue_tep_13|новоспасскии-мост-сектор-b-13|Новоспасский Мост сектор «B»|PIER|москва|Москва|1|1|1|1|1|1|1|0|0|1|55.7304648|37.6534466|230
venue_tep_1199|отправление-от-метро-южная-выход-5-1199|Отправление от метро Южная, выход 5|PIER|москва|Москва|1|1|0|1|0|1|0|0|0|0|||0
venue_tep_87|парк-горького-2-сектор-a-87|Парк Горького-2 сектор «A»|PIER|москва|Москва|1|1|0|1|1|1|1|0|0|1|55.728849|37.59648|0
venue_tep_97|парк-горького-2-сектор-в-97|Парк Горького-2 сектор «В»|PIER|москва|Москва|1|1|1|1|1|1|1|0|0|1|55.728849|37.59648|234
venue_tep_8|патриаршии-сектор-a-8|Патриарший сектор «A»|PIER|москва|Москва|1|1|1|1|1|1|1|0|0|1|55.7443776|37.6055284|229
venue_697d2250a47c61adaa352e59|пилзнер-697d2250a47c61adaa352e59|Пилзнер|PIER|moskva|Москва|1|1|0|0|1|1|1|0|0|0|55.7335642|37.6410591|20
venue_tep_57|северныи-речнои-вокзал-причал-No1-57|Северный речной вокзал (причал №1)|PIER|москва|Москва|1|1|1|1|1|1|1|0|0|1|55.8511223|37.4668097|248
venue_tep_63|северныи-речнои-вокзал-причал-No11-12-63|Северный речной вокзал (причал №11-12)|PIER|москва|Москва|1|1|0|1|1|1|1|0|0|1|55.8511223|37.4668097|0
venue_tep_91|северныи-речнои-вокзал-причал-No16-91|Северный речной вокзал (причал №16)|PIER|москва|Москва|1|1|0|1|1|1|1|0|0|0|55.8511223|37.4668097|0
venue_tep_10|северныи-речнои-вокзал-причалы-No5-6-10|Северный речной вокзал (причалы №5-6)|PIER|москва|Москва|0|0|0|1|1|1|1|0|0|1|55.8511223|37.4668097|0
venue_tep_370|смотровая-площадка-на-крыше-небоскреба-москва-сити-выше-только-любовь-370|Смотровая площадка на крыше небоскреба Москва-сити. "ВЫШЕ ТОЛЬКО ЛЮБОВЬ"|PIER|москва|Москва|1|1|0|1|0|1|0|0|0|1|||0
venue_69dd1a2f926f26722c56cdbd|teplohod-rio1-69dd1a2f926f26722c56cdbd|Теплоход "РИО1"|PIER|moskva|Москва|0|0|1|1|1|1|1|0|0|1|55.7568721|37.6150527|157
venue_69cfde40c357828876af70a8|teplohod-svetoch-69cfde40c357828876af70a8|Теплоход "Светоч"|PIER|moskva|Москва|0|0|0|1|1|1|1|0|0|1|55.7568721|37.6150527|0
venue_tep_29|третьяковскии-сектор-a-29|Третьяковский сектор «A»|PIER|москва|Москва|1|1|1|1|1|1|1|0|0|1|55.7447458|37.6181178|248
venue_tep_44|третьяковскии-сектор-b-44|Третьяковский сектор «B»|PIER|москва|Москва|0|0|0|1|1|1|1|0|0|1|55.7443302|37.6187415|0
venue_tep_73|южныи-речнои-вокзал-причал-No5-73|Южный речной вокзал (Причал №5)|PIER|москва|Москва|1|1|1|1|1|1|1|0|0|1|55.6890472|37.673074|220
venue_664b2a872abf1ed76d5d42b1|ярче-664b2a872abf1ed76d5d42b1|ЯрЧе|PIER|набережные-челны|Набережные Челны|1|1|0|0|1|1|1|0|0|0|55.74502220565584|52.40930135791564|0
venue_tep_1433|yutong-6122-1433|YUTONG 6122|PIER|не-указан|Не указан|0|0|0|1|0|1|0|0|0|1|||0
venue_tep_1049|банкетныи-зал-arbat-hall-1049|Банкетный зал Arbat Hall|PIER|не-указан|Не указан|0|0|1|1|0|1|0|0|0|1|||319
venue_tep_1556|банкетныи-зал-аструс-1556|Банкетный зал «Аструс»|PIER|не-указан|Не указан|1|1|0|1|0|1|0|0|0|0|||0
venue_tep_1555|банкетныи-зал-аструс-1555|Банкетный зал «Аструс»|PIER|не-указан|Не указан|1|1|0|1|0|1|0|0|0|0|||0
venue_tep_1552|банкетныи-зал-триумф-1552|Банкетный зал «Триумф»|PIER|не-указан|Не указан|1|1|0|1|0|1|0|0|0|0|||0
venue_tep_1050|банкетныи-зал-арбат-холл-1050|Банкетный зал Арбат Холл|PIER|не-указан|Не указан|0|0|1|1|0|1|0|0|0|1|||319
venue_tep_1052|банкетныи-зал-гостиницы-космос-1052|Банкетный зал гостиницы «Космос»|PIER|не-указан|Не указан|1|1|0|1|0|1|0|0|0|0|||0
venue_tep_1051|банкетныи-зал-гостиницы-космос-1051|Банкетный зал гостиницы «Космос»|PIER|не-указан|Не указан|1|1|0|1|0|1|0|0|0|0|||0
venue_tep_1506|банкетныи-зал-гостиницы-космос-1506|Банкетный зал гостиницы «Космос»|PIER|не-указан|Не указан|1|1|0|1|0|1|0|0|0|0|||0
venue_tep_738|москворецкая-ул-парковка-туристического-транспорта-через-дорогу-от-ул-варварка-6-738|Москворецкая ул. Парковка туристического транспорта через дорогу от ул. Варварка 6|PIER|не-указан|Не указан|1|1|0|1|0|1|0|0|0|1|||0
venue_tep_778|москворецкая-ул-парковка-туристического-транспорта-через-дорогу-от-ул-варварка-6-778|Москворецкая ул. Парковка туристического транспорта через дорогу от ул. Варварка 6|PIER|не-указан|Не указан|1|1|0|1|0|1|0|0|0|0|||0
venue_tep_783|площадь-минина-и-пожарского-у-дмитриевскои-башни-кремля-783|Площадь Минина и Пожарского (у Дмитриевской башни Кремля)|PIER|нижнии-новгород|Нижний Новгород|1|1|0|1|0|1|0|0|0|1|||0
venue_tep_45|адмиралтеиская-наб-10-45|Адмиралтейская наб. 10|PIER|санкт-петербург|Санкт-Петербург|1|1|1|1|1|1|1|0|0|1|59.9384542|30.3066347|221
venue_6a60b3e7fcb53dd20fee8144|теплоход-москва-64-6a60b3e7fcb53dd20fee8144|Воскресенская наб., 10|PIER|санкт-петербург|Санкт-Петербург|0|0|0|0|1|1|1|0|0|0|59.9496157|30.3666904|67
venue_6a4d040007d4af979f35e566|теплоход-москва-99-6a4d040007d4af979f35e566|Воскресенская наб., 10|PIER|санкт-петербург|Санкт-Петербург|0|0|1|0|1|1|1|0|0|0|59.9384023|30.3065562|163
venue_tep_65|дворцовая-набережная-18-65|Дворцовая набережная, 18|PIER|санкт-петербург|Санкт-Петербург|0|0|0|1|1|1|1|0|0|1|59.9440022|30.3213992|0
venue_681d44a7fc03029d63123730|dvorcovaya-naberezhnaya-18-prichal-no4-681d44a7fc03029d63123730|Дворцовая набережная, 18|PIER|санкт-петербург|Санкт-Петербург|1|0|1|1|1|1|0|0|0|1|||179
venue_tep_769|исаакиевская-пл-769|Исаакиевская пл.|PIER|санкт-петербург|Санкт-Петербург|1|1|0|1|0|1|0|0|0|1|||0
venue_tep_71|кронверкскии-мост-71|Кронверкский мост|PIER|санкт-петербург|Санкт-Петербург|0|0|1|1|1|1|1|0|0|1|59.9497|30.3091|221
venue_69de200e0d6b9816eb4af146|лиговскии-пр-10-у-главного-входа-в-гостиницу-октябрьская-69de200e0d6b9816eb4af146|Лиговский пр., 10 / 118|PIER|санкт-петербург|Санкт-Петербург|1|1|0|0|1|1|1|0|0|0|59.932677905412355|30.3627347946167|58
venue_6a0d7f4a147764baf5987c82|место-старта-бодрого-тура-6a0d7f4a147764baf5987c82|Место старта Бодрого тура|PIER|санкт-петербург|Санкт-Петербург|0|0|0|0|1|1|1|0|0|0|59.952869565615735|30.321112275123596|59
venue_6a3149dff03e72291b46ef3c|naberezhnaya-makarova-28-6a3149dff03e72291b46ef3c|Набережная Макарова, 28|PIER|санкт-петербург|Санкт-Петербург|0|0|0|1|1|1|1|0|0|1|59.94848349999999|30.2806159|0
venue_tep_68|набережная-мартынова-92к3-68|Набережная Мартынова, 92к3|PIER|санкт-петербург|Санкт-Петербург|0|0|0|1|1|1|1|0|0|1|59.9758603|30.2457079|0
venue_tep_35|набережная-реки-моики-12-35|Набережная реки Мойки, 12|PIER|санкт-петербург|Санкт-Петербург|0|0|0|1|1|1|1|0|0|1|59.9411528|30.3208592|25
venue_tep_70|набережная-реки-фонтанки-43-70|Набережная реки Фонтанки, 43|PIER|санкт-петербург|Санкт-Петербург|0|0|0|1|1|1|1|0|0|1|59.9306799|30.3384808|0
venue_tep_62|петровская-набережная-62|Петровская набережная|PIER|санкт-петербург|Санкт-Петербург|1|0|0|1|1|1|1|0|0|1|59.953305|30.3308526|0
venue_tep_46|петровскии-спуск-46|Петровский спуск|PIER|санкт-петербург|Санкт-Петербург|1|1|0|1|1|1|1|0|0|1|59.936913|30.305049|0
venue_6a1efa7f90d608369011907e|пристань-угол-потемкинскои-улице-с-воскресенскои-набережнои-6a1efa7f90d608369011907e|Пристань: угол Потёмкинской улице, с Воскресенской набережной|PIER|санкт-петербург|Санкт-Петербург|0|0|0|0|1|1|1|0|0|0|59.950373139358106|30.367973755209604|45
venue_tep_72|синопская-набережная-10-72|Причал на Синопской наб., 10А|PIER|санкт-петербург|Санкт-Петербург|0|0|1|1|1|1|1|0|0|1|59.9252267|30.3902618|236
venue_629f8f730fdb465f9b2c54d0|prichal-na-sinopskoi-nab-10-629f8f730fdb465f9b2c54d0|Причал на Синопской наб., 10А|PIER|санкт-петербург|Санкт-Петербург|1|1|1|1|1|1|1|0|0|1|59.926030330319065|30.391460820997622|232
venue_664357d9859cee9d822848aa|prichal-na-nab-r-fontanki-105-664357d9859cee9d822848aa|Причал на наб. р. Фонтанки 105|PIER|санкт-петербург|Санкт-Петербург|1|1|0|1|1|1|1|0|0|1|59.92291095333904|30.320574599457725|53
venue_tep_53|набережная-реки-фонтанки-51-53-53|Причал на наб. реки Фонтанки, 51-53|PIER|санкт-петербург|Санкт-Петербург|0|0|1|1|1|1|1|0|0|1|59.9296857|30.3365895|224
venue_60b602fed94a1fa681b69c1d|prichal-na-fontanke-53|Причал на наб. реки Фонтанки, 51-53|PIER|санкт-петербург|Санкт-Петербург|1|1|1|1|1|1|1|0|0|1|59.9295017|30.3369524|203
venue_65f1b0a8a471ea32e7a902c4|prichal-na-nab-reki-fontanki-71-59-926449-30-328948-65f1b0a8a471ea32e7a902c4|Причал на наб. реки Фонтанки, 71 (59.926449, 30.328948)|PIER|санкт-петербург|Санкт-Петербург|1|1|1|1|1|1|1|0|0|1|59.9271222|30.3276878|202
venue_64ca285357eaafa76c712577|причал-на-набережнои-реки-фонтанки-д-71-64ca285357eaafa76c712577|Причал на набережной реки Фонтанки д.71|PIER|санкт-петербург|Санкт-Петербург|1|1|0|0|1|1|1|0|0|0|59.926410136619694|30.329513297675618|0
venue_668fbf95221d05c499340604|prichal-nab-reki-fontanki-104-668fbf95221d05c499340604|Причал наб. реки Фонтанки 104|PIER|санкт-петербург|Санкт-Петербург|1|1|0|1|1|1|1|0|0|1|59.92344736988953|30.323514409029823|14
venue_6a201063be95e076f5f53446|причал-набережная-реки-фонтанки-у-дома-71-6a201063be95e076f5f53446|Причал набережная реки Фонтанки у дома 71|PIER|санкт-петербург|Санкт-Петербург|1|1|0|0|1|1|1|0|0|0|59.92347010932349|30.32190881779985|0
venue_6a426d66c14f2ecf937378a8|prichal-u-novoi-gollandii-6a426d66c14f2ecf937378a8|Причал у Новой Голландии|PIER|санкт-петербург|Санкт-Петербург|0|0|0|1|1|1|1|0|0|1|59.9285011|30.2844164|0
venue_tep_100|синопская-наб-28-100|Синопская наб., 28|PIER|санкт-петербург|Санкт-Петербург|1|1|0|1|1|1|1|0|0|0|59.92989|30.3880879|0
venue_69cfdc06e21655f1575cdcf2|teplohod-zvezda-nevy-69cfdc06e21655f1575cdcf2|Теплоход "Звезда Невы"|PIER|санкт-петербург|Санкт-Петербург|0|0|1|1|1|1|1|0|0|1|59.9310584|30.3609097|241
venue_62cd5e839fe21f9b4138fb02|теплоход-москва-178-62cd5e839fe21f9b4138fb02|Теплоход "МОСКВА-178"|PIER|санкт-петербург|Санкт-Петербург|0|0|0|0|1|1|1|0|0|0|59.94935799999999|30.276745|0
venue_tep_86|угол-потемкинскои-улицы-и-воскресенскои-набережнои-86|Угол Потемкинской улицы и Воскресенской набережной|PIER|санкт-петербург|Санкт-Петербург|0|0|1|1|1|1|1|0|0|1|59.9496157|30.3666904|201
venue_tep_85|университетская-набережная-17-85|Университетская набережная 17|PIER|санкт-петербург|Санкт-Петербург|0|0|1|1|1|1|1|0|0|1|59.9400696|30.300593|207
venue_tep_66|университетская-набережная-13-66|Университетская набережная, 13|PIER|санкт-петербург|Санкт-Петербург|0|0|1|1|1|1|1|0|0|1|59.939595|30.2979601|226
venue_tep_77|яхт-клуб-к2-на-крестовском-острове-77|Яхт-клуб «К2» на Крестовском острове|PIER|санкт-петербург|Санкт-Петербург|1|1|1|1|1|1|1|0|0|1|59.9669724|30.2487307|290
venue_6a27e5aa03f4b9692e87d7b3|pl-vosstaniya-6a27e5aa03f4b9692e87d7b3|пл.Восстания|PIER|санкт-петербург|Санкт-Петербург|0|0|0|1|1|1|0|0|0|1|||0
venue_686d044da479b3c07a240887|ekskursiya-vladimirskii-dvorec-686d044da479b3c07a240887|экскурсия Владимирский дворец|PIER|санкт-петербург|Санкт-Петербург|1|1|0|1|1|1|0|0|0|1|||73
venue_tep_83|пристань-речного-трамваичика-83|Пристань речного трамвайчика|PIER|тула|Тула|0|0|0|1|1|1|1|0|0|1|54.1949617|37.629403|0
venue_6a3155287ed89673f663764e|svoya-naberezhnaya-6a3155287ed89673f663764e|Своя набережная|PIER|тюмень|Тюмень|0|0|0|1|1|1|1|0|0|1|57.163386038688174|65.55972305624927|0
venue_tep_1130|место-отправления-teplohod-1130|Место отправления Teplohod|PIER|ярославль|Ярославль|1|1|1|1|0|1|0|0|0|1|||129
venue_5c51cc62c19fe8000b324c22|дворец-спорта-профсоюзов-5c51cc62c19fe8000b324c22|Дворец спорта профсоюзов|SPORT_ACTIVITY_SPACE|архангельск|Архангельск|1|1|0|0|1|1|1|0|0|0|64.531622|40.53519400000005|0
venue_6a760ba8d97b2175b55183ce|цирк-шапито-каракат-шоу-6a760ba8d97b2175b55183ce|Цирк Шапито "Каракат Шоу"|SPORT_ACTIVITY_SPACE|воронеж|Воронеж|1|1|0|0|1|1|1|0|0|0|51.710854|39.159657|0
venue_6a7c59ba4e6e2f2fad77e19e|шоу-каскадеров-стадион-строитель-6a7c59ba4e6e2f2fad77e19e|Шоу Каскадеров (стадион"Строитель")|SPORT_ACTIVITY_SPACE|димитровград|Димитровград|0|0|0|0|1|1|1|0|0|0|54.2295526|49.5653307|0
venue_6a0bf3adffe28dc9039cd967|кузбасскии-автодром-6a0bf3adffe28dc9039cd967|Кузбасский автодром|SPORT_ACTIVITY_SPACE|кемерово|Кемерово|0|0|0|0|1|1|1|0|0|0|55.28185289044653|85.66417694091797|19
venue_62b6360cccc7db146755d529|стадион-родина-62b6360cccc7db146755d529|Стадион Родина|SPORT_ACTIVITY_SPACE|киров-кировская-область|Киров (Кировская область)|0|0|0|0|1|1|1|0|0|0|58.62269989999999|49.6471516|0
venue_5a17fa0a515e35001db828b9|basket-hall-5a17fa0a515e35001db828b9|Basket Hall|SPORT_ACTIVITY_SPACE|краснодар|Краснодар|0|0|0|0|1|1|1|0|0|0|45.117645601936225|38.98117711767554|0
venue_69720a672b6b7339de5859e3|2-и-донскои-пр-9-69720a672b6b7339de5859e3|2-й Донской пр., 9,|SPORT_ACTIVITY_SPACE|москва|Москва|0|0|0|0|1|1|1|0|0|0|55.7568721|37.6150527|0
venue_6a7f0d64b461d51eecb81f4f|brodo-6a7f0d64b461d51eecb81f4f|Brodo|SPORT_ACTIVITY_SPACE|москва|Москва|0|0|0|0|1|1|1|0|0|0|55.7678205|37.6142664|0
venue_59b520e0515e350019b8de2a|moscow-raceway-59b520e0515e350019b8de2a|Moscow Raceway|SPORT_ACTIVITY_SPACE|moskva|Москва|1|1|0|1|1|1|1|0|0|1|55.9964331|36.26544200000001|0
venue_5f40116ada4ad81dbf928603|avtodrom-moscow-raceway|Автодром Moscow Raceway|SPORT_ACTIVITY_SPACE|moskva|Москва|1|1|1|1|1|1|1|0|0|1|55.994171764844|36.27017030676936|240
venue_63505e99cc934a39066a3961|vstrecha-63505e99cc934a39066a3961|Встреча|SPORT_ACTIVITY_SPACE|москва|Москва|0|0|1|1|1|1|1|0|0|1|55.7387276|37.5232086|201
venue_5d70b8362fa47e82de5e7773|kreativnoe-prostranstvo-lovelyloft-5d70b8362fa47e82de5e7773|Креативное пространство LovelyLOFT|SPORT_ACTIVITY_SPACE|москва|Москва|0|0|0|1|1|1|1|0|0|1|55.780559|37.715554999999995|0
venue_679a240d1cf1fec9a68dc1b1|несколько-площадок-679a240d1cf1fec9a68dc1b1|Несколько площадок|SPORT_ACTIVITY_SPACE|moskva|Москва|0|0|0|0|1|1|1|0|0|0|55.755826|37.6173|0
venue_6407178af4d48cfebd200f18|novodevichii-monastyr-6407178af4d48cfebd200f18|Новодевичий монастырь|SPORT_ACTIVITY_SPACE|moskva|Москва|1|1|0|1|1|1|1|0|0|1|55.726950922789214|37.55811145206642|117
venue_65607db86d9158cf841a128d|стадион-технических-видов-спорта-65607db86d9158cf841a128d|Стадион Технических видов спорта|SPORT_ACTIVITY_SPACE|москва|Москва|0|0|0|0|1|1|1|0|0|0|55.7585279|37.4358873|0
venue_67f3b5c4b3a79760599a9227|trenirovochnaya-baza-nfr|Тренировочная база НФР|SPORT_ACTIVITY_SPACE|moskva|Москва|1|1|0|1|1|1|1|0|0|1|55.884207104101975|37.49341975190237|52
venue_579f5b7e9cb5387ea1d87f5a|cska-arena-579f5b7e9cb5387ea1d87f5a|ЦСКА АРЕНА|SPORT_ACTIVITY_SPACE|москва|Москва|0|0|0|0|1|1|1|0|0|1|55.701583248915426|37.64481576501524|0
venue_6a3bfc6f2ba44800485568c6|cirk-shapito-fantastic-6a3bfc6f2ba44800485568c6|Цирк шапито "FantastiC"|SPORT_ACTIVITY_SPACE|москва|Москва|0|0|0|1|1|1|1|0|0|1|55.65894300000001|37.3575569|0
venue_58da7ecbd352860015d2023d|арена-мытищи-58da7ecbd352860015d2023d|Арена Мытищи|SPORT_ACTIVITY_SPACE|мытищи|Мытищи|1|1|0|0|1|1|1|0|0|0|55.911115|37.72689500000001|0
venue_5c94e42ac4927c000bdb8c34|avtodrom-nizhegorodskoe-kolco-5c94e42ac4927c000bdb8c34|Автодром Нижегородское Кольцо|SPORT_ACTIVITY_SPACE|нижнии-новгород|Нижний Новгород|0|0|0|1|1|1|1|0|0|1|56.121284|43.60214799999994|0
venue_6252fd6a8bafbd8352a63178|stadion-polet|Стадион "Полёт"|SPORT_ACTIVITY_SPACE|нижнии-новгород|Нижний Новгород|0|0|0|1|1|1|1|0|0|1|56.3289823|43.846895|0
venue_66752c508c757187b96f13f1|gonochnyi-trek-stroker-66752c508c757187b96f13f1|Гоночный трек STROKER|SPORT_ACTIVITY_SPACE|новосибирск|Новосибирск|0|0|0|1|1|1|1|0|0|1|55.135396|82.990481|0
venue_5bd1793bc4c8fd000c024f8d|сибирь-ледовыи-дворец-спорта-5bd1793bc4c8fd000c024f8d|Сибирь, ледовый дворец спорта|SPORT_ACTIVITY_SPACE|новосибирск|Новосибирск|1|1|0|0|1|1|1|0|0|0|55.071825|82.94330889999992|0
venue_6a88099c4581d877d8691832|цирк-шапито-маска-6a88099c4581d877d8691832|Цирк Шапито Маска|SPORT_ACTIVITY_SPACE|новосибирск|Новосибирск|1|1|0|0|1|1|1|0|0|0|54.9309787|82.9117662|0
venue_6409b76c9601e911986871e2|автодром-6409b76c9601e911986871e2|Автодром|SPORT_ACTIVITY_SPACE|санкт-петербург|Санкт-Петербург|0|0|0|0|1|1|1|0|0|0|59.79942579999999|30.4027818|0
venue_607ee846c016751ef91ea51c|avtodrom-igora-draiv-607ee846c016751ef91ea51c|Автодром "Игора Драйв"|SPORT_ACTIVITY_SPACE|санкт-петербург|Санкт-Петербург|0|0|0|1|1|1|1|0|0|1|60.5105104|30.1635787|0
venue_6a211d047b3954d1ed6124be|ciderland-6a211d047b3954d1ed6124be|CiderLand|SPORT_ACTIVITY_SPACE|суздаль|Суздаль|0|0|0|0|1|1|1|0|0|0|56.2031479|40.18494829999999|0
venue_6a5de6c123b1b61bde5c2032|спортивныи-парк-волен-6a5de6c123b1b61bde5c2032|Спортивный парк "Волен"|SPORT_ACTIVITY_SPACE|яхрома|Яхрома|0|0|0|0|1|1|1|0|0|0|56.276365|37.48042650000001|0
ven_ms_a040f203c110f907|belgorod-marfo-mariinskiy-monastyr|Марфо-Мариинский монастырь|TEMPLE|белгород|Белгород|0|0|1|1|1|1|1|1|1|1|50.599124|36.582142|394
ven_ms_0c2ac7167e65718d|belgorod-sobornaya-ploschad|Соборная площадь|TEMPLE|белгород|Белгород|0|0|1|1|1|1|1|1|1|1|50.596111|36.586667|423
ven_ms_c096923e7bd254ee|blagoveschensk-amurskaya-oblast-kafedral-nyy-sobor-blagovescheniya-presvyatoy-bogoroditsy|Кафедральный собор Благовещения Пресвятой Богородицы|TEMPLE|благовещенск-амурская-область|Благовещенск (Амурская область)|0|0|1|1|1|1|1|1|1|1|50.259444|127.521412|420
ven_ms_ff668f64e07a01ab|bryansk-pokrovskiy-sobor|Покровский собор|TEMPLE|брянск|Брянск|0|0|1|1|1|1|1|1|1|1|53.241111|34.373611|421
ven_ms_53ca8872fc5f807e|bryansk-svenskiy-svyato-uspenskiy-monastyr|Свенский Свято-Успенский монастырь|TEMPLE|брянск|Брянск|0|0|1|1|1|1|1|1|1|1|53.204444|34.331111|435
ven_ms_48c085cf74d14306|veliky-novgorod-sofiyskiy-sobor|Софийский собор|TEMPLE|великии-новгород|Великий Новгород|0|0|1|1|1|1|1|1|1|1|58.522222|31.276111|399
ven_ms_98c5bc701752f77d|vladimir-dmitrievskiy-sobor|Дмитриевский собор|TEMPLE|владимир|Владимир|0|0|1|1|1|1|1|1|1|1|56.128522|40.411132|360
ven_ms_c638fc4cca26072f|vladimir-uspenskiy-sobor|Успенский собор|TEMPLE|владимир|Владимир|0|0|1|1|1|1|1|1|1|1|56.127393|40.408354|355
ven_ms_9f9b92f7462aa3b2|vologda-kolokol-nya-sofiyskogo-sobora|Колокольня Софийского собора|TEMPLE|вологда|Вологда|0|0|1|1|1|1|1|1|1|1|59.223854|39.883142|472
ven_ms_0ecf84fb61933c7f|voronezh-alekseevo-akatov-monastyr|Алексеево-Акатов монастырь|TEMPLE|воронеж|Воронеж|0|0|0|1|1|1|1|0|0|1|51.666901|39.222312|0
ven_ms_ba832721a71cb4ec|voronezh-blagoveschenskiy-sobor|Благовещенский кафедральный собор|TEMPLE|воронеж|Воронеж|0|0|0|1|1|1|1|0|0|1|51.675541|39.210512|0
ven_ms_1240fe0d159d21b2|voronezh-ilinskiy-hram|Ильинский храм|TEMPLE|воронеж|Воронеж|0|0|0|1|1|1|1|0|0|1|51.65691|39.206902|0
ven_ms_9d8242e0fab160bc|voronezh-kazanskiy-hram|Казанский храм|TEMPLE|воронеж|Воронеж|0|0|0|1|1|1|1|0|0|1|51.691891|39.256891|0
ven_ms_2ad8741c7b7ce976|voronezh-kirha-svyatoy-marii|Лютеранская кирха святой Марии|TEMPLE|воронеж|Воронеж|0|0|0|1|1|1|1|0|0|1|51.664112|39.202901|0
ven_ms_7a2aaac01d651ca5|voronezh-pokrovskiy-sobor|Покровский собор|TEMPLE|воронеж|Воронеж|0|0|0|1|1|1|1|0|0|1|51.660102|39.209801|0
ven_ms_e6d48997717aabb4|voronezh-uspenskiy-admiralteyskiy-hram|Успенский Адмиралтейский храм|TEMPLE|воронеж|Воронеж|0|0|0|1|1|1|1|0|0|1|51.655891|39.214432|0
ven_ms_00d3b78e6f8b5a65|ekaterinburg-hram-na-krovi|Храм на Крови|TEMPLE|екатеринбург|Екатеринбург|0|0|1|1|1|1|1|1|1|1|56.8433|60.6086|387
ven_ms_0bccce90744e6a09|izhevsk-svyato-mihaylovskiy-sobor|Свято-Михайловский кафедральный собор|TEMPLE|ижевск|Ижевск|0|0|1|1|1|1|1|1|1|1|56.851944|53.205278|450
ven_ms_251b448ad4dde143|irkutsk-kazanskaya-tserkov|Казанская церковь (Храм во имя Казанской иконы Божией Матери)|TEMPLE|иркутск|Иркутск|0|0|1|1|1|1|1|1|1|1|52.294124|104.305142|365
ven_ms_6c6acb0a7564a3e2|kazan-azimovskaya-mechet|Азимовская мечеть|TEMPLE|казань|Казань|0|0|0|1|1|1|1|0|0|1|55.766112|49.120113|0
ven_ms_5f490131ca2c3981|kazan-blagoveschenskiy-sobor|Благовещенский собор|TEMPLE|казань|Казань|0|0|0|1|1|1|1|0|0|1|55.799412|49.106133|0
ven_ms_488c6ccc8878dccb|kazan-bogoroditskiy-monastyr|Богородицкий монастырь|TEMPLE|казань|Казань|0|0|0|1|1|1|1|0|0|1|55.798411|49.112112|0
ven_ms_73318c4e6416ba2a|kazan-zakabannaya-mechet|Закабанная мечеть|TEMPLE|казань|Казань|0|0|0|1|1|1|1|0|0|1|55.776112|49.124211|0
ven_ms_97d8e0bbc13b5f9f|kazan-mechet-kul-sharif|Мечеть Кул-Шариф|TEMPLE|казань|Казань|0|0|1|1|1|1|1|1|1|1|55.798312|49.105111|338
ven_ms_60628dfeccf3e150|kazan-mechet-al-mardzhani|Мечеть аль-Марджани|TEMPLE|казань|Казань|0|0|0|1|1|1|1|0|0|1|55.779831|49.119212|0
ven_ms_7a3690742f34c7c5|kazan-petropavlovskiy-sobor|Петропавловский собор|TEMPLE|казань|Казань|0|0|0|1|1|1|1|0|0|1|55.792742|49.111911|0
ven_ms_13581791a96b91bf|kazan-sultanovskaya-mechet|Султановская мечеть|TEMPLE|казань|Казань|0|0|0|1|1|1|1|0|0|1|55.784411|49.1102|0
ven_ms_513cbd48a5e2ca19|kazan-hram-vseh-religiy|Храм всех религий|TEMPLE|казань|Казань|0|0|1|1|1|1|1|1|1|1|55.800511|49.008112|315
ven_ms_50e9a4c9afd672b2|kaliningrad-kafedral-nyy-sobor|Кафедральный собор|TEMPLE|калининград|Калининград|0|0|1|1|1|1|1|1|1|1|54.706487|20.512025|178
ven_ms_5b958ff8e98dfe89|kaliningrad-krestovozdvizhenskiy-sobor|Крестовоздвиженский собор (Кирха Креста)|TEMPLE|калининград|Калининград|0|0|1|1|1|1|1|1|1|1|54.7042|20.5286|146
ven_ms_66cc765a3d4dba9b|kaliningrad-yuditten-kirkha|Юдиттен-кирха|TEMPLE|калининград|Калининград|0|0|1|1|1|1|1|1|1|1|54.7169|20.4378|171
ven_ms_6aaa35890670f92e|kirov-kirovskaya-oblast-svyato-uspenskiy-trifonov-muzhskoy-monastyr|Свято-Успенский Трифонов мужской монастырь|TEMPLE|киров-кировская-область|Киров (Кировская область)|0|0|1|1|1|1|1|1|1|1|58.601111|49.681111|440
ven_ms_196bc850a7e1ecb9|kostroma-svyato-troitskiy-ipatevskiy-monastyr|Свято-Троицкий Ипатьевский монастырь|TEMPLE|кострома|Кострома|0|0|1|1|1|1|1|1|1|1|57.777222|40.890278|439
ven_ms_60e9d06798419ef6|kostroma-svyato-troitskiy-ipat-evskiy-monastyr|Свято-Троицкий Ипатьевский монастырь|TEMPLE|кострома|Кострома|0|0|1|1|1|0|1|1|1|1|57.777222|40.890278|439
ven_ms_57f7958e08d67add|krasnodar-armyanskaya-tserkov|Армянская церковь Св. Иоанна Евангелиста|TEMPLE|краснодар|Краснодар|0|0|0|1|1|1|1|0|0|1|45.055611|38.948912|0
ven_ms_39434319b680c496|krasnodar-voyskovoy-sobor-aleksandra-nevskogo|Войсковой собор Александра Невского|TEMPLE|краснодар|Краснодар|0|0|0|1|1|1|1|0|0|1|45.011912|38.964211|0
ven_ms_0610ebec6488e0f2|krasnodar-ilinskaya-tserkov|Ильинская церковь|TEMPLE|краснодар|Краснодар|0|0|0|1|1|1|1|0|0|1|45.028612|38.961211|0
ven_ms_90aec16a211bb60d|krasnodar-svyato-georgievskiy-khram|Свято-Георгиевский храм|TEMPLE|краснодар|Краснодар|0|0|0|1|1|1|1|0|0|1|45.041122|38.979711|0
ven_ms_5659d1f02320675f|krasnodar-ekaterininskiy-sobor|Свято-Екатерининский собор|TEMPLE|краснодар|Краснодар|0|0|0|1|1|1|1|0|0|1|45.019412|38.974211|0
ven_ms_018bd8a0e0d2dfae|krasnodar-svyato-pokrovskiy-khram|Свято-Покровский храм|TEMPLE|краснодар|Краснодар|0|0|0|1|1|1|1|0|0|1|45.016112|39.028311|0
ven_ms_65e6c44f9e63f27b|krasnodar-svyato-troitskiy-sobor|Свято-Троицкий собор|TEMPLE|краснодар|Краснодар|0|0|0|1|1|1|1|0|0|1|45.026112|38.958211|0
ven_ms_62f2358735ac17ae|krasnodar-khram-tselitelnitsa|Храм «Целительница»|TEMPLE|краснодар|Краснодар|0|0|0|1|1|1|1|0|0|1|45.048612|38.928711|0
ven_ms_4dce604925f1b9b9|krasnodar-khram-rozhdestva-khristova|Храм Рождества Христова|TEMPLE|краснодар|Краснодар|0|0|0|1|1|1|1|0|0|1|45.031211|38.905612|0
ven_ms_3fd18d1f88030067|krasnodar-chasovnya-dimitriya-solunskogo|Часовня Димитрия Солунского|TEMPLE|краснодар|Краснодар|0|0|0|1|1|1|1|0|0|1|45.038112|38.972211|0
ven_ms_1a2f222a2afc0cc8|krasnoyarsk-blagoveschenskiy-sobor|Благовещенский собор|TEMPLE|красноярск|Красноярск|0|0|0|1|1|1|1|0|0|1|56.016112|92.891211|0
ven_ms_e9c33fd8de510be5|krasnoyarsk-karaul-naya-gora-i-chasovnya-paraskevy-pyatnitsy|Караульная гора и часовня Параскевы Пятницы|TEMPLE|красноярск|Красноярск|0|0|1|1|1|1|1|1|1|1|56.024311|92.868311|377
ven_ms_2646dd77514df59e|krasnoyarsk-organnyy-zal-kostel|Органный зал (костел)|TEMPLE|красноярск|Красноярск|0|0|0|1|1|1|1|0|0|1|56.010213|92.848411|0
ven_ms_748bdaed9c78e4f1|krasnoyarsk-pokrovskiy-sobor|Покровский кафедральный собор|TEMPLE|красноярск|Красноярск|0|0|0|1|1|1|1|0|0|1|56.014112|92.871112|0
ven_ms_b39474438c1130d0|krasnoyarsk-uspenskiy-monastyr|Успенский монастырь|TEMPLE|красноярск|Красноярск|0|0|0|1|1|1|1|0|0|1|55.992511|92.748112|0
ven_ms_18b421f2e05028a7|kurgan-svyato-troitskiy-sobor|Свято-Троицкий собор|TEMPLE|курган|Курган|0|0|1|1|1|1|1|1|1|1|55.433889|65.348333|446
ven_ms_57d6668ad1b3771a|kursk-znamenskiy-kafedralnyy-sobor|Знаменский кафедральный собор|TEMPLE|курск|Курск|0|0|1|1|1|1|1|1|1|1|51.726944|36.193142|398
ven_ms_8d53e80137169dc0|kursk-znamenskiy-kafedral-nyy-sobor|Знаменский кафедральный собор|TEMPLE|курск|Курск|0|0|1|1|1|0|1|1|1|1|51.726944|36.193142|398
ven_ms_90901cb0d8625c40|kursk-sergievo-kazanskiy-sobor|Сергиево-Казанский собор|TEMPLE|курск|Курск|0|0|1|1|1|1|1|1|1|1|51.731667|36.191667|425
ven_ms_99ac78046ede44a7|lipeck-sobornaya-ploschad-i-hristorozhdestvenskiy-kafedralnyy-sobor|Соборная площадь и Христорождественский кафедральный собор|TEMPLE|липецк|Липецк|0|0|1|1|1|1|1|1|1|1|52.603124|39.594512|392
ven_ms_0de7fc935738bdd8|lipeck-sobornaya-ploschad-i-hristorozhdestvenskiy-kafedral-nyy-sobor|Соборная площадь и Христорождественский кафедральный собор|TEMPLE|липецк|Липецк|0|0|1|1|1|0|1|1|1|1|52.603124|39.594512|392
ven_ms_2c4c6f3f7af8db28|moscow-anglikanskaya-tserkov-sv-andreya|Англиканская церковь Св. Андрея|TEMPLE|moskva|Москва|0|0|1|1|1|1|1|0|0|1|55.758032|37.604639|360
ven_ms_769a9289ccbdb0c4|moscow-armyanskiy-hramovyy-kompleks|Армянский храмовый комплекс|TEMPLE|moskva|Москва|0|0|1|1|1|1|1|0|0|1|55.791247|37.629161|432
ven_ms_eb3db265b53aac66|moscow-bogoyavlenskiy-sobor-elohovo|Богоявленский собор в Елохове|TEMPLE|moskva|Москва|0|0|0|1|1|1|1|0|0|1|55.7785|37.6745|0
ven_ms_0fecec59d4ba2297|moscow-vysoko-petrovskiy-monastyr|Высоко-Петровский монастырь|TEMPLE|moskva|Москва|0|0|1|1|1|1|1|0|0|1|55.766947|37.615697|354
ven_ms_7a63f42411d195e7|moscow-danilov-monastyr|Данилов монастырь|TEMPLE|moskva|Москва|0|0|1|1|1|1|1|0|0|1|55.710712|37.620286|433
ven_ms_c1fe968ee85d5c93|moscow-donskoy-monastyr|Донской монастырь|TEMPLE|moskva|Москва|0|0|0|1|1|1|1|0|0|1|55.7145|37.6025|0
ven_ms_e2e2e42a83470168|moscow-zachatevskiy-monastyr|Зачатьевский монастырь|TEMPLE|moskva|Москва|0|0|1|1|1|1|1|0|0|1|55.740528|37.601911|342
ven_ms_57fcebc52d8c7103|moscow-kazanskiy-sobor-krasnaya|Казанский собор на Красной площади|TEMPLE|moskva|Москва|0|0|0|1|1|1|1|0|0|1|55.7553|37.619|0
ven_ms_974dd43ca7c6354c|moscow-lyuteranskiy-sobor-petra-i-pavla|Лютеранский собор Петра и Павла|TEMPLE|moskva|Москва|0|0|1|1|1|1|1|0|0|1|55.756534|37.639726|429
ven_ms_878c56cd595f67b9|moscow-marfo-mariinskaya-obitel|Марфо-Мариинская обитель|TEMPLE|moskva|Москва|0|0|0|1|1|1|1|0|0|1|55.7385|37.6235|0
ven_ms_f875b7cbc9dad44f|moscow-moskovskaya-sobornaya-mechet|Московская соборная мечеть|TEMPLE|moskva|Москва|0|0|1|1|1|1|1|0|0|1|55.778882|37.626707|384
ven_ms_95a0c6095c73ebf5|moscow-novodevichiy-monastyr|Новодевичий монастырь|TEMPLE|moskva|Москва|0|0|0|1|1|1|1|0|0|1|55.7262|37.556|0
ven_ms_72621f59d728cd7e|moscow-novospasskiy-monastyr|Новоспасский монастырь|TEMPLE|moskva|Москва|0|0|1|1|1|1|1|0|0|1|55.732488|37.656554|427
ven_ms_73ca5ef69346335f|moscow-pokrovskiy-monastyr|Покровский монастырь|TEMPLE|moskva|Москва|0|0|1|1|1|1|1|0|0|1|55.7385|37.6705|279
ven_ms_4c2c08e78eceeae1|moscow-sobor-neporochnogo-zachatiya|Собор Непорочного Зачатия|TEMPLE|moskva|Москва|0|0|1|1|1|1|1|0|0|1|55.766947|37.568912|357
ven_ms_2c9a0d980805a684|moscow-spaso-andronikov-monastyr|Спасо-Андроников монастырь|TEMPLE|moskva|Москва|0|0|1|1|1|1|1|0|0|1|55.749298|37.670196|423
ven_ms_727150f04e378c75|moscow-sretenskiy-monastyr|Сретенский монастырь|TEMPLE|moskva|Москва|0|0|1|1|1|1|1|0|0|1|55.765697|37.630512|431
ven_ms_957b0817bfe0fc95|moscow-horalnaya-sinagoga|Хоральная синагога|TEMPLE|moskva|Москва|0|0|1|1|1|1|1|0|0|1|55.755403|37.635839|427
ven_ms_d885a77e9f16c1e9|moscow-hram-bolshoe-voznesenie|Храм Большое Вознесение|TEMPLE|moskva|Москва|0|0|1|1|1|1|1|0|0|1|55.758032|37.596041|298
ven_ms_9e75791dafea5051|moscow-hram-vozneseniya-kolomenskoe|Храм Вознесения в Коломенском|TEMPLE|moskva|Москва|0|0|0|1|1|1|1|0|0|1|55.667|37.6705|0
ven_ms_d23002443f928be1|moscow-hram-vseh-svyatyh-na-kulishkah|Храм Всех Святых на Кулишках|TEMPLE|moskva|Москва|0|0|1|1|1|1|1|0|0|1|55.753733|37.634012|280
ven_ms_bc55dadc3d7c0a5d|moscow-hram-ilii-proroka-v-obydenskom|Храм Илии Пророка в Обыденском|TEMPLE|moskva|Москва|0|0|1|1|1|1|1|0|0|1|55.741964|37.599144|320
ven_ms_fd7306903082ccfa|moscow-hram-klimenta-papy-rimskogo|Храм Климента Папы Римского|TEMPLE|moskva|Москва|0|0|1|1|1|1|1|0|0|1|55.740528|37.629161|372
ven_ms_40a68984513c4fca|moscow-hram-nikolaya-v-hamovnikah|Храм Николая в Хамовниках|TEMPLE|moskva|Москва|0|0|1|1|1|1|1|0|0|1|55.734165|37.591942|502
ven_ms_c9b815f56d989f8e|moscow-tserkov-ioanna-voina-na-yakimanke|Церковь Иоанна Воина на Якиманке|TEMPLE|moskva|Москва|0|0|1|1|1|1|1|0|0|1|55.732488|37.615697|270
ven_ms_1c35ca775ce18fbc|nizhny-novgorod-blagoveschenskiy-monastyr|Благовещенский монастырь|TEMPLE|нижнии-новгород|Нижний Новгород|0|0|1|1|1|1|1|1|1|1|56.323561|43.97495|122
ven_ms_4561d543eec7e428|nizhny-novgorod-mihailo-arhangelskiy-sobor|Михайло-Архангельский собор|TEMPLE|нижнии-новгород|Нижний Новгород|0|0|1|1|1|1|1|1|1|1|56.328461|44.002241|120
ven_ms_364f3c67b6f2db4f|nizhny-novgorod-pecherskiy-monastyr|Печерский монастырь|TEMPLE|нижнии-новгород|Нижний Новгород|0|0|1|1|1|1|1|1|1|1|56.322964|44.050419|171
ven_ms_2945b3c3e3d09fa1|nizhny-novgorod-sobor-aleksandra-nevskogo|Собор Александра Невского|TEMPLE|нижнии-новгород|Нижний Новгород|0|0|1|1|1|1|1|1|1|1|56.333019|43.975412|120
ven_ms_4b395b4910c7dbe1|nizhny-novgorod-staroyarmarochnyy-sobor|Староярмарочный собор|TEMPLE|нижнии-новгород|Нижний Новгород|0|0|1|1|1|1|1|1|1|1|56.333333|43.961944|123
ven_ms_66e9f697477dcdc8|nizhny-novgorod-stroganovskaya-tserkov|Строгановская церковь|TEMPLE|нижнии-новгород|Нижний Новгород|0|0|1|1|1|1|1|1|1|1|56.327539|43.984247|159
ven_ms_f65a07df5be1e9e5|novosibirsk-voznesenskiy-sobor|Вознесенский кафедральный собор|TEMPLE|новосибирск|Новосибирск|0|0|0|1|1|1|1|0|0|1|55.045412|82.914115|0
ven_ms_50c81f0f38cdaae8|novosibirsk-katolicheskiy-sobor|Католический Кафедральный собор Преображения Господня|TEMPLE|новосибирск|Новосибирск|0|0|0|1|1|1|1|0|0|1|55.028541|82.928114|0
ven_ms_90da8c8238227d1a|novosibirsk-sobor-aleksandra-nevskogo|Собор во имя Александра Невского|TEMPLE|новосибирск|Новосибирск|0|0|0|1|1|1|1|0|0|1|55.016214|82.924841|0
ven_ms_c80e3aa0bbb0250c|novosibirsk-hram-pokrova|Храм Покрова Пресвятой Богородицы|TEMPLE|новосибирск|Новосибирск|0|0|0|1|1|1|1|0|0|1|55.021115|82.916214|0
ven_ms_d5a9c6d1c90f1b6f|novosibirsk-chasovnya-nikolaya|Часовня во имя Святителя Николая Чудотворца|TEMPLE|новосибирск|Новосибирск|0|0|0|1|1|1|1|0|0|1|55.025985|82.921474|0
ven_ms_41e747f09e1550ef|omsk-voskresenskiy-voennyy-sobor|Воскресенский военный собор|TEMPLE|омск|Омск|0|0|0|1|1|1|1|0|0|1|54.98621|73.36241|0
ven_ms_d8d46857bfa0b669|omsk-zakladnoy-kamen-hrama-sergiya-radonezhskogo|Закладной камень храма Сергия Радонежского|TEMPLE|омск|Омск|0|0|0|1|1|1|1|0|0|1|54.986412|73.365891|0
ven_ms_b95bd0b05f2f8e16|omsk-katolicheskiy-hram-sretenie|Католический храм Сретения Господня|TEMPLE|омск|Омск|0|0|0|1|1|1|1|0|0|1|54.97521|73.39211|0
ven_ms_ba7e66d5d950ab14|omsk-krestovozdvizhenskiy-sobor|Крестовоздвиженский собор|TEMPLE|омск|Омск|0|0|0|1|1|1|1|0|0|1|54.99112|73.36621|0
ven_ms_dbb73425044041e4|omsk-lyuteranskaya-kirha|Лютеранская кирха|TEMPLE|омск|Омск|0|0|0|1|1|1|1|0|0|1|54.97912|73.37721|0
ven_ms_48e1a7c2276722a5|omsk-nikolskiy-kazachiy-sobor|Никольский казачий собор|TEMPLE|омск|Омск|0|0|0|1|1|1|1|0|0|1|54.988912|73.368112|0
ven_ms_3e1c3168baf8b074|omsk-sibirskaya-sobornaya-mechet|Сибирская соборная мечеть|TEMPLE|омск|Омск|0|0|0|1|1|1|1|0|0|1|54.96821|73.40112|0
ven_ms_57436c0f18d2e121|omsk-uspenskiy-kafedral-nyy-sobor|Успенский кафедральный собор|TEMPLE|омск|Омск|0|0|1|1|1|1|1|1|1|1|54.989123|73.367854|358
ven_ms_38b5997d36340bdd|omsk-hram-ioanna-krestitelya|Храм Иоанна Крестителя|TEMPLE|омск|Омск|0|0|0|1|1|1|1|0|0|1|54.99221|73.36981|0
ven_ms_7dcbd946033aff78|omsk-chasovnya-serafima-i-alekseya|Часовня Серафима Саровского и царевича Алексея|TEMPLE|омск|Омск|0|0|0|1|1|1|1|0|0|1|54.98291|73.37451|0
ven_ms_56aadcb2b5a6c87a|orel-bogoyavlenskiy-sobor|Богоявленский собор|TEMPLE|орел|Орёл|0|0|1|1|1|1|1|1|1|1|52.963889|36.071111|402
ven_ms_03bc4e7a792ff29a|penza-pokrovskaya-cerkov|Покровская церковь|TEMPLE|пенза|Пенза|0|0|0|1|1|1|1|0|0|1|53.194212|45.020412|0
ven_ms_19d4db751981a889|penza-spasskiy-kafedralnyy-sobor|Спасский кафедральный собор|TEMPLE|пенза|Пенза|0|0|0|1|1|1|1|0|0|1|53.194812|45.018512|0
ven_ms_e531482463642020|penza-troickiy-monastyr|Троицкий монастырь|TEMPLE|пенза|Пенза|0|0|0|1|1|1|1|0|0|1|53.188212|45.027112|0
ven_ms_d3972784c8870926|penza-uspenskiy-kafedralnyy-sobor|Успенский кафедральный собор|TEMPLE|пенза|Пенза|0|0|0|1|1|1|1|0|0|1|53.201912|45.019812|0
ven_perm_c29e9faabee29d|perm-belogorskiy-monastyr|Белогорский Свято-Николаевский монастырь|TEMPLE|пермь|Пермь|0|0|0|1|1|1|1|0|0|1|57.392398|56.229415|0
ven_perm_7e88f94523623d|perm-kungur|Богородицкая церковь|TEMPLE|пермь|Пермь|0|0|0|1|1|1|1|0|0|1|59.646944|56.764167|0
ven_perm_72949baa77a105|perm-voznesenskaya-tserkov|Вознесенская (Феодосьевская) церковь|TEMPLE|пермь|Пермь|0|0|0|1|1|1|1|0|0|1|58.0069|56.2291|0
ven_perm_cd97dfd56dceed|perm-sobor-petra-i-pavla|Собор Петра и Павла|TEMPLE|пермь|Пермь|0|0|0|1|1|1|1|0|0|1|58.0185|56.2559|0
ven_perm_dc2e564ddc8c65|perm-sobornaya-ploschad|Соборная площадь|TEMPLE|пермь|Пермь|0|0|0|1|1|1|1|0|0|1|58.0163|56.2378|0
ven_ms_73d99df67445d244|pskov-pskovo-pecherskiy-monastyr|Свято-Успенский Псково-Печерский монастырь|TEMPLE|псков|Псков|0|0|1|1|1|1|1|1|1|1|57.810556|27.614444|407
ven_ms_189405ee9bb07b5d|pskov-hramy-pskovskoy-arhitekturnoy-shkoly|Храмы псковской архитектурной школы (Наследие ЮНЕСКО)|TEMPLE|псков|Псков|0|0|1|1|1|1|1|1|1|1|57.816667|28.3375|426
ven_ms_0939884c8b12550a|rostov-na-donu-surb-hach|Армянская церковь Сурб Хач|TEMPLE|ростов-на-дону|Ростов-на-Дону|0|0|0|1|1|1|1|0|0|1|47.281112|39.714112|0
ven_ms_4d4a0009fef11a1d|rostov-na-donu-kafedralnyy-sobor-rozhdestva-bogorodicy|Кафедральный собор Рождества Богородицы|TEMPLE|ростов-на-дону|Ростов-на-Дону|0|0|0|1|1|1|1|0|0|1|47.218333|39.711667|0
ven_ms_4c0fede3de185aee|rostov-na-donu-staroobryadcheskiy-pokrovskiy-sobor|Старообрядческий Покровский собор|TEMPLE|ростов-на-дону|Ростов-на-Дону|0|0|0|1|1|1|1|0|0|1|47.215891|39.713891|0
ven_ms_fa17ece647cb904b|ryazan-arhangelskiy-sobor|Архангельский собор|TEMPLE|рязань|Рязань|0|0|0|1|1|1|1|0|0|1|54.635112|39.748112|0
ven_ms_b050f1924e81370e|ryazan-kazanskiy-sobor|Казанский собор Казанского монастыря|TEMPLE|рязань|Рязань|0|0|0|1|1|1|1|0|0|1|54.631902|39.761112|0
ven_ms_291aa17f9f881378|ryazan-nikolo-yamskoy-hram|Николо-Ямской храм|TEMPLE|рязань|Рязань|0|0|0|1|1|1|1|0|0|1|54.619891|39.754112|0
ven_ms_72b113df56f8cbb0|ryazan-preobrazhenskiy-sobor|Преображенский собор Спасского монастыря|TEMPLE|рязань|Рязань|0|0|0|1|1|1|1|0|0|1|54.634912|39.748901|0
ven_ms_69a1d4f3d428b78e|ryazan-sobor-borisa-i-gleba|Собор Бориса и Глеба|TEMPLE|рязань|Рязань|0|0|0|1|1|1|1|0|0|1|54.636901|39.741112|0
ven_ms_084151f9f7f53e2c|ryazan-uspenskiy-sobor|Успенский собор Кремля|TEMPLE|рязань|Рязань|0|0|0|1|1|1|1|0|0|1|54.636667|39.749167|0
ven_ms_aa817f22ac83c514|ryazan-hristorozhdestvenskiy-sobor|Христорождественский собор|TEMPLE|рязань|Рязань|0|0|0|1|1|1|1|0|0|1|54.636112|39.748611|0
ven_ms_4b6d7e32c18a75a6|ryazan-tserkov-blagovescheniya|Церковь Благовещения Пресвятой Богородицы|TEMPLE|рязань|Рязань|0|0|0|1|1|1|1|0|0|1|54.636112|39.755891|0
ven_ms_2bdac2c636a95b22|ryazan-tserkov-spasa-na-yaru|Церковь Спаса на Яру|TEMPLE|рязань|Рязань|0|0|0|1|1|1|1|0|0|1|54.636312|39.744112|0
ven_ms_e412a8b27cc4394f|samara-iverskiy-monastyr|Иверский женский монастырь|TEMPLE|самара|Самара|0|0|0|1|1|1|1|0|0|1|53.200511|50.101112|0
ven_ms_8ed1392ea68a0232|samara-lyuteranskaya-kirha|Лютеранская кирха Святого Георга|TEMPLE|самара|Самара|0|0|0|1|1|1|1|0|0|1|53.193312|50.096711|0
ven_ms_0eeb9587b1868f71|samara-pokrovskiy-sobor|Покровский кафедральный собор|TEMPLE|самара|Самара|0|0|0|1|1|1|1|0|0|1|53.186112|50.108211|0
ven_ms_df7be58c7bd7a603|samara-sobornaya-mechet|Самарская соборная мечеть|TEMPLE|самара|Самара|0|0|0|1|1|1|1|0|0|1|53.220112|50.198311|0
ven_ms_0b14592d7cd9f321|saint-petersburg-annenkirhe-tserkov-svyatoy-anny|Анненкирхе (Церковь Святой Анны)|TEMPLE|санкт-петербург|Санкт-Петербург|0|0|0|1|1|1|1|0|0|1|59.9375|30.34|0
ven_ms_bd95f6d6b82981be|saint-petersburg-vladimirskiy-sobor|Владимирский собор|TEMPLE|санкт-петербург|Санкт-Петербург|0|0|0|1|1|1|1|0|0|1|59.9285|30.3485|0
venue_inst_2fcd55426f097abab1bd1ddf|saint-petersburg-kazanskiy-sobor|Казанский собор|TEMPLE|санкт-петербург|Санкт-Петербург|0|0|1|1|1|1|1|0|0|1|59.934324|30.324541|213
ven_ms_a5cf10e336c6c58b|saint-petersburg-morskoy-nikolskiy-sobor|Морской Никольский собор|TEMPLE|санкт-петербург|Санкт-Петербург|0|0|1|1|1|1|1|0|0|1|59.993412|29.777414|133
ven_ms_9584442942af7b8f|saint-petersburg-nikolo-bogoyavlenskiy-morskoy-sobor|Николо-Богоявленский морской собор|TEMPLE|санкт-петербург|Санкт-Петербург|0|0|0|1|1|1|1|0|0|1|59.9225|30.3005|0
venue_652d5eced2357a35036f3762|saint-petersburg-sobornaya-mechet|Санкт-Петербургская соборная мечеть|TEMPLE|санкт-петербург|Санкт-Петербург|0|0|1|1|1|1|1|1|1|1|59.9552|30.3239|297
ven_ms_7183c1a6531450b5|saint-petersburg-smolnyy-sobor|Смольный собор|TEMPLE|санкт-петербург|Санкт-Петербург|0|0|0|1|1|1|1|0|0|1|59.9487|30.3953|0
ven_ms_c8bb15edbd021d02|saint-petersburg-chesmenskaya-tserkov|Чесменская церковь|TEMPLE|санкт-петербург|Санкт-Петербург|0|0|0|1|1|1|1|0|0|1|59.8575|30.3315|0
ven_ms_006cf519a31a7704|saransk-kafedralnyy-sobor-svyatogo-pravednogo-voina-feodora-ushakova|Кафедральный собор святого праведного воина Феодора Ушакова|TEMPLE|саранск|Саранск|0|0|1|1|1|1|1|1|1|1|54.181389|45.181667|462
ven_ms_bc8cec2d200396a1|saransk-kafedral-nyy-sobor-svyatogo-pravednogo-voina-feodora-ushakova|Кафедральный собор святого праведного воина Феодора Ушакова|TEMPLE|саранск|Саранск|0|0|1|1|1|0|1|1|1|1|54.181389|45.181667|462
ven_ms_29e274f67cb0d766|saratov-hram-utoli-moya-pechali|Храм «Утоли моя печали»|TEMPLE|саратов|Саратов|0|0|1|1|1|1|1|1|1|1|51.530556|46.035556|370
ven_ms_2d921a665ceaaf83|smolensk-svyato-uspenskiy-kafedralnyy-sobor|Свято-Успенский кафедральный собор|TEMPLE|смоленск|Смоленск|0|0|1|1|1|1|1|1|1|1|54.789167|32.055556|458
ven_ms_fed452dd63485bb7|smolensk-svyato-uspenskiy-kafedral-nyy-sobor|Свято-Успенский кафедральный собор|TEMPLE|смоленск|Смоленск|0|0|1|1|1|0|1|1|1|1|54.789167|32.055556|458
ven_ms_b42d86e39901c926|syktyvkar-svyato-stefanovskiy-kafedralnyy-sobor|Свято-Стефановский кафедральный собор|TEMPLE|сыктывкар|Сыктывкар|0|0|1|1|1|1|1|1|1|1|61.674124|50.841245|459
ven_ms_06faddea8570d8fa|syktyvkar-svyato-stefanovskiy-kafedral-nyy-sobor|Свято-Стефановский кафедральный собор|TEMPLE|сыктывкар|Сыктывкар|0|0|1|1|1|0|1|1|1|1|61.674124|50.841245|459
ven_ms_1909d23186f4ab29|tambov-kazanskiy-muzhskoy-monastyr|Казанский мужской монастырь|TEMPLE|тамбов|Тамбов|0|0|1|1|1|1|1|1|1|1|52.722222|41.458889|426
ven_ms_29bfa815f9f88d93|tambov-spaso-preobrazhenskiy-kafedralnyy-sobor|Спасо-Преображенский кафедральный собор|TEMPLE|тамбов|Тамбов|0|0|1|1|1|1|1|1|1|1|52.726944|41.463142|459
ven_ms_f6e09e0736bdf986|tambov-spaso-preobrazhenskiy-kafedral-nyy-sobor|Спасо-Преображенский кафедральный собор|TEMPLE|тамбов|Тамбов|0|0|1|1|1|0|1|1|1|1|52.726944|41.463142|459
ven_ms_5bc32a98c01a58df|tver-armyanskaya-tserkov-surb-arutyun|Армянская церковь Сурб Арутюн|TEMPLE|тверь|Тверь|0|0|0|1|1|1|1|0|0|1|56.878912|35.914112|0
ven_ms_95cf3ec9f51402f2|tver-voznesenskiy-sobor|Вознесенский собор|TEMPLE|тверь|Тверь|0|0|0|1|1|1|1|0|0|1|56.858112|35.916912|0
ven_ms_6a3c5e855880955c|tver-katolicheskiy-hram-preobrazheniya|Католический храм Преображения Господня|TEMPLE|тверь|Тверь|0|0|0|1|1|1|1|0|0|1|56.856112|35.931112|0
ven_ms_dcfe24d33f9b04c3|tver-svyato-ekaterininskiy-monastyr|Свято-Екатерининский женский монастырь|TEMPLE|тверь|Тверь|0|0|0|1|1|1|1|0|0|1|56.868112|35.921112|0
ven_ms_7c126f0898f166f4|tver-spaso-preobrazhenskiy-sobor|Спасо-Преображенский кафедральный собор|TEMPLE|тверь|Тверь|0|0|0|1|1|1|1|0|0|1|56.860139|35.897778|0
ven_ms_f07a3a07b1e965d7|tver-sobornaya-mechet|Тверская соборная мечеть|TEMPLE|тверь|Тверь|0|0|0|1|1|1|1|0|0|1|56.855891|35.932312|0
ven_ms_fbe0b78d858f773e|tver-hram-belaya-troitsa|Храм Белая Троица|TEMPLE|тверь|Тверь|0|0|0|1|1|1|1|0|0|1|56.854912|35.888912|0
ven_ms_7ecffb12c7e82b65|tver-hram-pokrova|Храм Покрова Пресвятой Богородицы|TEMPLE|тверь|Тверь|0|0|0|1|1|1|1|0|0|1|56.855112|35.895891|0
ven_ms_7cfb5cec617a7a66|tver-tserkov-treh-svyatiteley|Церковь Трех Святителей|TEMPLE|тверь|Тверь|0|0|0|1|1|1|1|0|0|1|56.891112|35.875891|0
ven_ms_1102910bd063b545|tyumen-voznesensko-georgievskaya-tserkov|Вознесенско-Георгиевская церковь|TEMPLE|тюмень|Тюмень|0|0|0|1|1|1|1|0|0|1|57.165768|65.522038|0
ven_ms_4fb93f7eb8feac56|tyumen-znamenskiy-kafedral-nyy-sobor|Знаменский кафедральный собор|TEMPLE|тюмень|Тюмень|0|0|1|1|1|1|1|1|1|1|57.159444|65.526944|373
ven_ms_b8a5ba08b9a14944|tyumen-ilinskiy-monastyr|Ильинский женский монастырь|TEMPLE|тюмень|Тюмень|0|0|0|1|1|1|1|0|0|1|57.164|65.536|0
ven_ms_434424913040d2da|tyumen-kostel-svyatogo-iosifa|Костел святого Иосифа|TEMPLE|тюмень|Тюмень|0|0|0|1|1|1|1|0|0|1|57.16|65.526|0
ven_ms_9c6d22ffcd55663c|tyumen-sinagoga-madregot|Синагога «Мадрегот»|TEMPLE|тюмень|Тюмень|0|0|0|1|1|1|1|0|0|1|57.1505|65.538|0
ven_ms_fa838f9642c56571|tyumen-sobornaya-mechet|Соборная мечеть|TEMPLE|тюмень|Тюмень|0|0|0|1|1|1|1|0|0|1|57.145|65.58|0
ven_ms_efddd7f6520097ed|tyumen-spasskaya-tserkov|Спасская церковь|TEMPLE|тюмень|Тюмень|0|0|0|1|1|1|1|0|0|1|57.155|65.5385|0
ven_ms_e385700e288e605a|tyumen-troitskiy-monastyr|Троицкий монастырь|TEMPLE|тюмень|Тюмень|0|0|0|1|1|1|1|0|0|1|57.1697|65.5278|0
ven_ms_6c366e682fed4625|tyumen-hram-vseh-svyatyh|Храм Всех Святых|TEMPLE|тюмень|Тюмень|0|0|0|1|1|1|1|0|0|1|57.148|65.535|0
ven_ms_af6a23882a17bb9e|ufa-mechet-ihlas|Мечеть «Ихлас»|TEMPLE|уфа|Уфа|0|0|0|1|1|1|1|0|0|1|54.708901|55.969112|0
ven_ms_d85e3680b4141376|ufa-mechet-medrese-lyalya-tyul-pan|Мечеть-медресе «Ляля-Тюльпан»|TEMPLE|уфа|Уфа|0|0|1|1|1|1|1|1|1|1|54.819722|56.065278|369
ven_ms_3ff74211b98b0605|ufa-pervaya-sobornaya-mechet|Первая соборная мечеть Уфы|TEMPLE|уфа|Уфа|0|0|0|1|1|1|1|0|0|1|54.713901|55.935891|0
ven_ms_ecdeb158039c25cf|ufa-pokrovskiy-hram|Покровский храм|TEMPLE|уфа|Уфа|0|0|0|1|1|1|1|0|0|1|54.714102|55.965891|0
ven_ms_338a259f2864d509|ufa-rozhdestvo-bogoroditskiy-hram|Рождество-Богородицкий храм|TEMPLE|уфа|Уфа|0|0|0|1|1|1|1|0|0|1|54.731412|55.971901|0
ven_ms_85927a2e2e81e2df|ufa-sergievskiy-kafedralnyy-sobor|Сергиевский кафедральный собор|TEMPLE|уфа|Уфа|0|0|0|1|1|1|1|0|0|1|54.709112|55.972312|0
ven_ms_b375879dcd42394a|ufa-spasskiy-hram|Спасский храм|TEMPLE|уфа|Уфа|0|0|0|1|1|1|1|0|0|1|54.716912|55.958901|0
ven_ms_e2dd320d5b70a138|habarovsk-grado-habarovskiy-sobor-uspeniya-bozhiey-materi|Градо-Хабаровский собор Успения Божией Матери|TEMPLE|хабаровск|Хабаровск|0|0|1|1|1|1|1|1|1|1|48.473889|135.053889|403
ven_ms_bea1582cd1c55d7f|cheboksary-vvedenskiy-kafedralnyy-sobor|Введенский кафедральный собор|TEMPLE|чебоксары|Чебоксары|0|0|1|1|1|1|1|1|1|1|56.149124|47.231412|420
ven_ms_a65d8605305aeebd|cheboksary-vvedenskiy-kafedral-nyy-sobor|Введенский кафедральный собор|TEMPLE|чебоксары|Чебоксары|0|0|1|1|1|0|1|1|1|1|56.149124|47.231412|406
ven_ms_52ff98f779d80b0a|chelyabinsk-katolicheskiy-hram|Католический храм Непорочного Зачатия|TEMPLE|челябинск|Челябинск|0|0|0|1|1|1|1|0|0|1|55.141212|61.369512|0
ven_ms_ee8ecd6e471e026f|chelyabinsk-odigitrievskiy-monastyr|Одигитриевский монастырь|TEMPLE|челябинск|Челябинск|0|0|0|1|1|1|1|0|0|1|55.118512|61.393212|0
ven_ms_11b458633f22eb30|chelyabinsk-troitskaya-tserkov|Свято-Троицкий храм|TEMPLE|челябинск|Челябинск|0|0|0|1|1|1|1|0|0|1|55.168512|61.400212|0
ven_ms_a8d75f0098cc6faf|chelyabinsk-simeonovskiy-sobor|Симеоновский кафедральный собор|TEMPLE|челябинск|Челябинск|0|0|0|1|1|1|1|0|0|1|55.154212|61.381212|0
ven_ms_f51092629d3cbb27|chelyabinsk-sinagoga-chabad|Синагога Хабад|TEMPLE|челябинск|Челябинск|0|0|0|1|1|1|1|0|0|1|55.162412|61.405112|0
ven_ms_235ff5416994908c|chelyabinsk-sobornaya-mechet|Соборная мечеть|TEMPLE|челябинск|Челябинск|0|0|0|1|1|1|1|0|0|1|55.159112|61.398812|0
ven_ms_53d02d8c9a5d8f51|chelyabinsk-hram-aleksandra-nevskogo|Храм Александра Невского|TEMPLE|челябинск|Челябинск|0|0|0|1|1|1|1|0|0|1|55.160112|61.391901|0
ven_ms_490268ec6b6221c7|chelyabinsk-hram-georgiya-pobedonostsa|Храм Георгия Победоносца|TEMPLE|челябинск|Челябинск|0|0|0|1|1|1|1|0|0|1|55.151212|61.428512|0
ven_ms_b91aacec3bc05df3|chelyabinsk-hram-ioanna-voina|Храм Иоанна Воина|TEMPLE|челябинск|Челябинск|0|0|0|1|1|1|1|0|0|1|55.132512|61.385212|0
ven_ms_ec14b77f356a7d1d|chita-kafedral-nyy-sobor-kazanskoy-ikony-bozhiey-materi|Кафедральный собор Казанской иконы Божией Матери|TEMPLE|чита|Чита|0|0|1|1|1|0|1|1|1|1|52.031245|113.494512|446
ven_ms_55c2ae4f82e4bf0d|chita-kafedralnyy-sobor-kazanskoy-ikony-bozhiey-materi|Кафедральный собор Казанской иконы Божией Матери|TEMPLE|чита|Чита|0|0|1|1|1|1|1|1|1|1|52.031245|113.494512|459
ven_ms_278a2590fa2c0dfb|yuzhno-sahalinsk-kafedralnyy-sobor-rozhdestva-hristova|Кафедральный собор Рождества Христова|TEMPLE|южно-сахалинск|Южно-Сахалинск|0|0|1|1|1|1|1|1|1|1|46.951944|142.755556|439
ven_ms_8206d70ce18a3e55|yuzhno-sahalinsk-kafedral-nyy-sobor-rozhdestva-hristova|Кафедральный собор Рождества Христова|TEMPLE|южно-сахалинск|Южно-Сахалинск|0|0|1|1|1|0|1|1|1|1|46.951944|142.755556|405
ven_ms_f64edd1210a61162|yaroslavl-tserkov-il-i-proroka|Церковь Ильи Пророка|TEMPLE|ярославль|Ярославль|0|0|1|1|1|1|1|1|1|1|57.626811|39.894314|344
ven_ms_c4f0e1184bcf00f9|yaroslavl-yaroslavskiy-kreml-spaso-preobrazhenskiy-monastyr|Ярославский кремль (Спасо-Преображенский монастырь)|TEMPLE|ярославль|Ярославль|0|0|1|1|1|1|1|1|1|1|57.621422|39.889154|400
venue_5aaa107b519f7b001b589d96|абаканскии-дворец-молодежи-5aaa107b519f7b001b589d96|Абаканский дворец молодёжи|THEATER|абакан|Абакан|1|1|0|0|1|1|1|0|0|0|53.7401366|91.43119969999998|0
venue_6a12c96ed3f6531c23644e5d|turbaza-sputnik-ul-zolotaya-1-s-efremkino-shirinskii-raion-hakasiya-6a12c96ed3f6531c23644e5d|Турбаза «Спутник», ул. Золотая 1, с. Ефремкино, Ширинский район, Хакасия|THEATER|абакан|Абакан|0|0|0|1|1|1|1|0|0|1|54.45233439473405|89.4405490661986|72
venue_6a887d98d0fab0e7efefa598|хакасскии-национальныи-драматическии-театр-имени-а-м-топанова-6a887d98d0fab0e7efefa598|Хакасский национальный драматический театр имени А.М. Топанова|THEATER|абакан|Абакан|1|1|0|0|1|1|1|0|0|0|53.7207614|91.44533320000001|0
venue_6054493df2cc7d0173d2f65d|дк-нефтехимик-6054493df2cc7d0173d2f65d|ДК Нефтехимик|THEATER|ангарск|Ангарск|1|1|0|0|1|1|1|0|0|0|52.5442519|103.8870193|0
venue_6a300222ac38b297656d4bf1|mku-anninskii-dom-kultury-6a300222ac38b297656d4bf1|МКУ «Аннинский Дом Культуры»|THEATER|анна|Анна|1|1|0|1|1|1|1|0|0|1|51.4851299|40.4282408|0
venue_6a75de4023c5d9e5960a1d20|тц-аквариум-1-этаж-6a75de4023c5d9e5960a1d20|ТЦ "Аквариум" 1 этаж|THEATER|артем|Артем|0|0|0|0|1|1|1|0|0|0|43.35354219356671|132.18147302379128|0
venue_5d087079cd4ef63d1083b239|агкц-5d087079cd4ef63d1083b239|АГКЦ|THEATER|архангельск|Архангельск|1|1|0|0|1|1|1|0|0|0|64.547263|40.549950999999965|0
ven_ms_61ca4bb57e221d07|astrahan-astrahanskiy-gosudarstvennyy-teatr-opery-i-baleta|Астраханский государственный театр оперы и балета|THEATER|астрахань|Астрахань|0|0|1|1|1|1|1|1|1|1|46.3575|48.049167|466
venue_585d0c72d352860016f8f88b|астраханскии-дворец-культуры-аркадия-585d0c72d352860016f8f88b|Астраханский дворец культуры «Аркадия»|THEATER|астрахань|Астрахань|1|1|0|0|1|1|1|0|0|0|46.35724|48.05109300000004|0
venue_6a12cb9389b93cb9350bfba2|turbaza-sputnik-ul-zolotaya-1-s-efremkino-shirinskii-raion-hakasiya-6a12cb9389b93cb9350bfba2|Турбаза «Спутник», ул. Золотая 1, с. Ефремкино, Ширинский район, Хакасия|THEATER|ачинск|Ачинск|0|0|0|1|1|1|1|0|0|1|54.45233407483228|89.44055595896096|72
venue_6a589c82c05833578a137f66|бабаевскии-центр-культурного-развития-6a589c82c05833578a137f66|Бабаевский центр культурного развития|THEATER|бабаево|Бабаево|1|1|0|0|1|1|1|0|0|0|59.387036794414044|35.94632148742676|0
venue_6a27bc390563a75a17d67395|gkdc-6a27bc390563a75a17d67395|ГКДЦ|THEATER|батаиск|Батайск|1|1|0|1|1|1|1|0|0|1|47.13855239999999|39.7460002|0
venue_6934672d15fc5f24ee7bc9db|dvorec-kultury-im-chkalova-6934672d15fc5f24ee7bc9db|Дворец культуры им. Чкалова|THEATER|белая-калитва|Белая-Калитва|0|0|0|1|1|1|1|0|0|1|48.1780388|40.8039904|0
venue_59f76e73515e3500197d00f3|дк-энергомаш-59f76e73515e3500197d00f3|ДК "Энергомаш"|THEATER|белгород|Белгород|1|1|0|0|1|1|1|0|0|0|50.6104162|36.5833897|0
venue_69d4e7b81df086de54228f3f|спот-69d4e7b81df086de54228f3f|СПОТ|THEATER|благовещенск-амурская-область|Благовещенск (Амурская область)|1|1|0|0|1|1|1|0|0|0|50.2810825|127.5543292|16
venue_6a4fca7cc07d1c13160c07b7|центр-развития-культуры-6a4fca7cc07d1c13160c07b7|Центр развития культуры|THEATER|благовещенск-башкортостан|Благовещенск (Башкортостан)|1|1|0|0|1|1|1|0|0|0|55.0467853|55.9589751|0
venue_5e5358d6e7140ae54fdc2984|гаук-брянская-областная-филармония-5e5358d6e7140ae54fdc2984|ГАУК «Брянская областная филармония»|THEATER|брянск|Брянск|1|1|0|0|1|1|1|0|0|0|53.240672|34.373805|0
venue_6a5b879e9c22b589d71ff8ec|рдк-октябрь-6a5b879e9c22b589d71ff8ec|РДК "Октябрь"|THEATER|бутурлиновка|Бутурлиновка|1|1|0|0|1|1|1|0|0|0|50.8344005|40.5807376|0
venue_6a2fab1a590d0a49c6c7b6d4|zooteatr-koshek-v-trk-sedanka-siti-6a2fab1a590d0a49c6c7b6d4|Зоотеатр кошек в ТРК "Седанка Сити"|THEATER|владивосток|Владивосток|0|0|1|1|1|1|1|0|0|1|43.1332484|131.9112975|266
venue_611cbeaad70d1f6ac7f0ca85|art-haii-611cbeaad70d1f6ac7f0ca85|Art HaII|THEATER|владимир|Владимир|1|1|0|0|1|1|1|0|0|0|56.15130199999999|40.4316071|0
venue_62512bac13a79ae07b071505|волгоградская-филармония-62512bac13a79ae07b071505|Волгоградская филармония|THEATER|волгоград|Волгоград|1|1|0|0|1|1|1|0|0|0|48.7247425|44.5369869|0
venue_639c16a95c503b2ad8047ea8|театр-царицынская-опера-639c16a95c503b2ad8047ea8|Театр "Царицынская опера"|THEATER|волгоград|Волгоград|1|1|0|0|1|1|1|0|0|0|48.7665651|44.560105|0
venue_6a12c40b2db3c1c97eb3fd3b|turbaza-sputnik-ul-zolotaya-1-s-efremkino-shirinskii-raion-hakasiya-6a12c40b2db3c1c97eb3fd3b|Турбаза «Спутник», ул. Золотая 1, с. Ефремкино, Ширинский район, Хакасия|THEATER|волгоград|Волгоград|0|0|0|1|1|1|1|0|0|1|54.45233601373574|89.44055679260063|72
venue_58823d0e515e350017c26a86|центральныи-концертныи-зал-городскои-филармонии-58823d0e515e350017c26a86|Центральный концертный зал городской филармонии|THEATER|волгоград|Волгоград|1|1|0|0|1|1|1|0|0|0|48.700745|44.51919799999996|0
venue_5a941b24519f7b0018f7452f|дворец-культуры-им-курчатова-5a941b24519f7b0018f7452f|Дворец Культуры им. Курчатова|THEATER|волгодонск|Волгодонск|1|1|0|0|1|1|1|0|0|0|47.5200226|42.20755099999997|0
venue_62f6a361ef62743d52aa51e3|дк-подшипникового-завода-62f6a361ef62743d52aa51e3|ДК Подшипникового завода|THEATER|вологда|Вологда|1|1|0|0|1|1|1|0|0|0|59.20373739999999|39.8388512|0
venue_6662b12a80e6692e3ca62dfa|eventuki-6662b12a80e6692e3ca62dfa|Eventuki|THEATER|воронеж|Воронеж|1|1|0|1|1|1|1|0|0|1|51.665078|39.19914|0
ven_ms_1e8699b73b4fe1fe|voronezh-kamernyy-teatr|Воронежский Камерный театр|THEATER|воронеж|Воронеж|0|0|0|1|1|1|1|0|0|1|51.664431|39.203812|0
venue_56f765549cb5383752b972f1|voronezhskii-koncertnyi-zal-56f765549cb5383752b972f1|Воронежский Концертный зал|THEATER|воронеж|Воронеж|1|1|0|1|1|1|1|0|0|1|51.6659977|39.212307399999986|0
venue_57a080ef9cb5385b5bed1b65|voronezhskii-gosudarstvennyi-teatr-opery-i-baleta-57a080ef9cb5385b5bed1b65|Воронежский государственный театр оперы и балета|THEATER|воронеж|Воронеж|0|0|0|1|1|1|1|0|0|1|51.661642|39.19864699999994|0
venue_56c57ef89cb5383961f20bd5|дом-актера-56c57ef89cb5383961f20bd5|Дом актера|THEATER|воронеж|Воронеж|1|1|0|0|1|1|1|0|0|0|51.66034707068863|39.20435575034071|0
venue_57fcec429cb5387639918211|парнас-57fcec429cb5387639918211|ПАРНАС|THEATER|воронеж|Воронеж|1|1|0|0|1|1|1|0|0|0|51.670173063469406|39.19684797405617|0
ven_ms_02baff0525fadf41|voronezh-teatr-dramy-koltsova|Театр драмы им. А. Кольцова|THEATER|воронеж|Воронеж|0|0|0|1|1|1|1|0|0|1|51.665912|39.204512|0
ven_ms_7cc0db77f57f25aa|voronezh-teatr-kukol-shut|Театр кукол «Шут»|THEATER|воронеж|Воронеж|0|0|0|1|1|1|1|0|0|1|51.666321|39.205791|0
venue_6a12c08ae7c0cf3295d2feae|turbaza-sputnik-ul-zolotaya-1-s-efremkino-shirinskii-raion-hakasiya-6a12c08ae7c0cf3295d2feae|Турбаза «Спутник», ул. Золотая 1, с. Ефремкино, Ширинский район, Хакасия|THEATER|воронеж|Воронеж|0|0|0|1|1|1|1|0|0|1|54.45233277070561|89.44055756709638|72
venue_6a26d0a2668e244222f7f72c|дом-культуры-6a26d0a2668e244222f7f72c|Дом Культуры|THEATER|вырица|Вырица|1|1|0|0|1|1|1|0|0|0|59.4136754|30.3485124|0
venue_68b8331cb0b28a9dc8b56672|мбу-центр-творчества-юных-68b8331cb0b28a9dc8b56672|МБУ центр творчества юных|THEATER|гатчина|Гатчина|1|1|0|0|1|1|1|0|0|0|59.56569622688101|30.121464729309082|0
venue_63800805ef2c5e53f7b32c04|metropol-гранд-отель-геленджик-63800805ef2c5e53f7b32c04|METROPOL Гранд Отель Геленджик|THEATER|геленджик|Геленджик|0|0|0|0|1|1|1|0|0|0|44.550784354565515|38.05446267127991|0
venue_6617e4b1a5fa0b03d0dc29f6|gelendzhik-arena-6617e4b1a5fa0b03d0dc29f6|Геленджик Арена|THEATER|геленджик|Геленджик|1|1|0|1|1|1|1|0|0|1|44.5933769|38.0450533|0
venue_642581ccc3b61b5b0a0261d6|ломоносовскии-раионныи-дворец-культуры-горбунки-642581ccc3b61b5b0a0261d6|Ломоносовский районный Дворец культуры "Горбунки"|THEATER|горбунки|Горбунки|1|1|0|0|1|1|1|0|0|0|59.8147403|29.9759405|0
venue_5c8a5ac2f41ea8000bb2151f|национальныи-драматическии-театр-5c8a5ac2f41ea8000bb2151f|Национальный драматический театр|THEATER|горно-алтаиск|Горно-Алтайск|1|1|0|0|1|1|1|0|0|0|51.9594643|85.96146780000004|0
venue_673b81383c5a6eea32bac420|дк-перекресток-673b81383c5a6eea32bac420|ДК "Перекресток"|THEATER|горячии-ключ|Горячий Ключ|1|1|0|0|1|1|1|0|0|0|44.6350127|39.1330242|0
venue_5a7d54e0519f7b001ddd04e3|centr-kultury-5a7d54e0519f7b001ddd04e3|Центр Культуры|THEATER|грязи|Грязи|1|1|0|0|1|1|1|0|0|1|52.4977992045398|39.95709350332618|0
venue_6a564a0550bc8f40a290f5bc|цкр-6a564a0550bc8f40a290f5bc|ЦКР|THEATER|данилов|Данилов|1|1|0|0|1|1|1|0|0|0|58.191635|40.1613172|0
venue_6a903f203a5412db404799cf|джалильскии-дворец-культуры-6a903f203a5412db404799cf|Джалильский Дворец Культуры|THEATER|джалиль|Джалиль|1|1|0|0|1|1|1|0|0|0|55.025576|52.73356649999999|0
venue_6a230de04e519b54a60da9cf|mauk-kulturno-dosugovoe-obedinenie-6a230de04e519b54a60da9cf|МАУК «Культурно-досуговое объединение»|THEATER|динская|Динская|0|0|0|1|1|1|1|0|0|1|45.2124272420816|39.23035383224487|0
venue_5a803526515e350019ce1973|дк-вперед-5a803526515e350019ce1973|ДК "Вперёд"|THEATER|долгопрудныи|Долгопрудный|1|1|0|0|1|1|1|0|0|0|55.93386899999999|37.51437699999997|0
venue_6a0db12d20bf3d0ad753e3e3|гдк-шахтер-6a0db12d20bf3d0ad753e3e3|ГДК Шахтер|THEATER|донецк-ростовская-область|Донецк (Ростовская область)|1|1|0|0|1|1|1|0|0|0|48.337753|39.94442|0
venue_5a66f563515e35001ecb7241|dom-aktera-5a66f563515e35001ecb7241|Дом Актера|THEATER|екатеринбург|Екатеринбург|1|1|1|1|1|1|1|0|0|1|56.83864999999999|60.59794599999998|168
venue_692c99803def5ae95738108d|dom-kultury-692c99803def5ae95738108d|Дом Культуры|THEATER|екатеринбург|Екатеринбург|1|1|1|1|1|1|1|0|0|1|56.8271636|60.6327029|451
venue_6a89677d347f4818f365b03b|квартира-149-6a89677d347f4818f365b03b|Квартира 149|THEATER|екатеринбург|Екатеринбург|1|1|0|0|1|1|1|0|0|0|56.843911315588166|60.57358145713806|0
ven_ms_f24ddceed58636ce|ekaterinburg-kolyada-teatr|Коляда-Театр|THEATER|екатеринбург|Екатеринбург|0|0|0|1|1|1|1|0|0|1|56.8428|60.6231|0
venue_6a4f74250ec81f2d63339019|креативныи-кластер-у-макаровского-6a4f74250ec81f2d63339019|Креативный кластер у Макаровского|THEATER|екатеринбург|Екатеринбург|0|0|0|0|1|1|1|0|0|0|56.8498768|60.5939159|0
venue_667051929f5714dbc8d02e97|летнии-театр-в-парке-маяковского-667051929f5714dbc8d02e97|Летний театр в парке Маяковского|THEATER|екатеринбург|Екатеринбург|1|1|0|0|1|1|1|0|0|0|56.8139352|60.6399091|0
ven_ms_8a242eb55c3243d8|ekaterinburg-oktyabrskaya-ploschad|Октябрьская площадь и Драмтеатр|THEATER|екатеринбург|Екатеринбург|0|0|0|1|1|1|1|0|0|1|56.843699|60.593248|0
venue_676072d402963b89bf29f084|otel-centralnyi-676072d402963b89bf29f084|Отель "Центральный"|THEATER|екатеринбург|Екатеринбург|1|1|0|1|1|1|1|0|0|1|56.8350447|60.6131609|0
venue_674981d661673b5e1e4ef1e9|ресторан-высота-5642-674981d661673b5e1e4ef1e9|Ресторан «Высота 5642»|THEATER|екатеринбург|Екатеринбург|1|1|0|0|1|1|1|0|0|0|56.834679|60.6019676|0
venue_6a3edd5abf8849ff62491bc3|ресторан-ле-бург-6a3edd5abf8849ff62491bc3|Ресторан Ле Бург|THEATER|екатеринбург|Екатеринбург|1|1|0|0|1|1|0|0|0|0|||0
venue_6310c0bec17718ee6ab34061|sinara-centr-6310c0bec17718ee6ab34061|Синара Центр|THEATER|екатеринбург|Екатеринбург|1|1|0|1|1|1|1|0|0|1|56.837409190851695|60.57593107223511|0
venue_68590c27be006ec312dbe79f|тц-комсомол-джои-паб-68590c27be006ec312dbe79f|ТЦ Комсомол, Джой Паб|THEATER|екатеринбург|Екатеринбург|1|1|1|0|1|1|1|0|0|0|56.7832642|60.7774245|170
venue_6a12a174fcb5ffb7d2026d8f|turbaza-sputnik-ul-zolotaya-1-s-efremkino-shirinskii-raion-hakasiya-6a12a174fcb5ffb7d2026d8f|Турбаза «Спутник», ул. Золотая 1, с. Ефремкино, Ширинский район, Хакасия|THEATER|екатеринбург|Екатеринбург|0|0|0|1|1|1|1|0|0|1|54.4523125|89.4405625|72
ven_ms_3a080a1f4c4fbfb5|ekaterinburg-ural-opera-balet|Урал Опера Балет|THEATER|екатеринбург|Екатеринбург|0|0|0|1|1|1|1|0|0|1|56.8389|60.6111|0
venue_63d1af7dae7e02255dfdfbd6|fabrika-63d1af7dae7e02255dfdfbd6|Фабрика|THEATER|екатеринбург|Екатеринбург|0|0|0|1|1|1|1|0|0|1|56.83166370000001|60.5884428|0
venue_6a9efccf2623afd03bc55258|дворец-культуры-прогресс-6a9efccf2623afd03bc55258|Дворец культуры "Прогресс"|THEATER|запрудня|Запрудня|1|1|0|0|1|1|1|0|0|0|56.56045289999999|37.4352308|0
venue_5bae92fbc6488d000b7d12a2|ивановская-государственная-филармония-5bae92fbc6488d000b7d12a2|Ивановская Государственная Филармония|THEATER|иваново|Иваново|1|1|0|0|1|1|1|0|0|0|56.994775|40.97623399999998|0
ven_ms_9d5f9542417af55b|ivanovo-ivanovskiy-oblastnoy-dramaticheskiy-teatr|Ивановский областной драматический театр|THEATER|иваново|Иваново|0|0|1|1|1|1|1|1|1|1|56.999124|40.973611|465
venue_5a413664d352860017ba513b|дк-аксион-5a413664d352860017ba513b|ДК "Аксион"|THEATER|ижевск|Ижевск|1|1|0|0|1|1|1|0|0|0|56.85050099999999|53.19973490000007|0
venue_648322177f5c92f1701f2829|артспеис-648322177f5c92f1701f2829|Артспейс|THEATER|иннополис|Иннополис|0|0|0|0|1|1|1|0|0|0|55.7448765|48.74873100000001|12
ven_ms_046a9fedfb173b0c|yoshkar-ola-respublikanskiy-teatr-kukol|Республиканский театр кукол|THEATER|иошкар-ола|Йошкар-Ола|0|0|1|1|1|1|1|1|1|1|56.639124|47.904125|363
venue_6a8c73de6227bfedc910f450|кадуискии-центр-культурного-развития-6a8c73de6227bfedc910f450|Кадуйский Центр культурного развития|THEATER|кадуи|Кадуй|1|1|0|0|1|1|1|0|0|0|59.2084596|37.1045393|0
venue_686ff72f71e48d4dc7164cc9|1th-gallery-kitchen-686ff72f71e48d4dc7164cc9|1th Gallery Kitchen|THEATER|казань|Казань|1|1|0|0|1|1|1|0|0|0|55.8169646|49.1144517|8
venue_5c87e081655f8e000cab65c2|rockstar-bar-5c87e081655f8e000cab65c2|RockStar Bar|THEATER|казань|Казань|0|0|0|0|1|1|1|0|0|0|55.79269309999999|49.12417049999999|0
venue_68f7d5a180c29bdd2a61eee7|брассерия-левен-68f7d5a180c29bdd2a61eee7|Брассерия Левен|THEATER|казань|Казань|1|1|0|0|1|1|1|0|0|0|55.7876943|49.1220856|0
venue_6a05ad98d7686d7b9cea56b4|историка-6a05ad98d7686d7b9cea56b4|Историка|THEATER|казань|Казань|1|1|0|0|1|1|1|0|0|0|55.799864|49.121961|0
venue_6a105c81dc44371fea217837|космос-6a105c81dc44371fea217837|Космос|THEATER|казань|Казань|0|0|0|0|1|1|1|0|0|0|55.78725619999999|49.1425154|0
venue_691e59c22a6b49638715e7f6|ресторан-некрасов-691e59c22a6b49638715e7f6|Ресторан Некрасов|THEATER|казань|Казань|0|0|0|0|1|1|1|0|0|0|55.788567019316346|49.12792235612869|0
venue_56e0489e9cb538743975f69b|татарская-государственная-филармония-имени-габдуллы-тукая-56e0489e9cb538743975f69b|Татарская государственная филармония имени Габдуллы Тукая|THEATER|казань|Казань|1|1|0|0|1|1|1|0|0|0|55.772704|49.14146600000004|0
ven_ms_5000aabbaa4f82da|kazan-teatr-kamala|Театр имени Камала|THEATER|казань|Казань|0|0|0|1|1|1|1|0|0|1|55.783911|49.118112|0
ven_ms_36f1cea933e68ec9|kazan-teatr-opery-i-baleta|Театр оперы и балета|THEATER|казань|Казань|0|0|0|1|1|1|1|0|0|1|55.796812|49.126111|0
venue_6a12a5bcc3c78f565fb14e28|turbaza-sputnik-ul-zolotaya-1-s-efremkino-shirinskii-raion-hakasiya-6a12a5bcc3c78f565fb14e28|Турбаза «Спутник», ул. Золотая 1, с. Ефремкино, Ширинский район, Хакасия|THEATER|казань|Казань|0|0|0|1|1|1|1|0|0|1|54.45232164118081|89.44057066859658|72
venue_5d65dc4a5aa60a87c87af89c|фабрика-алафузова-5d65dc4a5aa60a87c87af89c|Фабрика Алафузова|THEATER|казань|Казань|1|1|0|0|1|1|1|0|0|0|55.8108689|49.066174899999965|0
venue_6a2da279c0532357d5236eff|bagrationa-49-6a2da279c0532357d5236eff|Багратиона 49|THEATER|калининград|Калининград|0|0|1|1|1|1|1|0|0|1|54.69892400000001|20.5095395|243
venue_6a1443b3eb9f44c96d3c6ecb|история-в-тарелке-6a1443b3eb9f44c96d3c6ecb|История в тарелке|THEATER|калининград|Калининград|1|1|0|0|1|1|1|0|0|0|54.717738|20.533361|29
venue_5e394c1acbde02a17748cd1a|teatr-nikolaya-zaharova-5e394c1acbde02a17748cd1a|Театр Николая Захарова|THEATER|калининград|Калининград|1|1|0|1|1|1|1|0|0|1|54.716321|20.444409|0
venue_6a63589d6dfec6a6d1a7e0b4|театр-николая-захарова-в-светлогорске-6a63589d6dfec6a6d1a7e0b4|Театр Николая Захарова в Светлогорске|THEATER|калининград|Калининград|0|0|1|0|1|1|1|0|0|0|54.9438385|20.1468381|162
ven_ms_5c9dddd24492f77e|kaluga-kaluzhskiy-oblastnoy-dramaticheskiy-teatr|Калужский областной драматический театр|THEATER|калуга|Калуга|0|0|1|1|1|1|1|1|1|1|54.513889|36.259444|446
ven_ms_409bc660da7f5093|kaluga-ulitsa-teatral-naya-kaluzhskiy-arbat|Улица Театральная (Калужский Арбат)|THEATER|калуга|Калуга|0|0|1|1|1|1|1|1|1|1|54.512542|36.258542|415
venue_694cfb7c7268a3bf50232528|дворец-культуры-имени-гагарина-694cfb7c7268a3bf50232528|Дворец культуры имени Гагарина|THEATER|каменск-шахтинскии|Каменск-Шахтинский|1|1|0|0|1|1|1|0|0|0|48.3195655|40.2676093|0
venue_6a5b3f979f4578731156adcb|молодежныи-культурныи-центр-6a5b3f979f4578731156adcb|Молодёжный Культурный Центр|THEATER|киров-калужская-область|Киров (Калужская область)|1|1|0|0|1|1|1|0|0|0|54.0782335|34.3089834|0
venue_592a0249515e350015b15cf0|дк-родина-592a0249515e350015b15cf0|ДК Родина|THEATER|киров-кировская-область|Киров (Кировская область)|1|1|0|0|1|1|1|0|0|0|58.62781200000001|49.64013799999998|0
venue_58b921b8d352860019517642|рц-янтарь-58b921b8d352860019517642|РЦ "Янтарь"|THEATER|кирово-чепецк|Кирово-Чепецк|1|1|0|0|1|1|1|0|0|0|58.54091621863821|50.02723217010498|0
venue_5c49d0966daeca000c95dcc3|дворец-культуры-5c49d0966daeca000c95dcc3|Дворец Культуры|THEATER|кировск-ленинградская-область|Кировск (Ленинградская область)|1|1|0|0|1|1|1|0|0|0|59.875193|30.982834000000025|0
venue_5b6acd3613749d0021cc7142|цкид-современник-5b6acd3613749d0021cc7142|ЦКиД "Современник"|THEATER|клинцы|Клинцы|1|1|0|0|1|1|1|0|0|0|52.7520355|32.23428739999997|0
venue_59be5406519f7b00198f4861|дкио-им-в-а-дегтярева-59be5406519f7b00198f4861|ДКИО им В.А. Дегтярева|THEATER|ковров|Ковров|1|1|0|0|1|1|1|0|0|0|56.36408059999999|41.32057299999997|0
venue_5dd7d4b73fd51c2665e957ee|dk-teplovozostroitel-5dd7d4b73fd51c2665e957ee|ДК Тепловозостроитель|THEATER|коломна|Коломна|1|1|0|1|1|1|1|0|0|1|55.088921|38.783778900000016|0
venue_67b1d927509e458ba2c1ad8c|дк-им-воровского-67b1d927509e458ba2c1ad8c|ДК им. Воровского|THEATER|конаково|Конаково|1|1|0|0|1|1|1|0|0|0|56.7051336|36.7662656|0
venue_69257ac972dfcaab139895fa|kondrovskii-gorodskoi-kulturno-dosugovyi-centr-69257ac972dfcaab139895fa|Кондровский городской культурно-досуговый центр|THEATER|кондрово|Кондрово|1|1|0|1|1|1|1|0|0|1|54.791379452221044|35.91826021671295|0
venue_5d6f84781ec03970293c1a73|дом-музыки-павла-герштеина-5d6f84781ec03970293c1a73|Дом музыки Павла Герштейна|THEATER|кострома|Кострома|1|1|0|0|1|1|1|0|0|0|57.764036|40.968929|0
venue_63cfdfa1714f96063f7b3eb2|veritas-63cfdfa1714f96063f7b3eb2|Veritas|THEATER|краснодар|Краснодар|1|1|1|1|1|1|1|0|0|1|45.02866794598589|38.9741076529026|392
ven_ms_36abeb1dab16c5cd|krasnodar-muzykalnyy-teatr-premiera|Музыкальный театр «Премьера»|THEATER|краснодар|Краснодар|0|0|0|1|1|1|1|0|0|1|45.022511|38.971112|0
venue_693fede6b3596547ce55e0c3|театр-тмин-693fede6b3596547ce55e0c3|Театр ТМИН|THEATER|краснодар|Краснодар|1|1|0|0|1|1|1|0|0|0|45.025758|38.9762332|30
ven_ms_259a27aaa5e2621f|krasnodar-teatr-dramy-gorkogo|Театр драмы им. Горького|THEATER|краснодар|Краснодар|0|0|0|1|1|1|1|0|0|1|45.037211|38.973311|0
venue_65fc6894a666b90d1d10636f|театр-школа-артист-65fc6894a666b90d1d10636f|Театр-школа "Артист"|THEATER|краснодар|Краснодар|1|1|0|0|1|1|1|0|0|0|45.06275189999999|38.9805079|0
venue_6a12b9225a7d68136e4f425e|turbaza-sputnik-ul-zolotaya-1-s-efremkino-shirinskii-raion-hakasiya-6a12b9225a7d68136e4f425e|Турбаза «Спутник», ул. Золотая 1, с. Ефремкино, Ширинский район, Хакасия|THEATER|краснодар|Краснодар|0|0|0|1|1|1|1|0|0|1|54.45234745217411|89.44055115686328|72
venue_66d940c8d1a309c76c49e14f|дрц-счастливы-с-детства-66d940c8d1a309c76c49e14f|ДРЦ "Счастливы с детства"|THEATER|красноярск|Красноярск|0|0|0|0|1|1|1|0|0|0|56.04533110000001|92.8823001|0
venue_640c2b990947b8b659cd62ae|дом-актера-640c2b990947b8b659cd62ae|Дом актёра|THEATER|красноярск|Красноярск|1|1|0|0|1|1|1|0|0|0|56.0088425|92.875332|0
venue_6a97ae84de46aeeae209493e|драм-театр-им-а-с-пушкина-малыи-зал-6a97ae84de46aeeae209493e|Драм театр им. А.С. Пушкина малый зал|THEATER|красноярск|Красноярск|0|0|0|0|1|1|1|0|0|0|56.011524151007315|92.86556482315063|0
ven_ms_877a79a203035bc0|krasnoyarsk-dramteatr-pushkina|Драмтеатр им. Пушкина|THEATER|красноярск|Красноярск|0|0|0|1|1|1|1|0|0|1|56.012511|92.862112|0
venue_6a3bbc3bb2f1693e010ce25b|krasnoyarskii-tyuz-6a3bbc3bb2f1693e010ce25b|Красноярский ТЮЗ|THEATER|красноярск|Красноярск|0|0|1|1|1|1|1|0|0|1|55.9969589907449|92.92838215827942|252
ven_ms_c796c0f48aaddc1b|krasnoyarsk-muzykalnyy-teatr|Музыкальный театр|THEATER|красноярск|Красноярск|0|0|0|1|1|1|1|0|0|1|56.011122|92.839711|0
venue_5bf12aad6d1c3b000b34a1e1|правобережныи-городскои-дворец-культуры-5bf12aad6d1c3b000b34a1e1|Правобережный Городской Дворец культуры|THEATER|красноярск|Красноярск|1|1|0|0|1|1|1|0|0|0|56.01411299999999|92.96169399999997|0
venue_625045a5d9d06872f74c075b|сибирскии-государственныи-институт-искусств-625045a5d9d06872f74c075b|Сибирский Государственный Институт Искусств|THEATER|красноярск|Красноярск|1|1|0|0|1|1|1|0|0|0|56.01562|92.889562|0
venue_6a12845641dcfaf57b50e724|turbaza-sputnik-ul-zolotaya-1-s-efremkino-shirinskii-raion-hakasiya-6a12845641dcfaf57b50e724|Турбаза «Спутник», ул. Золотая 1, с. Ефремкино, Ширинский район, Хакасия|THEATER|красноярск|Красноярск|0|0|0|1|1|1|1|0|0|1|54.451612484769925|89.44155218783415|72
venue_613ef6881cfa24db6a836395|dvorec-kultury-613ef6881cfa24db6a836395|Дворец Культуры|THEATER|красныи-сулин|Красный Сулин|0|0|0|1|1|1|1|0|0|1|47.8933257|40.0641501|0
venue_5908ebdf515e350016713a2d|концертныи-зал-мегагринн-5908ebdf515e350016713a2d|Концертный зал МегаГРИНН|THEATER|курск|Курск|1|1|0|0|1|1|1|0|0|0|51.76173110296533|36.18475914001465|0
venue_5a856cc4d35286001bb216cb|centr-molodezhi-lider-5a856cc4d35286001bb216cb|Центр молодежи "Лидер"|THEATER|ливны|Ливны|0|0|0|1|1|1|1|0|0|1|52.42572389999999|37.60521589999996|0
ven_ms_6523cf36e30afd20|lipeck-akademicheskiy-teatr-dramy-im-l-n-tolstogo|Академический театр драмы им. Л. Н. Толстого|THEATER|липецк|Липецк|0|0|1|1|1|1|1|1|1|1|52.605556|39.593142|380
venue_68dab1a4a93d68e6a702ecfb|городскои-дом-культуры-68dab1a4a93d68e6a702ecfb|Городской Дом Культуры|THEATER|луга|Луга|1|1|0|0|1|1|1|0|0|0|58.73442129999999|29.8476159|0
venue_5a702014519f7b001d3da0d4|раионныи-дворец-культуры-5a702014519f7b001d3da0d4|Районный Дворец Культуры|THEATER|лысково|Лысково|1|1|0|0|1|1|1|0|0|0|56.0215896|45.040404699999954|0
venue_58cfd157d352860017f33211|дворец-культуры-металлургов-им-с-орджоникидзе-58cfd157d352860017f33211|Дворец культуры металлургов им. С.Орджоникидзе|THEATER|магнитогорск|Магнитогорск|1|1|0|0|1|1|1|0|0|0|53.4181268|59.00316350000003|0
venue_641963e46fa8f7fd04ca5e33|государственная-филармония-республики-адыгея-641963e46fa8f7fd04ca5e33|Государственная филармония республики Адыгея|THEATER|маикоп|Майкоп|1|1|0|0|1|1|1|0|0|0|44.6090395|40.0993247|0
venue_6ab230586e3e0971661e5a52|цирк-арт-алле-6ab230586e3e0971661e5a52|Цирк «Арт-Алле»|THEATER|маркс|Маркс|1|1|0|0|1|1|1|0|0|0|51.71158312621257|46.743845832890514|0
venue_6a12cdb0b4a486720d270e2b|turbaza-sputnik-ul-zolotaya-1-s-efremkino-shirinskii-raion-hakasiya-6a12cdb0b4a486720d270e2b|Турбаза «Спутник», ул. Золотая 1, с. Ефремкино, Ширинский район, Хакасия|THEATER|минусинск|Минусинск|0|0|0|1|1|1|1|0|0|1|54.452327930678585|89.44055039911142|72
venue_641178df502d80d824f6c9d5|мичуринскии-драматическии-театр-641178df502d80d824f6c9d5|Мичуринский Драматический Театр|THEATER|мичуринск|Мичуринск|1|1|0|0|1|1|1|0|0|0|52.8936503|40.5097957|0
venue_6459f1f7f16ff43b1fc2a32c|kaif-provenance-6459f1f7f16ff43b1fc2a32c|Kaif Provenance|THEATER|москва|Москва|0|0|0|0|1|1|1|0|0|0|55.7622000929733|37.61348068714142|0
venue_6a99880412f342d2be5afdfd|metropol-6a99880412f342d2be5afdfd|Metropol|THEATER|moskva|Москва|1|1|0|0|1|1|1|0|0|0|55.7584143|37.6217327|11
venue_6185aad0d6974dce824e9e95|off-teatr-6185aad0d6974dce824e9e95|OFF-театр|THEATER|moskva|Москва|1|1|0|0|1|1|1|0|0|1|55.771055|37.6300339|0
venue_6a6741082c9c48ed6475fd4a|okovoice-event-hall-6a6741082c9c48ed6475fd4a|Okovoice Event Hall|THEATER|москва|Москва|0|0|0|0|1|1|1|0|0|0|55.7501868|37.5344604|0
venue_6260483b8c93398a4817cd89|treff8-6260483b8c93398a4817cd89|TREFF8|THEATER|moskva|Москва|1|1|1|1|1|1|1|0|0|1|55.762595|37.66099|168
venue_62a39cb7006bc87daf35d070|treff8-62a39cb7006bc87daf35d070|TREFF8|THEATER|москва|Москва|0|0|1|1|1|1|1|0|0|1|55.76263323996778|37.661516878998725|2244
venue_6a1961d267ab06e77f28ba77|bar-vospominanii-6a1961d267ab06e77f28ba77|«Бар Воспоминаний»|THEATER|moskva|Москва|1|1|0|1|1|1|1|0|0|1|55.7585189|37.634047|0
venue_6991fa34edf376ca1c3cd2a8|арт-театр-на-ленинском-6991fa34edf376ca1c3cd2a8|Арт театр на Ленинском|THEATER|moskva|Москва|1|1|0|0|1|1|1|0|0|0|55.7083694|37.5873095|0
venue_69cbbe8a5e6072d3c52d3e24|art-prostranstvo-siyanie-69cbbe8a5e6072d3c52d3e24|Арт-пространство "Сияние"|THEATER|moskva|Москва|1|1|0|1|1|1|1|0|0|1|55.7875331|37.6181075|78
venue_6a4a4f4336be8a36f2dc4999|бар-камин-6a4a4f4336be8a36f2dc4999|Бар "Камин"|THEATER|москва|Москва|0|0|0|0|1|1|1|0|0|0|55.773024|37.6288397|0
ven_ms_f4d809270f7d8495|moscow-bol-shoy-teatr|Большой театр|THEATER|moskva|Москва|0|0|1|1|1|1|1|1|1|1|55.759495|37.618698|320
venue_6a53c3824c5b0bccecf9672b|брюсов-холл-ордынка-6a53c3824c5b0bccecf9672b|Брюсов холл Ордынка|THEATER|moskva|Москва|1|1|0|0|1|1|1|0|0|0|55.7352172|37.6245717|0
venue_63fdf3efb5e5efc7f84eec4f|vechernyaya-moskva-63fdf3efb5e5efc7f84eec4f|Вечерняя Москва|THEATER|moskva|Москва|1|1|1|1|1|1|1|0|0|1|55.756900065732346|37.62024165308332|131
venue_5c6807ccdc7f87000b23df98|галерея-искусств-зураба-церетели-5c6807ccdc7f87000b23df98|Галерея Искусств Зураба Церетели|THEATER|moskva|Москва|1|1|0|0|1|1|1|0|0|0|55.74100000000001|37.59348499999999|0
venue_6903c89d4af74b764ae4ca01|gastro-teatr-nablyudatel-6903c89d4af74b764ae4ca01|Гастро-театр "Наблюдатель"|THEATER|moskva|Москва|0|0|1|1|1|1|1|0|0|1|55.7195263|37.6115487|196
venue_6abd50598fee959663ba3057|гранд-лобби-бар-шаляпин-отель-метрополь-6abd50598fee959663ba3057|Гранд-лобби & бар «Шаляпин», отель «Метрополь»|THEATER|moskva|Москва|1|1|0|0|1|1|1|0|0|0|55.7584143|37.6217327|0
venue_55539abc9cb538037b9bea90|dizain-zavod-55539abc9cb538037b9bea90|ДИЗАЙН ЗАВОД|THEATER|москва|Москва|0|0|0|1|1|1|1|0|0|1|55.805232|37.58531500000004|0
venue_63d6caecec96e71c94d5635f|дк-гаидаровец-63d6caecec96e71c94d5635f|ДК "Гайдаровец"|THEATER|moskva|Москва|1|1|0|0|1|1|1|0|0|0|55.759138|37.658876|31
venue_5a159b08d35286001a228685|dk-rgsu-5a159b08d35286001a228685|ДК РГСУ|THEATER|moskva|Москва|1|1|0|1|1|1|1|0|0|1|55.7930098|37.69480090000002|0
venue_55b5fbcf9cb53808ade7d58c|dk-im-zueva-55b5fbcf9cb53808ade7d58c|ДК им. Зуева|THEATER|moskva|Москва|1|1|0|1|1|1|1|0|0|1|55.778935|37.59040490000007|0
venue_6a81f95049e7c2b12f156dbb|дача-булата-окуджава-в-переделкино-летняя-сцена-6a81f95049e7c2b12f156dbb|Дача Булата Окуджава в Переделкино. Летняя сцена|THEATER|moskva|Москва|1|1|0|0|1|1|1|0|0|0|55.6503037|37.31707919999999|52
venue_665e10aba4e410f12e884de9|дача-в-переделкино-665e10aba4e410f12e884de9|Дача в Переделкино|THEATER|москва|Москва|0|0|0|0|1|1|1|0|0|0|55.65030568475893|37.322613368159445|0
venue_6a78cc5640d2e7eea4c0ed55|дворец-культуры-и-спорта-тамань-6a78cc5640d2e7eea4c0ed55|Дворец культуры и спорта Тамань|THEATER|москва|Москва|0|0|0|0|1|1|1|0|0|0|55.56509776042213|36.9935043173547|0
venue_5d41cab14fe2e9b6c8882946|dvorec-na-yauze-5d41cab14fe2e9b6c8882946|Дворец на Яузе|THEATER|moskva|Москва|1|1|0|1|1|1|1|0|0|1|55.784023|37.70481300000006|20
venue_5d3970f750e2113782de37bf|дом-культуры-faktura-1913-5d3970f750e2113782de37bf|Дом Культуры FAKTURA#1913|THEATER|moskva|Москва|1|1|0|0|1|1|1|0|0|0|55.75760842141469|37.63302996754646|0
venue_5ba27291a4b8e4001e64218a|дом-фламенко-фламенкерия-5ba27291a4b8e4001e64218a|Дом Фламенко "Фламенкерия"|THEATER|moskva|Москва|1|1|0|0|1|1|1|0|0|0|55.76854831074956|37.67307937145233|0
venue_5cdd67dd3c738d000b2250cd|зеленыи-театр-на-вднх-5cdd67dd3c738d000b2250cd|Зелёный театр на ВДНХ|THEATER|москва|Москва|0|0|0|0|1|1|1|0|0|0|55.831568|37.617538999999965|0
venue_61411b91023505017e076a0e|ирбис-театр-61411b91023505017e076a0e|Ирбис Театр|THEATER|moskva|Москва|1|1|0|0|1|1|1|0|0|0|55.7749651|37.6693455|0
venue_5dcb14a0ea4a22f3664f3b4a|kz-izmailovo-5dcb14a0ea4a22f3664f3b4a|КЗ "Измайлово"|THEATER|moskva|Москва|1|1|0|1|1|1|1|0|0|1|55.7907885|37.74947659999998|0
venue_6752eb88417c76a8dc3ef2ef|kz-izmailovo-malyi-zal-6752eb88417c76a8dc3ef2ef|КЗ Измайлово малый зал|THEATER|москва|Москва|0|0|0|1|1|1|1|0|0|1|55.79072129999999|37.7496807|0
venue_6a4a6900909cfaa39ef9cd77|кц-феникс-6a4a6900909cfaa39ef9cd77|КЦ "Феникс"|THEATER|moskva|Москва|1|1|0|0|1|1|1|0|0|0|55.79224096550531|37.455688340609804|0
venue_5f21724b1317f3cc5d7a60a1|kafe-baloven-5f21724b1317f3cc5d7a60a1|Кафе Баловень|THEATER|moskva|Москва|1|1|0|1|1|1|1|0|0|1|55.730265|37.6324671|8
venue_64ef15d06e6cf2b1b0dd89a4|kino-koncertnyi-zal-pavilon-kazahstan-64ef15d06e6cf2b1b0dd89a4|Кино концертный зал павильон Казахстан|THEATER|москва|Москва|0|0|0|1|1|1|1|0|0|1|55.83015283388741|37.62902546368852|0
venue_656c6bff16ef85c0548ff2df|klub-ivana-smirnova-656c6bff16ef85c0548ff2df|Клуб Ивана Смирнова|THEATER|moskva|Москва|1|1|0|1|1|1|1|0|0|1|55.77744449999999|37.60187579999999|58
venue_5e58244db095e95690051d45|культурныи-центр-дом-5e58244db095e95690051d45|Культурный центр ДОМ|THEATER|moskva|Москва|1|1|0|0|1|1|1|0|0|0|55.744287|37.629838|0
venue_673c6e9531de460985a9e52c|культурныи-центр-на-арбате-673c6e9531de460985a9e52c|Культурный центр на Арбате|THEATER|moskva|Москва|1|1|0|0|1|1|1|0|0|0|55.7514903|37.5979079|0
venue_6aa811fc8cdbd2d51a743120|культурныи-центр-на-грина-6aa811fc8cdbd2d51a743120|Культурный центр на Грина|THEATER|moskva|Москва|1|1|0|0|1|1|1|0|0|0|55.56140442641741|37.58446791529365|0
ven_ms_bb45d941f6951766|moscow-malyy-teatr|Малый театр|THEATER|moskva|Москва|0|0|1|1|1|1|1|0|0|1|55.759247|37.619075|341
venue_5c80b80a8087a6003f10a913|малыи-театр-5c80b80a8087a6003f10a913|Малый театр|THEATER|москва|Москва|0|0|0|0|1|1|1|0|0|0|55.75968599999999|37.620546099999956|0
venue_5849be10515e350016ad83c9|мастерская-на-кулишках-5849be10515e350016ad83c9|Мастерская на Кулишках|THEATER|moskva|Москва|1|1|0|0|1|1|1|0|0|0|55.7564345|37.6352306|35
venue_69d2c0ecfe396bff446ed9b8|место-встречи-котельническая-набережная-1-15-у-входа-в-кинотеатр-иллюзион-69d2c0ecfe396bff446ed9b8|Место встречи: Котельническая набережная 1/15, у входа в кинотеатр «Иллюзион».|THEATER|moskva|Москва|1|1|0|0|1|1|1|0|0|0|55.747971322030075|37.64483571052551|68
venue_6a2ac00110e0f6b672c2125f|монолит-холл-6a2ac00110e0f6b672c2125f|Монолит Холл|THEATER|москва|Москва|0|0|0|0|1|1|1|0|0|0|55.7295847|37.6878861|0
venue_6a99154289cc3f6e48d1b7a9|москва-москва-м-театральная-выход-No10-ведущии-будет-ждать-вас-у-фонтана-витали-6a99154289cc3f6e48d1b7a9|Москва,  Москва, м. Театральная, выход №10, ведущий будет ждать вас у фонтана Витали|THEATER|moskva|Москва|1|1|0|0|1|1|1|0|0|0|55.714878|37.572418|0
venue_6a991876322620794b37378c|москва-м-театральная-встречаемя-у-фонтана-перед-большим-театром-6a991876322620794b37378c|Москва, м. Театральная, встречаемя у фонтана перед Большим Театром|THEATER|moskva|Москва|1|1|0|0|1|1|1|0|0|0|55.714878|37.572418|0
venue_65e9d5f8f6cc4b3ff046efc1|московскии-театр-студия-всеволода-шиловского-65e9d5f8f6cc4b3ff046efc1|Московский Театр-студия Всеволода Шиловского|THEATER|moskva|Москва|1|1|0|0|1|1|1|0|0|0|55.7644849|37.6164916|0
venue_5bed5c9a943f8a000cf4c35f|moskovskii-hudozhestvennyi-teatr-komedii-5bed5c9a943f8a000cf4c35f|Московский художественный театр комедии|THEATER|moskva|Москва|1|1|1|1|1|1|1|0|0|1|55.828922350112556|37.60082334280014|271
venue_5c0b68a9452064000c7c7c25|музеи-квартира-голованова-5c0b68a9452064000c7c7c25|Музей-квартира Голованова|THEATER|москва|Москва|0|0|0|0|1|1|1|0|0|0|55.758432|37.60579889999997|44
venue_5ae45447d35286001c532ce0|национальныи-театр-золотое-кольцо-5ae45447d35286001c532ce0|Национальный театр Золотое Кольцо|THEATER|moskva|Москва|1|1|0|0|1|1|1|0|0|0|55.81101100000001|37.56671410000001|0
venue_6aa393043f6f9b1fb6180f72|начало-квеста-на-театральнои-площади-метро-площадь-революции-театральная-охотныи-ряд-выход-к-большому-театру-6aa393043f6|Начало квеста на Театральной площади (метро Площадь Революции, Театральная, Охотный ряд, выход к Большому театру)|THEATER|moskva|Москва|1|1|0|0|1|1|1|0|0|0|55.714878|37.572418|0
venue_6990b220b560bd38cd56e0ae|недетскии-фудмолл-в-цдм-6990b220b560bd38cd56e0ae|НеДетский фудмолл (в ЦДМ)|THEATER|moskva|Москва|1|1|1|0|1|1|1|0|0|0|55.7601601|37.6252928|733
venue_6569df38b5bf247498e2f0a3|ооц-им-моссовета-6569df38b5bf247498e2f0a3|ООЦ им. Моссовета|THEATER|moskva|Москва|1|1|0|0|1|1|1|0|0|0|55.79437600000001|37.71379400000001|0
venue_694a3f35b8175ea3774ed219|orbita-694a3f35b8175ea3774ed219|Орбита|THEATER|moskva|Москва|1|1|0|1|1|1|1|0|0|1|55.7497609|37.6446499|72
venue_644a33eb813950e190f4a8f8|otel-metropol-644a33eb813950e190f4a8f8|Отель Метрополь|THEATER|москва|Москва|0|0|0|1|1|1|1|0|0|1|55.5011192|37.5657775|0
venue_6a7e90cf82aa83c5e72f4289|офис-лаборатории-современного-театра-6a7e90cf82aa83c5e72f4289|Офис Лаборатории современного театра|THEATER|moskva|Москва|1|1|0|0|1|1|1|0|0|0|55.8506939|37.6578892|0
venue_68598dc96e8e364994ebffd0|перед-колоннами-большого-театра-68598dc96e8e364994ebffd0|Перед колоннами Большого театра|THEATER|москва|Москва|0|0|0|0|1|1|1|0|0|0|55.76013349999999|37.6186486|0
venue_6a02019d3991602ae55e769f|restoran-gilyarovskii-6a02019d3991602ae55e769f|Ресторан Гиляровский|THEATER|москва|Москва|0|0|0|1|1|1|1|0|0|1|55.728458|37.6236183|0
venue_59c22b3c515e35001a233ac4|ск-крылья-советов-59c22b3c515e35001a233ac4|СК "Крылья Советов"|THEATER|moskva|Москва|1|1|0|0|1|1|1|0|0|0|55.783379674980516|37.57457457482815|0
venue_6a3cfd661ba82c0b7b173751|sbor-u-vhoda-v-kinoteatr-hudozhestvennyi-6a3cfd661ba82c0b7b173751|Сбор у входа в кинотеатр "Художественный"|THEATER|moskva|Москва|0|0|0|1|1|1|1|0|0|1|55.75182599999999|37.600904|0
ven_ms_7ede188b7921a47f|moscow-sovremennik|Современник|THEATER|moskva|Москва|0|0|1|1|1|1|1|0|0|1|55.761614|37.646549|354
venue_68c01233aa1e49b6c84ab2df|teatr-mnak-68c01233aa1e49b6c84ab2df|ТЕАТР МНАК|THEATER|moskva|Москва|1|1|1|1|1|1|1|0|0|1|55.7564265|37.6352379|866
venue_6a7c288ec15c782314cdbaff|трц-мега-теплыи-стан-возле-детского-мира-6a7c288ec15c782314cdbaff|ТРЦ "МЕГА Теплый Стан" возле "Детского мира"|THEATER|moskva|Москва|1|1|0|0|1|1|1|0|0|0|55.5621623|37.4404586|0
venue_61093da01d6514a35f278c4d|тверская-17-под-аркои-большои-гнездниковскии-переулок-61093da01d6514a35f278c4d|Тверская, 17 под аркой (Большой Гнездниковский переулок)|THEATER|москва|Москва|0|0|0|0|1|1|1|0|0|0|55.76265309999999|37.6045151|0
venue_67530a5fa27c530f3e9db241|театр-21-67530a5fa27c530f3e9db241|Театр 21|THEATER|moskva|Москва|0|0|0|0|1|1|1|0|0|0|55.714587610172764|37.67278911918519|0
venue_69550f56c5f9ddafef0edbe9|театр-вкуса-и-петровскии-деревенскии-театр-69550f56c5f9ddafef0edbe9|Театр Вкуса и Петровский деревенский театр|THEATER|moskva|Москва|1|1|0|0|1|1|1|0|0|0|55.7751813|37.6223948|56
venue_69c2766fe2f4b2428907fd2b|театр-единорог-тц-прага-1-этаж-культурнии-центр-69c2766fe2f4b2428907fd2b|Театр Единорог (ТЦ "Прага" -1 этаж, культурний центр)|THEATER|москва|Москва|0|0|0|0|1|1|1|0|0|0|55.79270709999999|37.5779568|38
venue_56e5219b9cb5380a96d39e87|театр-мимики-и-жеста-56e5219b9cb5380a96d39e87|Театр Мимики и Жеста|THEATER|moskva|Москва|1|1|1|0|1|1|1|0|0|0|55.797663220692925|37.79704628077579|195
ven_ms_656e70c44b93437e|moscow-teatr-natsiy|Театр Наций|THEATER|moskva|Москва|0|0|1|1|1|1|1|0|0|1|55.765697|37.614058|356
venue_635a8e120fa22aae631139a1|театр-рамт-635a8e120fa22aae631139a1|Театр РАМТ|THEATER|moskva|Москва|1|1|0|0|1|1|1|0|0|0|55.759209|37.617451|0
venue_63fb8ca07629566fbc10706a|театр-в-хамовниках-63fb8ca07629566fbc10706a|Театр в Хамовниках|THEATER|moskva|Москва|1|1|0|0|1|1|1|0|0|0|55.7218081|37.563188|0
ven_ms_3e487283cbd20cde|moscow-teatr-kukol-obraztsova|Театр кукол Образцова|THEATER|moskva|Москва|0|0|1|1|1|1|1|0|0|1|55.774512|37.61486|418
venue_625e87c55723e67ced740414|театр-танца-аллы-духовои-todes-625e87c55723e67ced740414|Театр танца Аллы Духовой Todes|THEATER|moskva|Москва|1|1|0|0|1|1|1|0|0|0|55.808052|37.635862|0
venue_638edcfd3eff9a3ef01de912|театр-маска-638edcfd3eff9a3ef01de912|Театр “Маска”|THEATER|moskva|Москва|1|1|0|0|1|1|1|0|0|0|55.7268925802067|37.5802803039551|0
venue_673f4c6de8d44877ef473057|театр-студия-foshoo-673f4c6de8d44877ef473057|Театр-студия FoShoo|THEATER|moskva|Москва|1|1|0|0|1|1|1|0|0|0|55.7831898|37.5723942|0
venue_56e341169cb5382e5cd3a2c7|teatralnyi-zal-gosudarstvennogo-muzeya-v-vysockogo-56e341169cb5382e5cd3a2c7|Театральный зал Государственного музея В. Высоцкого|THEATER|moskva|Москва|1|1|0|1|1|1|1|0|0|1|55.744532|37.65179499999999|0
venue_625471b2b8e9167d1038765e|teatralnyi-zal-muzeya-vladimira-vysockogo-625471b2b8e9167d1038765e|Театральный зал Музея Владимира Высоцкого|THEATER|moskva|Москва|1|1|0|1|1|1|1|0|0|1|55.7446455|37.6518358|0
venue_68f23b04e4eebfeaa757d3b8|театральныи-лофт-лес-68f23b04e4eebfeaa757d3b8|Театральный лофт "ЛЕС"|THEATER|moskva|Москва|1|1|0|0|1|1|1|0|0|0|55.7849632|37.7066097|0
venue_5b58ac05519f7b001e4fb535|театральныи-особняк-5b58ac05519f7b001e4fb535|Театральный особняк|THEATER|moskva|Москва|1|1|0|0|1|1|1|0|0|0|55.7448662|37.67565519999994|0
venue_663a0b51d96a59cdb1ef5d99|театральныи-центр-на-плющихе-663a0b51d96a59cdb1ef5d99|Театральный центр "На Плющихе"|THEATER|moskva|Москва|1|1|0|0|1|1|1|0|0|0|55.7358072|37.5743848|0
venue_5c5addcd7a1f08000b595b5a|театральныи-центр-на-страстном-5c5addcd7a1f08000b595b5a|Театральный центр «На Страстном»|THEATER|moskva|Москва|1|1|0|0|1|1|1|0|0|0|55.76623|37.61079599999994|0
venue_6a1283044151d80082e4c426|turbaza-sputnik-ul-zolotaya-1-s-efremkino-shirinskii-raion-hakasiya-6a1283044151d80082e4c426|Турбаза «Спутник», ул. Золотая 1, с. Ефремкино, Ширинский район, Хакасия|THEATER|moskva|Москва|0|0|0|1|1|1|1|0|0|1|54.45159464215871|89.44158060268806|72
venue_57e3e5a39cb538686d59b5f3|фц-москва-театр-рюминои-57e3e5a39cb538686d59b5f3|ФЦ "Москва" (Театр Рюминой)|THEATER|moskva|Москва|1|1|0|0|1|1|1|0|0|0|55.7414415|37.499400700000024|0
venue_5ca5bb75867e1d000bcdf373|центр-новои-культуры-мир-искусств-5ca5bb75867e1d000bcdf373|Центр новой культуры "Мир искусств"|THEATER|moskva|Москва|1|1|0|0|1|1|1|0|0|0|55.7491445|37.57670970000004|0
venue_5612715b9cb5384fd8ea32f0|центральныи-академическии-театр-россиискои-армии-5612715b9cb5384fd8ea32f0|Центральный Академический Театр Российской Армии|THEATER|moskva|Москва|1|1|0|0|1|1|1|0|0|0|55.7809842|37.61774049999997|0
venue_6aaa5a02c51b0c35884383fe|центральныи-дом-актера-гостиная-6aaa5a02c51b0c35884383fe|Центральный Дом Актера, Гостиная|THEATER|moskva|Москва|1|1|0|0|1|1|1|0|0|0|55.7490845|37.5908425|0
venue_56d75c5a9cb5384092211dac|центральныи-дом-актера-им-а-а-яблочкинои-56d75c5a9cb5384092211dac|Центральный Дом актера им. А.А. Яблочкиной|THEATER|moskva|Москва|1|1|0|0|1|1|1|0|0|0|55.7494745|37.59189930000002|0
venue_6a982d1a846503ee0b2b6719|рюмочная-довлатов-6a982d1a846503ee0b2b6719|рюмочная Довлатов|THEATER|москва|Москва|0|0|0|0|1|1|1|0|0|0|55.7303672|37.6335338|0
venue_6a6476839e93d0087a526bbc|к-з-иллюзиум-6a6476839e93d0087a526bbc|К/З Иллюзиум.|THEATER|набережные-челны|Набережные Челны|1|1|0|0|1|1|1|0|0|0|55.74210591981448|52.41397580251803|37
venue_5ab9102bd35286001ba46037|концертныи-зал-имени-сары-садыковои-5ab9102bd35286001ba46037|Концертный зал имени Сары Садыковой|THEATER|набережные-челны|Набережные Челны|1|1|0|0|1|1|1|0|0|0|55.7423662|52.40000829999997|0
venue_6865de42f08e05ab51e81b3e|ледовыи-дворец-спорта-6865de42f08e05ab51e81b3e|Ледовый дворец спорта|THEATER|набережные-челны|Набережные Челны|1|1|0|0|1|1|1|0|0|0|55.7547583|52.4140507|0
venue_5cfca88cb660679d74ed7095|мбук-центр-культуры-нго-5cfca88cb660679d74ed7095|МБУК "Центр культуры" НГО|THEATER|находка|Находка|1|1|0|0|1|1|1|0|0|0|42.8115213|132.8631127|0
venue_6723309e3e075ad49fe1f26e|театр-кукол-6723309e3e075ad49fe1f26e|Театр кукол|THEATER|нерюнгри|Нерюнгри|0|0|0|0|1|1|1|0|0|0|56.6673375|124.7240555|0
venue_56a0e5639cb53832225e9b8d|dk-krasnoe-sormovo-56a0e5639cb53832225e9b8d|ДК "Красное Сормово"|THEATER|нижнии-новгород|Нижний Новгород|1|1|0|1|1|1|1|0|0|1|56.343476|43.862656000000015|0
venue_6980c57be87f8d844194e67d|teatr-utyug-6980c57be87f8d844194e67d|Театр «УТЮГ»|THEATER|нижнии-новгород|Нижний Новгород|1|1|0|1|1|1|1|0|0|1|56.3279401769681|43.98923635482788|0
venue_6a12ab9850e2d21684617fdd|turbaza-sputnik-ul-zolotaya-1-s-efremkino-shirinskii-raion-hakasiya-6a12ab9850e2d21684617fdd|Турбаза «Спутник», ул. Золотая 1, с. Ефремкино, Ширинский район, Хакасия|THEATER|нижнии-новгород|Нижний Новгород|0|0|0|1|1|1|1|0|0|1|54.45229644759385|89.44056966932504|72
venue_66b4dc880e14c5c5e3ca98eb|маук-культурно-досуговыи-центр-66b4dc880e14c5c5e3ca98eb|МАУК "Культурно-досуговый центр"|THEATER|нововоронеж|Нововоронеж|1|1|0|0|1|1|1|0|0|0|51.309847|39.2192403|0
venue_6a57badfc1fd865d3bbe0dcf|дк-им-калинина-6a57badfc1fd865d3bbe0dcf|ДК им. Калинина|THEATER|новозыбков|Новозыбков|1|1|0|0|1|1|1|0|0|0|52.53487459999999|31.94579959999999|0
venue_5dd7d270fd2c4041d387af6d|новокузнецкии-драматическии-театр-5dd7d270fd2c4041d387af6d|Новокузнецкий драматический театр|THEATER|новокузнецк|Новокузнецк|1|1|0|0|1|1|1|0|0|0|53.75727000000001|87.12087300000007|0
venue_5ce7e77100a0d3000c1591fc|gorteatr-5ce7e77100a0d3000c1591fc|ГОРТЕАТР|THEATER|новороссииск|Новороссийск|0|0|1|1|1|1|1|0|0|1|44.71638799999999|37.77860599999997|239
venue_56dbdc939cb5381e1475f708|дворец-культуры-железнодорожников-56dbdc939cb5381e1475f708|Дворец Культуры Железнодорожников|THEATER|новосибирск|Новосибирск|1|1|0|0|1|1|1|0|0|0|55.038951373835154|82.90109395980835|0
ven_ms_ba51b8a23e2f917d|novosibirsk-teatr-krasnyy-fakel|Драматический театр «Красный факел»|THEATER|новосибирск|Новосибирск|0|0|0|1|1|1|1|0|0|1|55.031145|82.912415|0
venue_561ce63c9cb53849d41b9837|кабаре-кафе-бродячая-собака-561ce63c9cb53849d41b9837|Кабаре Кафе "Бродячая Собака"|THEATER|новосибирск|Новосибирск|1|1|1|0|1|1|1|0|0|0|55.030165|82.929622|581
venue_6a8d697dd5ebae1531f7e45e|концертныи-и-театральныи-центр-евразия-6a8d697dd5ebae1531f7e45e|Концертный и театральный центр «Евразия»|THEATER|новосибирск|Новосибирск|1|1|0|0|1|1|1|0|0|0|55.04538840458268|82.94635891914368|0
venue_6245a035e0e1bdc5043c2802|новосибирскии-дом-ученых-6245a035e0e1bdc5043c2802|Новосибирский Дом ученых|THEATER|новосибирск|Новосибирск|1|1|0|0|1|1|1|0|0|0|54.836321882034255|83.10258150100708|0
ven_ms_50ec449b85487529|novosibirsk-novosibirskiy-teatr-opery-i-baleta-novat|Новосибирский театр оперы и балета (НОВАТ)|THEATER|новосибирск|Новосибирск|0|0|1|1|1|1|1|1|1|1|55.03031|82.924446|389
venue_61f116c0c98f9f32fef64098|синяя-цапля-61f116c0c98f9f32fef64098|Синяя Цапля|THEATER|новосибирск|Новосибирск|0|0|0|0|1|1|1|0|0|0|55.0181743|82.92508409999999|0
ven_ms_82a29896a4533699|novosibirsk-teatr-globus|Театр «Глобус»|THEATER|новосибирск|Новосибирск|0|0|0|1|1|1|1|0|0|1|55.025145|82.931214|0
venue_6a129ee5fcb5ffb7d2026d2a|turbaza-sputnik-ul-zolotaya-1-s-efremkino-shirinskii-raion-hakasiya-6a129ee5fcb5ffb7d2026d2a|Турбаза «Спутник», ул. Золотая 1, с. Ефремкино, Ширинский район, Хакасия|THEATER|новосибирск|Новосибирск|0|0|0|1|1|1|1|0|0|1|54.4523095318923|89.44054240160776|72
venue_61b1a143cfd2e877a2512975|концертныи-зал-юргпу-нпи-61b1a143cfd2e877a2512975|Концертный зал ЮРГПУ (НПИ)|THEATER|новочеркасск|Новочеркасск|1|1|0|0|1|1|1|0|0|0|47.417734|40.089707|0
venue_5a85b18d519f7b001d0be839|ксц-газодобытчик-5a85b18d519f7b001d0be839|КСЦ "Газодобытчик"|THEATER|новыи-уренгои|Новый Уренгой|1|1|0|0|1|1|1|0|0|0|66.0831827|76.68017889999999|41
venue_5dfbbaa986dc719b75c71fa7|культурно-спортивныи-центр-мечта-5dfbbaa986dc719b75c71fa7|Культурно - спортивный центр Мечта|THEATER|одинцово|Одинцово|1|1|0|0|1|1|1|0|0|0|55.681202|37.269957100000056|0
ven_ms_1dea3a8946c995db|omsk-pyatyy-teatr|«Пятый театр»|THEATER|омск|Омск|0|0|0|1|1|1|1|0|0|1|55.00121|73.36821|0
venue_6ab4cc055da03492403dbf82|конгресс-холл-6ab4cc055da03492403dbf82|Конгресс Холл|THEATER|омск|Омск|1|1|0|0|1|1|1|0|0|0|54.9773253|73.3249634|13
ven_ms_2c615942de7e2498|omsk-muzey-teatralnogo-iskusstva|Музей театрального искусства|THEATER|омск|Омск|0|0|0|1|1|1|1|0|0|1|54.98521|73.37371|0
ven_ms_56d4a033df79ff7e|omsk-teatr-dramy|Омский академический театр драмы|THEATER|омск|Омск|0|0|0|1|1|1|1|0|0|1|54.985112|73.373912|0
ven_ms_b012597c438e82f7|omsk-muzykalnyy-teatr|Омский музыкальный театр|THEATER|омск|Омск|0|0|0|1|1|1|1|0|0|1|54.98471|73.37011|0
venue_5fa1156c2c3f16acb6be5457|омскии-музыкальныи-театр-5fa1156c2c3f16acb6be5457|Омский музыкальный театр|THEATER|омск|Омск|1|1|0|0|1|1|1|0|0|0|54.9842312|73.3870525|0
venue_68931d82f0c72ec268ee98f6|restoran-pelikan-68931d82f0c72ec268ee98f6|Ресторан Пеликан|THEATER|омск|Омск|1|1|0|1|1|1|1|0|0|1|54.96679400000001|73.380151|0
ven_ms_39535941eeba256b|omsk-teatr-kukol-arlekin|Театр кукол «Арлекин»|THEATER|омск|Омск|0|0|0|1|1|1|1|0|0|1|54.97921|73.38121|0
ven_ms_8a42ce187be21125|omsk-terrasa-muzykalnogo-teatra|Терраса Музыкального театра|THEATER|омск|Омск|0|0|0|1|1|1|1|0|0|1|54.98461|73.37021|0
venue_6a12be4a512fccca774d659d|turbaza-sputnik-ul-zolotaya-1-s-efremkino-shirinskii-raion-hakasiya-6a12be4a512fccca774d659d|Турбаза «Спутник», ул. Золотая 1, с. Ефремкино, Ширинский район, Хакасия|THEATER|омск|Омск|0|0|0|1|1|1|1|0|0|1|54.45232805536284|89.44056428907423|72
venue_5bf2d4fdb4d806000b0cfab0|кдц-зимнии-театр-5bf2d4fdb4d806000b0cfab0|КДЦ "Зимний Театр"|THEATER|орехово-зуево|Орехово-Зуево|1|1|0|0|1|1|1|0|0|0|55.802938|38.994820000000004|0
venue_5a86b730d35286001b1f5501|кдц-молодежныи-5a86b730d35286001b1f5501|КДЦ Молодежный|THEATER|орск|Орск|1|1|0|0|1|1|1|0|0|0|51.234478|58.471502999999984|0
venue_5d025e07dcee20916d47b3b5|кдц-металлург-5d025e07dcee20916d47b3b5|КДЦ "Металлург"|THEATER|орел|Орёл|1|1|0|0|1|1|1|0|0|0|53.0137565|36.13971630000003|0
venue_62d6a38ef94613c89e7262a7|кц-фортуна-62d6a38ef94613c89e7262a7|КЦ "ФОРТУНА"|THEATER|отрадное-ленинградская-область|Отрадное (Ленинградская область)|1|1|0|0|1|1|1|0|0|0|59.774100365710694|30.795761904064108|0
ven_ms_b0db07051704ffe6|penza-dramaticheskiy-teatr-lunacharskogo|Пензенский драмтеатр|THEATER|пенза|Пенза|0|0|0|1|1|1|1|0|0|1|53.195812|45.016712|0
venue_5db0b7d29a3575b100f495f9|театр-на-обочине-5db0b7d29a3575b100f495f9|Театр на Обочине|THEATER|пенза|Пенза|1|1|0|0|1|1|1|0|0|0|53.184434408684204|45.00772476196289|0
ven_ms_9b359df520913559|penza-teatr-yunogo-zritelya|Театр юного зрителя|THEATER|пенза|Пенза|0|0|0|1|1|1|1|0|0|1|53.194612|45.020512|0
ven_perm_teatr|teatr-teatr|Пермский академический Театр-Театр|THEATER|пермь|Пермь|0|0|1|1|1|1|1|1|1|1|58.009412|56.218541|402
ven_perm_02ccf20d5919b6|perm-teatr-opery-i-baleta|Театр оперы и балета им. Чайковского|THEATER|пермь|Пермь|0|0|0|1|1|1|1|0|0|1|58.0161|56.2479|0
venue_6a12c21b8ebe0e9f5d19848a|turbaza-sputnik-ul-zolotaya-1-s-efremkino-shirinskii-raion-hakasiya-6a12c21b8ebe0e9f5d19848a|Турбаза «Спутник», ул. Золотая 1, с. Ефремкино, Ширинский район, Хакасия|THEATER|пермь|Пермь|0|0|0|1|1|1|1|0|0|1|54.45232819389783|89.44056492759535|72
venue_6a50d6699d7e5b7894d0a900|дом-культуры-луч-6a50d6699d7e5b7894d0a900|Дом культуры «Луч»|THEATER|петрово-дальнее|Петрово-Дальнее|1|1|0|0|1|1|1|0|0|0|55.7474473|37.1668437|0
venue_6aa591dc48e7ba21aac14de2|зоотеатр-кошек-в-трк-глобус-6aa591dc48e7ba21aac14de2|Зоотеатр Кошек в ТРК "Глобус"|THEATER|петропавловск-камчатскии|Петропавловск-Камчатский|1|1|0|0|1|1|1|0|0|0|53.0742402|158.6035483|0
venue_6a50c693bed65a7c5f919836|центр-культуры-и-досуга-6a50c693bed65a7c5f919836|Центр культуры и досуга|THEATER|плавск|Плавск|1|1|0|0|1|1|1|0|0|0|53.7070758|37.2912723|0
venue_5ca71c54867e1d000cd6f9a7|дк-металлург-5ca71c54867e1d000cd6f9a7|ДК "Металлург"|THEATER|подольск|Подольск|1|1|0|0|1|1|1|0|0|0|55.31151699999999|37.52525800000001|0
venue_6a241ee7d8ad844465aa4b36|rckd-6a241ee7d8ad844465aa4b36|РЦКД|THEATER|рамонь|Рамонь|0|0|0|1|1|1|1|0|0|1|51.91059|39.3390907|13
venue_6952b6554f0e53ffe5c45979|дк-созвездие-6952b6554f0e53ffe5c45979|ДК "Созвездие|THEATER|россошь|Россошь|1|1|0|0|1|1|1|0|0|0|50.2002608|39.5382949|0
venue_63186370f32babf653f166d8|peresvet-arena-63186370f32babf653f166d8|Пересвет-Арена|THEATER|ростов-на-дону|Ростов-на-Дону|0|0|1|1|1|1|1|0|0|1|47.2403653|39.6991086|639
ven_ms_503a4e19d8d94f1c|rostov-na-donu-teatr-dramy-im-gorkogo|Театр драмы им. Горького|THEATER|ростов-на-дону|Ростов-на-Дону|0|0|0|1|1|1|1|0|0|1|47.223412|39.744112|0
venue_6a12bbb5512fccca774d64b5|turbaza-sputnik-ul-zolotaya-1-s-efremkino-shirinskii-raion-hakasiya-6a12bbb5512fccca774d64b5|Турбаза «Спутник», ул. Золотая 1, с. Ефремкино, Ширинский район, Хакасия|THEATER|ростов-на-дону|Ростов-на-Дону|0|0|0|1|1|1|1|0|0|1|54.452333143104845|89.44055711581461|72
venue_6a3bcdfe843a0f756ab0dbd3|centr-kreativnyh-industrii-6a3bcdfe843a0f756ab0dbd3|Центр креативных индустрий|THEATER|ростов-на-дону|Ростов-на-Дону|0|0|0|1|1|1|1|0|0|1|47.2264734|39.7353689|0
venue_60a1530107a00e9312cc3f57|рощинскии-центр-культурного-досуга-60a1530107a00e9312cc3f57|Рощинский центр культурного досуга|THEATER|рощино|Рощино|1|1|0|0|1|1|1|0|0|0|60.2558829|29.6031868|0
venue_5e5d2377767780fa17fe30e9|рубцовскии-драматическии-театр-5e5d2377767780fa17fe30e9|Рубцовский драматический театр|THEATER|рубцовск|Рубцовск|0|0|0|0|1|1|1|0|0|0|51.5102787|81.20707940000001|0
ven_ms_4d37467b50c0847b|ryazan-tyuz-teatr-na-sobornoy|Рязанский ТЮЗ («Театр на Соборной»)|THEATER|рязань|Рязань|0|0|0|1|1|1|1|0|0|1|54.632912|39.742112|0
ven_ms_953b9dd71e7188fd|ryazan-teatr-dramy|Рязанский государственный областной театр драмы|THEATER|рязань|Рязань|0|0|0|1|1|1|1|0|0|1|54.619612|39.752312|0
ven_ms_dcdc6852d9ce4663|ryazan-teatr-kukol|Рязанский государственный областной театр кукол|THEATER|рязань|Рязань|0|0|0|1|1|1|1|0|0|1|54.624312|39.758912|0
ven_ms_a515c9c9a320d505|ryazan-muzykalnyy-teatr|Рязанский областной музыкальный театр|THEATER|рязань|Рязань|0|0|0|1|1|1|1|0|0|1|54.618912|39.752901|0
venue_657034db0932e4d71eae2563|дом-актера-657034db0932e4d71eae2563|Дом актера|THEATER|самара|Самара|1|1|0|0|1|1|1|0|0|0|53.19748749999999|50.104789|0
venue_606ff1687efc2f270a875b89|mts-live-holl-samara-eh-krc-zvezda-606ff1687efc2f270a875b89|МТС Live Холл Самара (ех. КРЦ «Звезда»)|THEATER|самара|Самара|1|1|1|1|1|1|1|0|0|1|53.2163643|50.1463873|497
venue_6a4a30a6e38781a122a07d06|маламут-ленд-6a4a30a6e38781a122a07d06|Маламут Ленд|THEATER|самара|Самара|0|0|1|0|1|1|1|0|0|0|53.47053182886163|49.80901837348938|273
ven_ms_59456cf17b85ec75|samara-teatr-dramy-gorkogo|Театр драмы им. М. Горького|THEATER|самара|Самара|0|0|0|1|1|1|1|0|0|1|53.196911|50.099112|0
ven_ms_1cd5917f5dd55940|samara-teatr-opery-i-baleta|Театр оперы и балета|THEATER|самара|Самара|0|0|0|1|1|1|1|0|0|1|53.195811|50.100812|0
venue_6a12b53b5a7d68136e4f41cb|turbaza-sputnik-ul-zolotaya-1-s-efremkino-shirinskii-raion-hakasiya-6a12b53b5a7d68136e4f41cb|Турбаза «Спутник», ул. Золотая 1, с. Ефремкино, Ширинский район, Хакасия|THEATER|самара|Самара|0|0|0|1|1|1|1|0|0|1|54.45232889570851|89.4405522564128|72
venue_61a8de0173a1c1f513f59abe|teatr-monplezir|"Театр Монплезир"|THEATER|санкт-петербург|Санкт-Петербург|1|1|0|1|1|1|1|0|0|1|59.9249824|30.3057974|0
venue_6303d64214f5bf497956bf76|arts-square-gallery-6303d64214f5bf497956bf76|Arts Square Gallery|THEATER|санкт-петербург|Санкт-Петербург|0|0|1|0|1|1|1|0|0|0|59.9368121|30.3294456|366
venue_6a772a1235662d5902a3ad41|encore-6a772a1235662d5902a3ad41|ENCORE|THEATER|санкт-петербург|Санкт-Петербург|0|0|0|0|1|1|1|0|0|0|59.9352849|30.31839099999999|0
venue_665dc076550306c7bd7528cb|the-hat-665dc076550306c7bd7528cb|The Hat|THEATER|санкт-петербург|Санкт-Петербург|1|1|0|0|1|1|1|0|0|0|59.938098484458315|30.346534252166748|0
venue_58bc2958515e350013c062bc|vinci-58bc2958515e350013c062bc|Vinci|THEATER|санкт-петербург|Санкт-Петербург|0|0|1|1|1|1|1|0|0|1|59.96013999999999|30.306288799999948|305
venue_677bcb87660c1cf849227b83|atele-blagorodnaya-gnil-677bcb87660c1cf849227b83|«Благородное Ателье»|THEATER|санкт-петербург|Санкт-Петербург|1|1|0|1|1|1|1|0|0|1|59.94312112728281|30.29099375809005|0
venue_67f399e52279d865258cb6b0|angliiskaya-naberezhnaya-54-passazhirskii-terminal-67f399e52279d865258cb6b0|Английская набережная 54 (Пассажирский терминал)|THEATER|санкт-петербург|Санкт-Петербург|0|0|1|1|1|1|1|0|0|1|59.93232270000001|30.2874868|238
venue_6714f68f3a6a23ac2596313a|арт-пространство-сад-искусств-6714f68f3a6a23ac2596313a|Арт-пространство "Сад Искусств"|THEATER|санкт-петербург|Санкт-Петербург|1|1|1|0|1|1|1|0|0|0|59.9236586|30.3344704|150
venue_6a6c7510001a555f841901b5|бар-парадныи-подъезд-6a6c7510001a555f841901b5|Бар «Парадный подъезд»|THEATER|санкт-петербург|Санкт-Петербург|0|0|1|0|1|1|1|0|0|0|59.93876489999999|30.3644233|174
venue_68c6f17f2fb6a8a51aec47b8|bar-prityazhenie-68c6f17f2fb6a8a51aec47b8|Бар «Притяжение»|THEATER|санкт-петербург|Санкт-Петербург|0|0|0|1|1|1|1|0|0|1|59.925588|30.3091739|0
venue_65aa8c2b0067c6ffb7a3fcc4|bar-sovremennik-65aa8c2b0067c6ffb7a3fcc4|Бар «Современник»|THEATER|санкт-петербург|Санкт-Петербург|1|1|1|1|1|1|1|0|0|1|59.93888696589141|30.34999341204133|289
venue_6a4931f2ff3ccc140c28d111|bar-cpr-6a4931f2ff3ccc140c28d111|Бар ЦПР|THEATER|санкт-петербург|Санкт-Петербург|1|1|1|1|1|1|1|0|0|1|59.9415026|30.3487569|141
venue_67c03cb982a2c6055779f5e1|biblioteka-planetariya-1-67c03cb982a2c6055779f5e1|Библиотека Планетария 1|THEATER|санкт-петербург|Санкт-Петербург|1|1|0|1|1|1|1|0|0|1|59.9100663|30.3311836|0
venue_6996b2821629adf457feb098|ванька-град-6996b2821629adf457feb098|Ванька-град|THEATER|санкт-петербург|Санкт-Петербург|0|0|0|0|1|1|1|0|0|0|59.92343289999999|30.4818791|23
venue_596cd724d35286001a812dff|vyborgskii-dvorec-kultury-596cd724d35286001a812dff|Выборгский Дворец Культуры|THEATER|санкт-петербург|Санкт-Петербург|1|1|0|1|1|1|1|0|0|1|59.9634677|30.34822410000004|0
venue_5fb03c70f5ea564fd0a8c7af|галерея-мастер-5fb03c70f5ea564fd0a8c7af|Галерея "Мастер"|THEATER|санкт-петербург|Санкт-Петербург|1|1|0|0|1|1|1|0|0|0|59.94271999999999|30.3557079|0
venue_5e3806e242d5c47a3ec98042|гауптвахта-на-сеннои-5e3806e242d5c47a3ec98042|Гауптвахта на Сенной|THEATER|санкт-петербург|Санкт-Петербург|0|0|0|0|1|1|1|0|0|0|59.927681|30.3191871|0
venue_5e6899f5598011c32507cf03|гнездо-глухаря-5e6899f5598011c32507cf03|Гнездо Глухаря|THEATER|санкт-петербург|Санкт-Петербург|1|1|0|0|1|1|1|0|0|0|59.949459|30.36208409999999|0
venue_678bee88f50aa3d5a74d0f40|горизонты-678bee88f50aa3d5a74d0f40|Горизонты|THEATER|санкт-петербург|Санкт-Петербург|0|0|0|0|1|1|1|0|0|0|59.9277775|30.33223419999999|6
venue_5666ec659cb5384c0dfc8a1a|дворец-белосельских-белозерских-зеркальныи-зал-5666ec659cb5384c0dfc8a1a|Дворец Белосельских-Белозерских. Зеркальный зал.|THEATER|санкт-петербург|Санкт-Петербург|1|1|0|0|1|1|1|0|0|0|59.932809|30.344675999999936|0
venue_5e25569c8f523f77692cff1c|дом-достоевского-5e25569c8f523f77692cff1c|Дом Достоевского|THEATER|санкт-петербург|Санкт-Петербург|1|1|0|0|1|1|1|0|0|0|59.92704209999999|30.3132806|98
venue_68e2cbfadabf360d418cca32|дом-культуры-рыбацкии-68e2cbfadabf360d418cca32|Дом Культуры Рыбацкий|THEATER|санкт-петербург|Санкт-Петербург|0|0|0|0|1|1|1|0|0|0|59.84248379159079|30.49679696559906|0
venue_63623f66d974564064515b16|дом-молодежи-атлант-63623f66d974564064515b16|Дом Молодежи "Атлант"|THEATER|санкт-петербург|Санкт-Петербург|1|1|0|0|1|1|1|0|0|0|60.013959421578484|30.434777244739905|0
venue_6721eb8c9a1cefd59d089222|dom-narodnogo-tvorchestva-6721eb8c9a1cefd59d089222|Дом Народного Творчества|THEATER|санкт-петербург|Санкт-Петербург|1|1|0|1|1|1|1|0|0|1|59.9079924|30.353146|0
venue_59dbb6e1515e35001c9546b0|dom-shredera-59dbb6e1515e35001c9546b0|Дом Шрёдера|THEATER|санкт-петербург|Санкт-Петербург|1|1|1|1|1|1|1|0|0|1|59.96203|30.334302999999977|430
venue_5d4ea45d5a711416347072be|дом-молодежи-5d4ea45d5a711416347072be|Дом молодежи|THEATER|санкт-петербург|Санкт-Петербург|1|1|0|0|1|1|1|0|0|0|59.8534789|30.306555000000003|0
venue_5811b5ab9cb5380c787b9cd8|esod-dom-evreiskoi-kultury-5811b5ab9cb5380c787b9cd8|ЕСОД дом еврейской культуры|THEATER|санкт-петербург|Санкт-Петербург|1|1|0|1|1|1|1|0|0|1|59.961952|30.287138000000027|0
venue_6632afe40771167d49f4b56c|zamok-na-nevskom-6632afe40771167d49f4b56c|Замок на Невском|THEATER|санкт-петербург|Санкт-Петербург|1|1|0|1|1|1|1|0|0|1|59.9337686|30.3462967|33
venue_686398cbdfdc67d2dcaeb06e|замок-на-невском-большои-зал-686398cbdfdc67d2dcaeb06e|Замок на Невском, Большой зал|THEATER|санкт-петербург|Санкт-Петербург|0|0|0|0|1|1|1|0|0|0|59.93295742148298|30.347306728363037|39
venue_6559ec67e548da9b156eb843|кдц-максим-6559ec67e548da9b156eb843|КДЦ Максим|THEATER|санкт-петербург|Санкт-Петербург|1|1|0|0|1|1|1|0|0|0|59.99228507854084|30.312470197677612|0
venue_58ca88ce515e3500152d336a|кз-у-финляндского-58ca88ce515e3500152d336a|КЗ "У Финляндского"|THEATER|санкт-петербург|Санкт-Петербург|1|1|0|0|1|1|1|0|0|0|59.953289|30.357385000000022|0
venue_6a0b2679ac295f67517418dc|kulturama-obrazovatelnyi-klaster-6a0b2679ac295f67517418dc|КУЛЬТУРАМА. Образовательный кластер|THEATER|санкт-петербург|Санкт-Петербург|1|1|0|1|1|1|1|0|0|1|59.90950360000001|30.2941102|0
venue_6932a28770a0e6f25a2dfd1a|kazanskaya-7-dvorec-kvarengi-zal-myuzik-holl-st-m-nevskii-pr-6932a28770a0e6f25a2dfd1a|Казанская 7, Дворец Кваренги (зал, Мюзик- холл),  ст м. Невский пр|THEATER|санкт-петербург|Санкт-Петербург|0|0|0|1|1|1|1|0|0|1|59.93195919999999|30.3208313|0
venue_697b28986258a5d92d2cc51f|klub-prityazhenie-697b28986258a5d92d2cc51f|Клуб "Притяжение"|THEATER|санкт-петербург|Санкт-Петербург|1|1|1|1|1|1|1|0|0|1|59.925588|30.3091739|572
venue_635ce8252e3dac21bc857db5|kulturnoe-prostranstvo-gde-babulya-635ce8252e3dac21bc857db5|Культурное пространство "Где бабуля"|THEATER|санкт-петербург|Санкт-Петербург|0|0|0|1|1|1|1|0|0|1|59.92493220000001|30.3033206|52
venue_635cd1c2d076b3715daaa83a|kulturnoe-prostranstvo-gde-babulya-635cd1c2d076b3715daaa83a|Культурное пространство" Где бабуля"|THEATER|санкт-петербург|Санкт-Петербург|0|0|0|1|1|1|1|0|0|1|59.92493220000001|30.3033206|52
venue_62cbfadf228c9bf3ed0a85b8|kulturnyi-kvartal-brusnicyn-62cbfadf228c9bf3ed0a85b8|Культурный квартал Брусницын|THEATER|санкт-петербург|Санкт-Петербург|0|0|0|1|1|1|1|0|0|1|59.922479989124255|30.24890734952699|0
venue_631eee769a020dd417837578|культурныи-центр-вокзал-озерки-631eee769a020dd417837578|Культурный центр "Вокзал Озерки"|THEATER|санкт-петербург|Санкт-Петербург|1|1|0|0|1|1|1|0|0|0|60.0485805|30.3141346|33
venue_631f4dbc2682d2bfd6c481df|культурныи-центр-вокзал-озерки-631f4dbc2682d2bfd6c481df|Культурный центр "Вокзал Озерки"|THEATER|санкт-петербург|Санкт-Петербург|1|1|0|0|1|1|1|0|0|0|60.0485805|30.3141346|70
venue_67af2b9adcff81acc6018e5d|mts-live-holl-sankt-peterburg-67af2b9adcff81acc6018e5d|МТС Live Холл Санкт-Петербург|THEATER|санкт-петербург|Санкт-Петербург|1|1|0|1|1|1|1|0|0|1|59.90817347258007|30.30750274658203|0
venue_inst_4a6f8b6bba6a3ffb1e35a442|mariinskiy-teatr-3ffb1e35a442|Мариинский театр|THEATER|санкт-петербург|Санкт-Петербург|0|0|1|1|1|1|1|0|0|1|59.9256|30.2959|184
venue_665433d79147484c839a91d4|mesto-vstrechi-na-put-raskolnikova-665433d79147484c839a91d4|Место встречи на Путь Раскольникова|THEATER|санкт-петербург|Санкт-Петербург|1|1|0|1|1|1|0|0|0|1|||0
venue_669b635f96c4211cf10f5952|mesto-vstrechi-na-teatralnyi-proekt-gogol-peterburgskie-povesti-669b635f96c4211cf10f5952|Место встречи на театральный проект "Гоголь. Петербургские повести"|THEATER|санкт-петербург|Санкт-Петербург|1|1|0|1|1|1|1|0|0|1|59.926843|30.316034|0
venue_64ab0c26d9ee8639934d5be5|музеи-а-ахматовои-в-фонтанном-доме-64ab0c26d9ee8639934d5be5|Музей А.Ахматовой в Фонтанном Доме|THEATER|санкт-петербург|Санкт-Петербург|1|1|0|0|1|1|1|0|0|0|59.936322180092596|30.347821712493896|78
venue_683a29c7faf11ad0ef1c3038|muzei-nostalgii-683a29c7faf11ad0ef1c3038|Музей ностальгии|THEATER|санкт-петербург|Санкт-Петербург|1|1|1|1|1|1|1|0|0|1|59.9333748|30.3515801|1567
venue_613725afe68d7f266c620508|окц-на-пушкинскои-613725afe68d7f266c620508|ОКЦ на Пушкинской|THEATER|санкт-петербург|Санкт-Петербург|1|1|0|0|1|1|1|0|0|0|59.929662|30.356483|0
venue_58762b20515e350015f0b082|oranzhereya-tavricheskogo-sada-58762b20515e350015f0b082|Оранжерея Таврического сада|THEATER|санкт-петербург|Санкт-Петербург|0|0|0|1|1|1|1|0|0|1|59.94862890438813|30.368564973908207|0
venue_5e39e8ad0c5266cedda84edb|osobnyak-bryullova-5e39e8ad0c5266cedda84edb|Особняк Брюллова|THEATER|санкт-петербург|Санкт-Петербург|1|1|0|1|1|1|1|0|0|1|59.9322568|30.273119|0
venue_63cbaac3dc3146e50ad4490e|особняк-д-а-милютина-63cbaac3dc3146e50ad4490e|Особняк Д.А. Милютина|THEATER|санкт-петербург|Санкт-Петербург|0|0|0|0|1|1|1|0|0|0|59.9385461|30.3371513|0
venue_5c93ee6af96cd5000b01fed7|петровская-набережная-5c93ee6af96cd5000b01fed7|Петровская набережная|THEATER|санкт-петербург|Санкт-Петербург|0|0|0|0|1|1|1|0|0|0|59.95276354061178|30.332388516810624|51
venue_639c0f06714ab8909b0f0c10|подвалъ-бродячеи-собаки-639c0f06714ab8909b0f0c10|Подвалъ Бродячей Собаки|THEATER|санкт-петербург|Санкт-Петербург|0|0|0|0|1|1|1|0|0|0|59.9371355|30.3288077|0
venue_6a9f30101eac48772c9b5667|пространство-культура-6a9f30101eac48772c9b5667|Пространство «Культура»|THEATER|санкт-петербург|Санкт-Петербург|1|1|1|0|1|1|1|0|0|0|59.94294259999999|30.2893982|876
venue_694a7ed76f7ebed56b4aacd2|ресторан-палкин-694a7ed76f7ebed56b4aacd2|Ресторан "Палкин"|THEATER|санкт-петербург|Санкт-Петербург|0|0|0|0|1|1|1|0|0|0|59.9324579|30.3472094|0
venue_68ee405dd57e0d657ff08e49|ресторан-старыи-пловдив-68ee405dd57e0d657ff08e49|Ресторан "Старый Пловдив"|THEATER|санкт-петербург|Санкт-Петербург|0|0|0|0|1|1|1|0|0|0|59.83215190000001|30.1693844|52
venue_683fe0b64cc5de4642351c54|ресторан-чаиковскии-683fe0b64cc5de4642351c54|Ресторан «Чайковский»|THEATER|санкт-петербург|Санкт-Петербург|0|0|0|0|1|1|1|0|0|0|59.92489209999999|30.2975998|0
venue_65e6f4b2c0a6c164c187f7ed|ресторан-событии-александровскии-парк-65e6f4b2c0a6c164c187f7ed|Ресторан событий "Александровский парк"|THEATER|санкт-петербург|Санкт-Петербург|1|1|0|0|1|1|1|0|0|0|59.95369660000001|30.3091974|0
venue_632cce84b55412665d268713|тюз-им-брянцева-632cce84b55412665d268713|ТЮЗ им Брянцева|THEATER|санкт-петербург|Санкт-Петербург|0|0|0|0|1|1|1|0|0|0|59.91997899999999|30.334791|17
venue_68e80dc096d79fe2b40b4e84|творческое-пространство-шантарам-68e80dc096d79fe2b40b4e84|Творческое пространство Шантарам|THEATER|санкт-петербург|Санкт-Петербург|0|0|0|0|1|1|1|0|0|0|59.9285892|30.3473364|0
venue_634e87fa44a952d6bee18b2e|teatr-kurt-634e87fa44a952d6bee18b2e|Театр " Курт"|THEATER|санкт-петербург|Санкт-Петербург|1|1|0|1|1|1|1|0|0|1|59.94675359999999|30.35053539999999|0
venue_602cdcc875a3b34adb248b05|театр-легенда-602cdcc875a3b34adb248b05|Театр "Легенда"|THEATER|санкт-петербург|Санкт-Петербург|1|1|0|0|1|1|1|0|0|0|59.9653272|30.3450386|0
venue_69461843272439d25642e13c|teatr-licedei-69461843272439d25642e13c|Театр "Лицедеи"|THEATER|санкт-петербург|Санкт-Петербург|1|1|0|1|1|1|1|0|0|1|59.94506699999999|30.34904389999999|80
venue_63a4b4bb98d2c59c21cb68bf|театр-рассвет-63a4b4bb98d2c59c21cb68bf|Театр "Рассвет"|THEATER|санкт-петербург|Санкт-Петербург|1|1|0|0|1|1|1|0|0|0|59.9229156|30.2486321|0
venue_68f8e1460b33c9b756625e18|театр-семьянюки-68f8e1460b33c9b756625e18|Театр "Семьянюки"|THEATER|санкт-петербург|Санкт-Петербург|0|0|0|0|1|1|1|0|0|0|59.94684729999999|30.3542153|0
venue_6148546ac0a4bd7a6b44f179|teatr-tok-6148546ac0a4bd7a6b44f179|Театр "ТОК"|THEATER|санкт-петербург|Санкт-Петербург|1|1|0|1|1|1|1|0|0|1|59.9370067|30.336648|0
venue_6a3c1ac000bea50f7e097fd9|teatr-etno-6a3c1ac000bea50f7e097fd9|Театр "Этно"|THEATER|санкт-петербург|Санкт-Петербург|1|1|1|1|1|1|1|0|0|1|59.94549217028743|30.34387079926168|145
venue_5f652a5a37760fdefd2398a4|театр-лунныи-слон-5f652a5a37760fdefd2398a4|Театр «Лунный слон»|THEATER|санкт-петербург|Санкт-Петербург|1|1|0|0|1|1|1|0|0|0|59.93810117168482|30.346534252166748|30
venue_68dbc0aba5b9883ef15a1b34|teatr-rezonans-68dbc0aba5b9883ef15a1b34|Театр «Резонанс»|THEATER|санкт-петербург|Санкт-Петербург|1|1|1|1|1|1|1|0|0|1|59.88077639999999|30.4584041|471
venue_6a76771cf9a9681fde4c7383|театр-локус-спб-6a76771cf9a9681fde4c7383|Театр Локус СПб|THEATER|санкт-петербург|Санкт-Петербург|1|1|0|0|1|1|1|0|0|0|59.9582546|30.317045|0
venue_62e30f17a10fc260eb504934|театр-нити-62e30f17a10fc260eb504934|Театр Нити|THEATER|санкт-петербург|Санкт-Петербург|1|1|0|0|1|1|1|0|0|0|59.94304196815499|30.29114967169292|20
venue_5f7846bb7b2931ba95f0facc|театр-остров-5f7846bb7b2931ba95f0facc|Театр Остров|THEATER|санкт-петербург|Санкт-Петербург|1|1|0|0|1|1|1|0|0|0|59.96197859999999|30.3147741|44
venue_6253497bd15e3c697b8ae78d|teatr-parnas-6253497bd15e3c697b8ae78d|Театр Парнас|THEATER|санкт-петербург|Санкт-Петербург|1|1|0|1|1|1|1|0|0|1|60.07607909999999|30.343107|0
venue_636df94f91184a1b12f92b5b|teatr-pokolenii-636df94f91184a1b12f92b5b|Театр Поколений|THEATER|санкт-петербург|Санкт-Петербург|1|1|0|1|1|1|1|0|0|1|59.91170279999999|30.2683159|0
venue_6a8c3c3204cb5247b875a6ef|театр-цехъ-6a8c3c3204cb5247b875a6ef|Театр ЦЕХЪ|THEATER|санкт-петербург|Санкт-Петербург|0|0|0|0|1|1|1|0|0|0|59.9161842|30.39589909999999|0
venue_62d7e106c7fd5a8b55808e77|театр-для-детеи-малышок-пр-искровскии-пр-д22-кор-а-62d7e106c7fd5a8b55808e77|Театр для детей "Малышок" (пр.Искровский пр.д22. кор.А)|THEATER|санкт-петербург|Санкт-Петербург|1|1|0|0|1|1|1|0|0|0|59.9055873|30.4685921|0
venue_59f4b4c6515e35001ad8b0e6|teatralnaya-dolina-59f4b4c6515e35001ad8b0e6|Театральная долина|THEATER|санкт-петербург|Санкт-Петербург|1|1|0|1|1|1|1|0|0|1|59.945702|30.26497399999994|0
venue_55803eb59cb5381698a567fc|teatralno-koncertnyi-kompleks-karnaval-carnival-concert-hall-anichkov-palace-55803eb59cb5381698a567fc|Театрально-концертный комплекс "Карнавал"///CARNIVAL CONCERT HALL (Anichkov Palace)|THEATER|санкт-петербург|Санкт-Петербург|1|1|0|1|1|1|1|0|0|1|59.931484474635|30.339361083055763|0
venue_5dd144f7153276b90b4f22e7|театральныи-музеи-5dd144f7153276b90b4f22e7|Театральный музей|THEATER|санкт-петербург|Санкт-Петербург|1|1|0|0|1|1|1|0|0|0|59.93023049999999|30.335837800000036|0
venue_6a12997483e517bb483575d3|turbaza-sputnik-ul-zolotaya-1-s-efremkino-shirinskii-raion-hakasiya-6a12997483e517bb483575d3|Турбаза «Спутник», ул. Золотая 1, с. Ефремкино, Ширинский район, Хакасия|THEATER|санкт-петербург|Санкт-Петербург|0|0|0|1|1|1|1|0|0|1|54.45229585012748|89.44056840235459|72
ven_ms_78d9cbaec2840a4a|saint-petersburg-tsirk-chinizelli|Цирк Чинизелли|THEATER|санкт-петербург|Санкт-Петербург|0|0|0|1|1|1|1|0|0|1|59.9265|30.3365|0
venue_553664969cb538325f4a59c1|ermitazhnyi-teatr-imperial-hermitage-theatre-553664969cb538325f4a59c1|Эрмитажный театр///Imperial Hermitage theatre|THEATER|санкт-петербург|Санкт-Петербург|1|1|0|1|1|1|1|0|0|1|59.9421696|30.316067699999962|0
venue_6a9fe38f9afa1bf4980c5bac|кофеиня-merencoffee-6a9fe38f9afa1bf4980c5bac|кофейня MERENCOFFEE|THEATER|санкт-петербург|Санкт-Петербург|0|0|1|0|1|1|1|0|0|0|59.920261|30.3182435|125
venue_5cc75b5ab7b57d000cc4e2c3|площадка-скороход-5cc75b5ab7b57d000cc4e2c3|площадка "Скороход"|THEATER|санкт-петербург|Санкт-Петербург|0|0|0|0|1|1|1|0|0|0|59.8905731|30.318682200000012|21
venue_69e9d08f51b5074117d2dc79|restoran-antresol-i-perec-69e9d08f51b5074117d2dc79|ресторан «Антресоль и Перец»|THEATER|санкт-петербург|Санкт-Петербург|1|1|0|1|1|1|1|0|0|1|59.921101|30.34295|0
venue_64a530501fc002b64f522ddc|театр-дримвиль-64a530501fc002b64f522ddc|театр "Дримвиль"|THEATER|санкт-петербург|Санкт-Петербург|1|1|0|0|1|1|1|0|0|0|59.89833460000001|30.4170877|0
venue_622f5c7121404ce2bb6b40aa|богемия-622f5c7121404ce2bb6b40aa|Богемия|THEATER|саратов|Саратов|1|1|0|0|1|1|1|0|0|0|51.5358594|46.0070803|0
venue_5825937ad352860017c8ec2d|дворец-культуры-россия-5825937ad352860017c8ec2d|Дворец культуры "Россия"|THEATER|саратов|Саратов|1|1|1|0|1|1|1|0|0|0|51.5799031606973|45.96879243850708|970
venue_6992d80f62177b9d9f7a48ee|immersivnyi-teatr-morfeus-6992d80f62177b9d9f7a48ee|Иммерсивный театр "Морфеус"|THEATER|саратов|Саратов|1|1|0|1|1|1|1|0|0|1|51.537176|46.02397999999999|0
venue_563747ca9cb53812b9e6c531|саратовскии-академическии-театр-драмы-им-и-а-слонова-563747ca9cb53812b9e6c531|Саратовский академический театр драмы им. И.А. Слонова|THEATER|саратов|Саратов|1|1|0|0|1|1|1|0|0|0|51.534373|46.00140699999997|0
venue_62542ff57f7a42cff3d6b509|teatralnaya-masterskaya-grani-62542ff57f7a42cff3d6b509|Театральная Мастерская ГРАНИ|THEATER|саратов|Саратов|0|0|0|1|1|1|1|0|0|1|51.547762|46.0107799|50
venue_5b39ec33d3528600215210ef|северодвинскии-драматическии-театр-5b39ec33d3528600215210ef|Северодвинский драматический театр|THEATER|северодвинск|Северодвинск|1|1|0|0|1|1|1|0|0|0|64.55103648060629|39.79399487549733|0
venue_6a225db0b11139e58f546859|mbuk-raionnyi-dom-kultury-6a225db0b11139e58f546859|МБУК "Районный Дом Культуры"|THEATER|семикаракорск|Семикаракорск|0|0|0|1|1|1|1|0|0|1|47.529946|40.8198687|0
venue_633fda716ca1e7fe3b0e1073|рдк-633fda716ca1e7fe3b0e1073|РДК|THEATER|семилуки|Семилуки|1|1|0|0|1|1|1|0|0|0|51.6872583|39.0403786|0
venue_67a9c751e962bdf08cbe308b|mku-dom-kultury-imeni-n-a-bondarenko-67a9c751e962bdf08cbe308b|МКУ Дом Культуры имени Н.А. Бондаренко|THEATER|славянск-на-кубани|Славянск На Кубани|0|0|0|1|1|1|1|0|0|1|45.25984494708321|38.126678466796875|0
venue_62552cc0c656a8c7073bccc2|кинотеатр-современник-62552cc0c656a8c7073bccc2|Кинотеатр "Современник"|THEATER|смоленск|Смоленск|1|1|0|0|1|1|1|0|0|0|54.772475|32.044569|0
venue_60e3534d7c56d35a0222d3ee|зеленыи-театр-60e3534d7c56d35a0222d3ee|Зелёный Театр|THEATER|сочи|Сочи|1|1|0|0|1|1|1|0|0|0|43.5891665|39.7161519|0
venue_56642f109cb538372dedf85e|zimnii-teatr-56642f109cb538372dedf85e|Зимний театр|THEATER|сочи|Сочи|0|0|0|1|1|1|1|0|0|1|43.57256179889731|39.73091176368749|0
venue_5989e341d35286001af1489e|letnii-teatr-parka-im-frunze-5989e341d35286001af1489e|Летний театр парка им. Фрунзе|THEATER|сочи|Сочи|0|0|0|1|1|1|1|0|0|1|43.56845580707144|39.73326827399433|0
venue_6a33ded6fd27ee1e31c0bc3e|sdk-orel-izumrud-6a33ded6fd27ee1e31c0bc3e|СДК «Орел-Изумруд»|THEATER|сочи|Сочи|0|0|0|1|1|1|1|0|0|1|43.45667477558642|39.92300748825073|0
venue_6a33e05e0b728854c43c051c|sdk-estosadok-6a33e05e0b728854c43c051c|СДК «Эстосадок»|THEATER|сочи|Сочи|0|0|0|1|1|1|1|0|0|1|43.4038692|39.9864226|0
venue_66d5f9aa444d964799015478|stavropolskii-gorodskoi-dom-kultury-66d5f9aa444d964799015478|Ставропольский городской дом культуры|THEATER|ставрополь|Ставрополь|0|0|0|1|1|1|1|0|0|1|45.04635210000001|41.973105|0
venue_6a5b893a5e064e6fbd6d672f|стародубскии-центральныи-дом-культуры-6a5b893a5e064e6fbd6d672f|Стародубский центральный Дом культуры|THEATER|стародуб|Стародуб|1|1|0|0|1|1|1|0|0|0|52.5865823|32.7613186|0
venue_593a6e02d352860015c23d8a|театр-сургу-593a6e02d352860015c23d8a|Театр СурГУ|THEATER|сургут|Сургут|0|0|0|0|1|1|1|0|0|0|61.23946126196948|73.41090403497219|0
venue_643271df10081cf4afac4c49|таицкии-дом-культуры-643271df10081cf4afac4c49|Тайцкий Дом Культуры|THEATER|таицы|Тайцы|0|0|0|0|1|1|1|0|0|0|59.6647737|30.1050654|0
venue_5a3ce0c9d3528600197d6065|тамбовскии-государственныи-драматическии-театр-5a3ce0c9d3528600197d6065|Тамбовский Государственный Драматический Театр|THEATER|тамбов|Тамбов|0|0|0|0|1|1|1|0|0|0|52.721958|41.45316500000001|0
venue_68ecc803f7a330105fe586b2|kkz-mir-68ecc803f7a330105fe586b2|ККЗ "МИР"|THEATER|таруса|Таруса|1|1|0|1|1|1|1|0|0|1|54.72862879352043|37.175379395484924|0
venue_5cc6aa58735a0a000ce4e012|дк-химволокно-5cc6aa58735a0a000ce4e012|ДК Химволокно|THEATER|тверь|Тверь|1|1|0|0|1|1|1|0|0|0|56.84829033243021|35.94219193301592|0
ven_ms_1841fa9115bfc0df|tver-oblastnaya-filarmoniya|Тверская областная филармония|THEATER|тверь|Тверь|0|0|0|1|1|1|1|0|0|1|56.858112|35.914112|0
ven_ms_4f0e35b47a012118|tver-teatr-kukol|Тверской государственный театр кукол|THEATER|тверь|Тверь|0|0|0|1|1|1|1|0|0|1|56.843912|35.918912|0
ven_ms_3a844ee9303533d3|tver-dramaticheskiy-teatr|Тверской драматический театр|THEATER|тверь|Тверь|0|0|0|1|1|1|1|0|0|1|56.858912|35.913112|0
ven_ms_59231b8ee487e203|tver-teatr-yunogo-zritelya|Тверской театр юного зрителя|THEATER|тверь|Тверь|0|0|0|1|1|1|1|0|0|1|56.857912|35.921112|0
venue_6759908bb803faf3cedd600b|театр-иллюзии-6759908bb803faf3cedd600b|Театр Иллюзий|THEATER|тольятти|Тольятти|1|1|0|0|1|1|1|0|0|0|53.5210321|49.28120510000001|0
venue_62b947212cdeb8beac15e8fd|dk-tuapse-62b947212cdeb8beac15e8fd|ДК Туапсе|THEATER|туапсе|Туапсе|0|0|0|1|1|1|1|0|0|1|44.095698|39.073144|0
venue_57f395579cb5384c4d9a011b|городскои-концертныи-зал-57f395579cb5384c4d9a011b|Городской Концертный Зал|THEATER|тула|Тула|1|1|0|0|1|1|1|0|0|0|54.200042192178195|37.612185180187225|0
venue_62205e63431f8e739bb68272|городскои-концертныи-зал-г-тула-62205e63431f8e739bb68272|Городской концертный зал г. Тула|THEATER|тула|Тула|1|1|0|0|1|1|1|0|0|0|54.20020599999999|37.612308|0
venue_579b707c9cb538788c92fd61|dvorec-kultury-zheleznodorozhnikov-579b707c9cb538788c92fd61|Дворец культуры железнодорожников|THEATER|тула|Тула|1|1|1|1|1|1|1|0|0|1|54.191281|37.582547999999974|196
ven_ms_d1715c78f73360f4|tyumen-amfiteatr-nizhney-naberezhnoy|Амфитеатр нижней набережной|THEATER|тюмень|Тюмень|0|0|0|1|1|1|1|0|0|1|57.1555|65.53|0
ven_ms_9f15cd777455d118|tyumen-teatr-angazhement|Театр «Ангажемент»|THEATER|тюмень|Тюмень|0|0|0|1|1|1|1|0|0|1|57.12|65.57|0
ven_ms_6dac1c6129b4967e|tyumen-teatr-kukol|Театр кукол|THEATER|тюмень|Тюмень|0|0|0|1|1|1|1|0|0|1|57.149|65.535|0
ven_ms_fab22a28ba9f20a5|tyumen-tyumenskiy-dramaticheskiy-teatr|Тюменский большой драматический театр|THEATER|тюмень|Тюмень|0|0|0|1|1|1|1|0|0|1|57.1389|65.5697|0
venue_641411d6269698373119ebf6|мау-дворец-культуры-умр-641411d6269698373119ebf6|МАУ "Дворец культуры УМР"|THEATER|углич|Углич|1|1|0|0|1|1|1|0|0|0|57.53643269999999|38.3255994|0
venue_6a21329b6d6001ec54892591|dvorec-kultury-mashinostroitelei-6a21329b6d6001ec54892591|Дворец культуры Машиностроителей|THEATER|узловая|Узловая|1|1|0|1|1|1|1|0|0|1|53.97195630261713|38.16252887248993|0
venue_6abd44691144cc6ddcd684c8|мкду-клуб-1мая-6abd44691144cc6ddcd684c8|МКДУ Клуб 1Мая|THEATER|унеча|Унеча|1|1|0|0|1|1|1|0|0|0|52.8419608|32.661477|0
venue_66755330deb6c6a6d5caf762|мбук-межпоселенческии-центр-культуры-и-досуга-66755330deb6c6a6d5caf762|МБУК "Межпоселенческий центр культуры и досуга"|THEATER|усмань|Усмань|1|1|0|0|1|1|1|0|0|0|52.04194|39.7348787|0
venue_68f3651196a7309a3d63cea6|дворец-культуры-68f3651196a7309a3d63cea6|Дворец Культуры|THEATER|усолье-сибирское|Усолье-Сибирское|1|1|0|0|1|1|1|0|0|0|52.7565167|103.636437|0
venue_5ab8c93d515e35001b07c94c|дом-офицеров-уссурииского-гарнизона-5ab8c93d515e35001b07c94c|Дом офицеров Уссурийского гарнизона|THEATER|уссурииск|Уссурийск|1|1|0|0|1|1|1|0|0|0|43.7932812|131.94844079999996|0
venue_6aacdb2b54233187f8ce67c2|академия-игоря-крутого-6aacdb2b54233187f8ce67c2|Академия Игоря Крутого|THEATER|уфа|Уфа|1|1|0|0|1|1|1|0|0|0|54.771681368111174|56.01671728559482|24
ven_ms_d124eae63fe72c1b|ufa-bashkirskiy-teatr-dramy-gafuri|Башкирский государственный академический театр драмы им. Мажита Гафури|THEATER|уфа|Уфа|0|0|0|1|1|1|1|0|0|1|54.719612|55.940512|0
ven_ms_10e9b724cf4ee288|ufa-bashkirskiy-teatr-opery-i-baleta|Башкирский государственный театр оперы и балета|THEATER|уфа|Уфа|0|0|0|1|1|1|1|0|0|1|54.724312|55.943891|0
ven_ms_8f367f298bcab38d|ufa-muzey-roka-kinoteatr-rodina|Музей рока в кинотеатре «Родина»|THEATER|уфа|Уфа|0|0|0|1|1|1|1|0|0|1|54.728901|55.950112|0
ven_ms_1730f502f347d811|ufa-teatr-nur|Музыкально-драматический театр «Нур»|THEATER|уфа|Уфа|0|0|0|1|1|1|1|0|0|1|54.755891|56.022312|0
venue_6a12b25c19f79a6218231fc5|turbaza-sputnik-ul-zolotaya-1-s-efremkino-shirinskii-raion-hakasiya-6a12b25c19f79a6218231fc5|Турбаза «Спутник», ул. Золотая 1, с. Ефремкино, Ширинский район, Хакасия|THEATER|уфа|Уфа|0|0|0|1|1|1|1|0|0|1|54.452325064834184|89.44054715523993|72
venue_653b6f06aedc97553c5058c5|chastnyi-professionalnyi-teatr-the-teatr-653b6f06aedc97553c5058c5|Частный профессиональный театр The TEATR|THEATER|уфа|Уфа|1|1|0|1|1|1|1|0|0|1|54.73791199999999|55.94849199999999|0
venue_62fe5bb7a4c127565496c02d|дом-офицеров-вво-62fe5bb7a4c127565496c02d|Дом офицеров ВВО|THEATER|хабаровск|Хабаровск|1|1|0|0|1|1|1|0|0|0|48.4736294|135.0544828|0
venue_5c55830c6bc22f000bbaef3f|кдц-октябрь-5c55830c6bc22f000bbaef3f|КДЦ "Октябрь"|THEATER|ханты-мансииск|Ханты-Мансийск|1|1|0|0|1|1|1|0|0|0|61.004071|69.024539|40
venue_59706bbad35286001918f4d6|дворец-культуры-имени-в-и-чапаева-59706bbad35286001918f4d6|Дворец Культуры имени В.И. Чапаева|THEATER|чапаевск|Чапаевск|1|1|0|0|1|1|1|0|0|0|52.981952|49.711275|14
venue_6a0db36a395e957518d22cb9|ploschad-pered-chuvashskim-dramteatrom-6a0db36a395e957518d22cb9|Площадь перед Чувашским драмтеатром|THEATER|чебоксары|Чебоксары|0|0|0|1|1|1|1|0|0|1|56.1451135|47.250566|0
venue_6849bd1020fec209ef4a0875|horse-head-6849bd1020fec209ef4a0875|Horse Head|THEATER|челябинск|Челябинск|1|1|1|0|1|1|1|0|0|0|55.16784070000001|61.40655819999999|705
ven_ms_8342ffc24f093982|chelyabinsk-kamernyy-teatr|Камерный театр|THEATER|челябинск|Челябинск|0|0|0|1|1|1|1|0|0|1|55.165847|61.404314|0
ven_ms_a8f4a9a895c4935c|chelyabinsk-tyuz|Молодежный театр / ТЮЗ|THEATER|челябинск|Челябинск|0|0|0|1|1|1|1|0|0|1|55.164901|61.401891|0
ven_ms_c7f0816d27cb1a9e|chelyabinsk-teatr-kukol-volkhovskiy|Театр кукол «Вольховский»|THEATER|челябинск|Челябинск|0|0|0|1|1|1|1|0|0|1|55.171812|61.399212|0
ven_ms_471b6cc187a89f4d|chelyabinsk-teatr-opery-glinki|Театр оперы и балета им. Глинки|THEATER|челябинск|Челябинск|0|0|0|1|1|1|1|0|0|1|55.166912|61.401112|0
venue_6a12ae75e01daf730831b146|turbaza-sputnik-ul-zolotaya-1-s-efremkino-shirinskii-raion-hakasiya-6a12ae75e01daf730831b146|Турбаза «Спутник», ул. Золотая 1, с. Ефремкино, Ширинский район, Хакасия|THEATER|челябинск|Челябинск|0|0|0|1|1|1|1|0|0|1|54.45231892765537|89.44056522312283|72
venue_629babb938ab76bbb01e57a5|дк-металлургов-629babb938ab76bbb01e57a5|ДК Металлургов|THEATER|череповец|Череповец|1|1|0|0|1|1|1|0|0|0|59.120338|37.9015488|0
venue_6763d315ee3db77ecbe8fdea|камерныи-театр-6763d315ee3db77ecbe8fdea|Камерный театр|THEATER|череповец|Череповец|1|1|0|0|1|1|1|0|0|0|59.12462055304852|37.930073826551755|0
venue_6a12cf30fd090be008e4e6f6|turbaza-sputnik-ul-zolotaya-1-s-efremkino-shirinskii-raion-hakasiya-6a12cf30fd090be008e4e6f6|Турбаза «Спутник», ул. Золотая 1, с. Ефремкино, Ширинский район, Хакасия|THEATER|черногорск|Черногорск|0|0|0|1|1|1|1|0|0|1|54.45233294082095|89.44055668811924|72
venue_5be584c719f124000c046116|шахтинскии-драматическии-театр-5be584c719f124000c046116|Шахтинский драматический театр|THEATER|шахты|Шахты|1|1|0|0|1|1|1|0|0|0|47.70823|40.21018200000003|0
venue_5b73f56d153f5c001d79194e|раионныи-дом-культуры-рдк-5b73f56d153f5c001d79194e|Районный Дом Культуры/ РДК|THEATER|шексна|Шексна|1|1|0|0|1|1|1|0|0|0|59.2076376|38.51654289999999|0
venue_61e273f5f44883d8980a178c|мук-дворец-культуры-в-г-о-щербинка-в-г-москве-61e273f5f44883d8980a178c|МУК «Дворец Культуры в г.о. Щербинка в г. Москве»|THEATER|щербинка|Щербинка|1|1|0|0|1|1|1|0|0|0|55.500695|37.564423|0
venue_5c21151c7ae23f000bf5674d|щелковскии-центральныи-дворец-культуры-5c21151c7ae23f000bf5674d|Щёлковский Центральный Дворец Культуры|THEATER|щелково|Щёлково|0|0|0|0|1|1|1|0|0|0|55.92393358510706|37.976598143577576|0
venue_649459e771c0e68667770b22|государственныи-театр-оперы-и-балета-республики-саха-им-д-к-сивцева-суоруна-омоллоона-649459e771c0e68667770b22|Государственный театр оперы и балета Республики Саха им. Д.К.Сивцева-Суоруна Омоллоона|THEATER|якутск|Якутск|1|1|0|0|1|1|1|0|0|0|62.0233421|129.7188053|0
venue_59f3480ad352860019502c89|dvorec-molodezhi-byvsh-gigant-59f3480ad352860019502c89|Дворец Молодежи|THEATER|ярославль|Ярославль|1|1|0|1|1|1|1|0|0|1|57.63631299999999|39.86738450000007|0
venue_665700bbcdfc654207251930|kafe-galereya-lakruassan-665700bbcdfc654207251930|кафе-галерея "Лакруассан"|THEATER|ярославль|Ярославль|0|0|1|1|1|1|1|0|0|1|57.60730227897459|39.86419200897217|493
venue_6a3d4fa8083abeab34a7f2fa|monte-on-board-6a3d4fa8083abeab34a7f2fa|MONTE ON BOARD|VENUE|санкт-петербург|Санкт-Петербург|0|0|0|1|1|1|1|0|0|1|59.95767499999999|30.2363192|6
